id;Наименование товара;Размеры в наличии;Цена розница, руб.;Цена оптовая, руб.;Оптовая скидка;Картинка товара на сайте Lebuto.ru;Страница товара на сайте Lebuto.ru;Цвет товара;Скидка;Состав;Детальное описание;Верхний раздел каталога;Подраздел каталога
1;62-202 Пальто женское, утеплитель био-пух, d.navy;р.42;990;990;0;https://lebuto.ru/upload/iblock/555/167ad3ec_1750_11e6_894d_000c29cc4602_c2d15df3_a562_11e6_894d_000c29cc4602.jpeg;https://lebuto.ru/catalog/zhenskaya_odezhda_1/palto_1/palto_zimnee/62_202_palto_zhenskoe_uteplitel_bio_pukh_d_navy/;Синий;;верх: 100% полиэстер, подклад: 100% полиэстер наполнитель : 90% пух, 10%перо;;Женская одежда;Пальто зимнее
2;62-277 Пальто женское, утеплитель био-пух, beige;;1500;1200;;https://lebuto.ru/upload/iblock/d38/beptdp9whci1mcooli9eag706pg9fu2z/b994ad31_0074_11ef_8146_000c29cc4602_0e5a3b75_b845_11ef_816a_000c29cc4602.jpg;https://lebuto.ru/catalog/zhenskaya_odezhda_1/palto_1/palto_zimnee/62_277_palto_zhenskoe_uteplitel_bio_pukh_beige/;;;;;Женская одежда;Пальто зимнее
3;R-3601 Джинсы женские /25-30;25;;;;https://lebuto.ru/upload/iblock/076/famz7nagwv1lsnjkuqv2adqexyqh168q/e211e7a9_a721_11e6_894d_000c29cc4602_3999b87b_b6b6_11ef_8169_000c29cc4602.jpg;https://lebuto.ru/catalog/zhenskaya_odezhda_1/bryuki_1/bryuki_i_dzhinsy/r_3601_dzhinsy_zhenskie_25_30/;Синий;;100% хлопок;Утепленный Джинсы на флисе. Размер 42/44.;Женская одежда;Брюки и джинсы
4;Балаклава MM 231278 черный;one size;1000;800;20;https://lebuto.ru/upload/iblock/14f/4a45e335_44e4_11eb_80eb_000c29cc4602_a9404c8f_6134_11eb_80eb_000c29cc4602.jpeg;https://lebuto.ru/catalog/aksessuary_1/shapki_kepki_bandany/balaklava_max_mara_231278_chernyy/;Черный;;70% шерсть 30% акрил;;Аксессуары;Шапки, кепки, банданы
5;Бандана 8341 флис цветные;one size;200;160;16.67;https://lebuto.ru/upload/iblock/df4/f72132ad_afc7_11e7_8967_000c29cc4602_ac907100_1fd0_11ea_80e0_000c29cc4602.jpeg;https://lebuto.ru/catalog/aksessuary_1/shapki_kepki_bandany/bandany/bandana_8341_flis_tsvetnye/;цветная;;Полиэстер;;Аксессуары;Банданы
6;Бандана-шарф Б/Н 03677-01;one size;;;;https://lebuto.ru/upload/iblock/974/dlrk3ce7yoqyqvxxjfyti0s9lio9uzj8/8ecca668_874e_11ed_812d_000c29cc4602_2d57037b_b3a7_11ef_8168_000c29cc4602.jpg;https://lebuto.ru/catalog/aksessuary_1/shapki_kepki_bandany/bandany/bandana_sharf_b_n_03677_01/;хаки;;100% полиэстер;Бандана выполнена из комбинированых материалов: флис+текстиль 100% полиэстер.;Аксессуары;Банданы
7;Бандана-шарф Б/Н 03677-02;one size;;;;https://lebuto.ru/upload/iblock/10e/c41f8c08j2yi309c1jnwqw1uclso795d/b240ca19_874e_11ed_812d_000c29cc4602_0e08394c_b3a4_11ef_8168_000c29cc4602.jpg;https://lebuto.ru/catalog/aksessuary_1/shapki_kepki_bandany/bandany/bandana_sharf_b_n_03677_02/;хаки;;100% полиэстер;Бандана выполнена из комбинированых материалов: флис+текстиль 100% полиэстер.;Аксессуары;Банданы
8;Бандана-шарф Б/Н 03677-03;one size;;;;https://lebuto.ru/upload/iblock/fbe/wy211i5a6ss3whcshyxr5rzod2eo58fp/d82326ec_874e_11ed_812d_000c29cc4602_ec6ce298_b3a1_11ef_8168_000c29cc4602.jpg;https://lebuto.ru/catalog/aksessuary_1/shapki_kepki_bandany/bandany/bandana_sharf_b_n_03677_03/;голубой;;100% полиэстер;Бандана выполнена из комбинированых материалов: флис+текстиль 100% полиэстер.;Аксессуары;Банданы
9;Бандана-шарф Б/Н 03677-04;one size;;;;https://lebuto.ru/upload/iblock/3bc/t8d0vj2eonglhe2i47yot05sxti4utur/0776e2e3_874f_11ed_812d_000c29cc4602_aae6240c_b3a6_11ef_8168_000c29cc4602.jpg;https://lebuto.ru/catalog/aksessuary_1/shapki_kepki_bandany/bandany/bandana_sharf_b_n_03677_04/;цветная;;100% полиэстер;Бандана выполнена из комбинированых материалов: флис+текстиль 100% полиэстер.;Аксессуары;Банданы
10;Бандана-шарф Б/Н 03677-05;one size;;;;https://lebuto.ru/upload/iblock/fee/h0eza1a4r04uocj1nb6utcoyxti6ltr4/2c4faf4b_874f_11ed_812d_000c29cc4602_a9f4e9c4_b9d5_11ef_816a_000c29cc4602.jpg;https://lebuto.ru/catalog/aksessuary_1/shapki_kepki_bandany/bandany/bandana_sharf_b_n_03677_05/;розовый;;;;Аксессуары;Банданы
11;Бандана-шарф Б/Н 03677-06;one size;;;;https://lebuto.ru/upload/iblock/7e7/g9qhe3b7cktv4nhxu3neo5t4h9zt2fkn/526218a9_874f_11ed_812d_000c29cc4602_58f8ab5f_b3a5_11ef_8168_000c29cc4602.jpg;https://lebuto.ru/catalog/aksessuary_1/shapki_kepki_bandany/bandany/bandana_sharf_b_n_03677_06/;цветная;;100% полиэстер;Бандана выполнена из комбинированых материалов: флис+текстиль 100% полиэстер.;Аксессуары;Банданы
12;Бандана-шарф Б/Н 03677-07;one size;;;;https://lebuto.ru/upload/iblock/8f1/mqs2poqqa5vwef66wleq5r74qxcu9jqy/73b8036b_874f_11ed_812d_000c29cc4602_e29880ef_b3a4_11ef_8168_000c29cc4602.jpg;https://lebuto.ru/catalog/aksessuary_1/shapki_kepki_bandany/bandany/bandana_sharf_b_n_03677_07/;зеленый;;100% полиэстер;Бандана выполнена из комбинированых материалов: флис+текстиль 100% полиэстер.;Аксессуары;Банданы
13;Бандана-шарф Б/Н 03677-08;one size;;;;https://lebuto.ru/upload/iblock/350/otx3i3ykdtrrt7wvmizgtdxf0cakkpan/8f6c8c61_874f_11ed_812d_000c29cc4602_f8cde8f5_b3a6_11ef_8168_000c29cc4602.jpg;https://lebuto.ru/catalog/aksessuary_1/shapki_kepki_bandany/bandany/bandana_sharf_b_n_03677_08/;розовый;;100% полиэстер;Бандана выполнена из комбинированых материалов: флис+текстиль 100% полиэстер.;Аксессуары;Банданы
14;Бандана-шарф Б/Н 03677-09;one size;;;;https://lebuto.ru/upload/iblock/4b5/ja30h36qymj91g9lrpqcn9dlzt442vjw/b2229f88_874f_11ed_812d_000c29cc4602_e5fa2af7_b3a5_11ef_8168_000c29cc4602.jpg;https://lebuto.ru/catalog/aksessuary_1/shapki_kepki_bandany/bandany/bandana_sharf_b_n_03677_09/;цветная;;100% полиэстер;Бандана выполнена из комбинированых материалов: флис+текстиль 100% полиэстер.;Аксессуары;Банданы
15;Бандана-шарф Б/Н 03677-10;one size;;;;https://lebuto.ru/upload/iblock/dac/g3om23452fz8hz03l2uf6n2bv2ve6hrx/caf20a67_874f_11ed_812d_000c29cc4602_1711bf2c_b3a5_11ef_8168_000c29cc4602.jpg;https://lebuto.ru/catalog/aksessuary_1/shapki_kepki_bandany/bandany/bandana_sharf_b_n_03677_10/;цветная;;100% полиэстер;Бандана выполнена из комбинированых материалов: флис+текстиль 100% полиэстер.;Аксессуары;Банданы
16;Бандана-шарф Б/Н 03677-11;one size;;;;https://lebuto.ru/upload/iblock/47a/p82j45e9qe7xwue1d7kantszycl5cmj7/e9e53c3c_874f_11ed_812d_000c29cc4602_af1c1a10_b3a5_11ef_8168_000c29cc4602.jpg;https://lebuto.ru/catalog/aksessuary_1/shapki_kepki_bandany/bandany/bandana_sharf_b_n_03677_11/;Серый;;100% полиэстер;Бандана выполнена из комбинированых материалов: флис+текстиль 100% полиэстер.;Аксессуары;Банданы
17;Бандана-шарф Б/Н 03677-12;one size;200;160;;https://lebuto.ru/upload/iblock/faf/u0hctssrfphz1ai3rvuttcdjex4k96l1/0ae90390_8750_11ed_812d_000c29cc4602_56eeb4a7_b3a9_11ef_8168_000c29cc4602.jpg;https://lebuto.ru/catalog/aksessuary_1/shapki_kepki_bandany/bandany/bandana_sharf_b_n_03677_12/;цветная;;;;Аксессуары;Банданы
18;Бандана-шарф Б/Н 03677-13;one size;;;;https://lebuto.ru/upload/iblock/10c/giig0391y3ji8r6k2038gbyiv3no4rcc/2905c992_8750_11ed_812d_000c29cc4602_52c7b176_b3a7_11ef_8168_000c29cc4602.jpg;https://lebuto.ru/catalog/aksessuary_1/shapki_kepki_bandany/bandany/bandana_sharf_b_n_03677_13/;цветная;;100% полиэстер;Бандана выполнена из комбинированых материалов: флис+текстиль 100% полиэстер.;Аксессуары;Банданы
19;Бандана-шарф Б/Н 03677-14;one size;;;;https://lebuto.ru/upload/iblock/e97/33ia3b76l40sfrl7ix1el9617s7vxbtc/4979c586_8750_11ed_812d_000c29cc4602_527ad7e8_b3a0_11ef_8168_000c29cc4602.jpg;https://lebuto.ru/catalog/aksessuary_1/shapki_kepki_bandany/bandany/bandana_sharf_b_n_03677_14/;Синий;;;;Аксессуары;Банданы
20;Бандана-шарф Б/Н 03677-15;one size;;;;https://lebuto.ru/upload/iblock/d22/9ncsikc6vbeixwnkbwepdshhknao5yzj/5c8f74a2_8750_11ed_812d_000c29cc4602_4fd11d29_b3a4_11ef_8168_000c29cc4602.jpg;https://lebuto.ru/catalog/aksessuary_1/shapki_kepki_bandany/bandany/bandana_sharf_b_n_03677_15/;цветная;;100% полиэстер;Бандана выполнена из комбинированых материалов: флис+текстиль 100% полиэстер.;Аксессуары;Банданы
21;Берет Б/Н 52088 бирюзовый;one size;200;160;20;https://lebuto.ru/upload/iblock/bf8/b2i0zt6zr9it4tflr7oqdly4kq9r134k/da593c42_2a45_11ec_8100_000c29cc4602_a490f70e_58c2_11ec_8102_000c29cc4602.jpeg;https://lebuto.ru/catalog/aksessuary_1/shapki_kepki_bandany/shapki/beret_b_n_52088_biryuzovyy/;бирюзовый;;Полиэстер;;Аксессуары;Шапки
22;Блуза стрейч зелен. 5631;L;200;160;23.53;https://lebuto.ru/upload/iblock/7b2/b87392d9_5df7_11e5_bf6b_000c29cc4602_bfa47819_3940_11e7_9061_000c29cc4602.jpeg;https://lebuto.ru/catalog/zhenskaya_odezhda_1/mayki_topy_futbolki/bluza_streych_zelen_5631/;;;50% хлопок 50% полиэстер;;Женская одежда;Майки, топы, футболки
23;Блузка 115 подростковая школьная (белый) длинный рукав;XS/38::S/40::M/42::L/44::XL/46;400;299;25.25;https://lebuto.ru/upload/iblock/95d/a0311640_b7e3_11e3_9ffd_000c29cc46f8_8947c71b_b054_11ea_80e8_000c29cc4602.jpeg;https://lebuto.ru/catalog/devochkam_1/shkolnaya_forma_1/bluzka_115_podrostkovaya_shkolnaya_belyy_dlinnyy_rukav/;белый;;65% хлопок 32% нейлон 3% спандекс;р.XS(38) замеры по изделию: ширина груди 40 см., ширина талии 38 см., ширина бедер 44 см., длина спины 59 см., длина рукава 60 см.. ширина плеч 37 см., рост 153-158 р.S(40) замеры по изделию: ширина груди 42 см., ширина талии 40 см., ширина бедер 46 см., длина спины 59 см., длина рукава 60 см., ширина плеч 38 см., рост 153-158 р.М(42) замеры по изделию: ширина груди 44 см., ширина талии 42 см., ширина бедер 48 см., длина спины 60 см., длина рукава 62 см., ширина плеч 39 см., рост 155-160 р.L(44) замеры по изделию: ширина груди 46 см., ширина талии 44 см., ширина бедер 50 см., длина спины 60 см., длина рукава 62 см., ширина плеч 39,5 см., рост 155-160 р.XL (46) замеры по изделию: ширина груди 48 см., ширина талии 46 см., ширина бедер 52 см., длина спины 60 см., длина рукава 63 см., ширина плеч 40 см., рост 159-164 ;Девочкам;Школьная форма
24;Блузка 119 подростковая школьная (белый) длинный рукав;XS::S::M::L::XL;300;240;25.25;https://lebuto.ru/upload/iblock/49f/a0311647_b7e3_11e3_9ffd_000c29cc46f8_307581ac_b054_11ea_80e8_000c29cc4602.jpeg;https://lebuto.ru/catalog/devochkam_1/shkolnaya_forma_1/bluzka_119_podrostkovaya_shkolnaya_belyy_dlinnyy_rukav/;белый;;100% хлопок ;р.XS(38) замеры по изделию: ширина груди 40 см., ширина талии 38 см., ширина бедер 44 см., длина спины 59 см., длина рукава 60 см.. ширина плеч 37 см., рост 153-158 р.S(40) замеры по изделию: ширина груди 42 см., ширина талии 40 см., ширина бедер 46 см., длина спины 59 см., длина рукава 60 см., ширина плеч 38 см., рост 153-158 р.М(42) замеры по изделию: ширина груди 44 см., ширина талии 42 см., ширина бедер 48 см., длина спины 60 см., длина рукава 62 см., ширина плеч 39 см., рост 155-160 р.L(44) замеры по изделию: ширина груди 46 см., ширина талии 44 см., ширина бедер 50 см., длина спины 60 см., длина рукава 62 см., ширина плеч 39,5 см., рост 155-160 р.XL (46) замеры по изделию: ширина груди 48 см., ширина талии 46 см., ширина бедер 52 см., длина спины 60 см., длина рукава 63 см., ширина плеч 40 см., рост 159-164 ;Девочкам;Школьная форма
25;Блузка 1619 подростковая школьная (белый) длинный рукав;XS::S::M::L::XL;400;299;25.25;https://lebuto.ru/upload/iblock/e4c/a031164e_b7e3_11e3_9ffd_000c29cc46f8_a4352da2_b054_11ea_80e8_000c29cc4602.jpeg;https://lebuto.ru/catalog/devochkam_1/shkolnaya_forma_1/bluzka_1619_podrostkovaya_shkolnaya_belyy_dlinnyy_rukav/;белый;65;100% хлопок ;р.XS(38) замеры по изделию: ширина груди 40 см., ширина талии 38 см., ширина бедер 44 см., длина спины 59 см., длина рукава 60 см.. ширина плеч 37 см., рост 153-158 р.S(40) замеры по изделию: ширина груди 42 см., ширина талии 40 см., ширина бедер 46 см., длина спины 59 см., длина рукава 60 см., ширина плеч 38 см., рост 153-158 р.М(42) замеры по изделию: ширина груди 44 см., ширина талии 42 см., ширина бедер 48 см., длина спины 60 см., длина рукава 62 см., ширина плеч 39 см., рост 155-160 р.L(44) замеры по изделию: ширина груди 46 см., ширина талии 44 см., ширина бедер 50 см., длина спины 60 см., длина рукава 62 см., ширина плеч 39,5 см., рост 155-160 р.XL (46) замеры по изделию: ширина груди 48 см., ширина талии 46 см., ширина бедер 52 см., длина спины 60 см., длина рукава 63 см., ширина плеч 40 см., рост 159-164 ;Девочкам;Школьная форма
26;Блузка 5661 подростковая школьная (белый) длинный рукав;XS::XL;300;240;25.25;https://lebuto.ru/upload/iblock/53f/a0311639_b7e3_11e3_9ffd_000c29cc46f8_54bf7009_b054_11ea_80e8_000c29cc4602.jpeg;https://lebuto.ru/catalog/devochkam_1/shkolnaya_forma_1/bluzka_5661_podrostkovaya_shkolnaya_belyy_dlinnyy_rukav/;белый;;100% хлопок ;р.XS(38) замеры по изделию: ширина груди 40 см., ширина талии 38 см., ширина бедер 44 см., длина спины 59 см., длина рукава 60 см.. ширина плеч 37 см., рост 153-158 р.S(40) замеры по изделию: ширина груди 42 см., ширина талии 40 см., ширина бедер 46 см., длина спины 59 см., длина рукава 60 см., ширина плеч 38 см., рост 153-158 р.М(42) замеры по изделию: ширина груди 44 см., ширина талии 42 см., ширина бедер 48 см., длина спины 60 см., длина рукава 62 см., ширина плеч 39 см., рост 155-160 р.L(44) замеры по изделию: ширина груди 46 см., ширина талии 44 см., ширина бедер 50 см., длина спины 60 см., длина рукава 62 см., ширина плеч 39,5 см., рост 155-160 р.XL (46) замеры по изделию: ширина груди 48 см., ширина талии 46 см., ширина бедер 52 см., длина спины 60 см., длина рукава 63 см., ширина плеч 40 см., рост 159-164 ;Девочкам;Школьная форма
27;Блузка школьная TIGA 66987 бел.;11::13::15::17::19::9;300;240;25.25;https://lebuto.ru/upload/iblock/293/425f0f11_b7e3_11e3_9ffd_000c29cc46f8_a40cff02_88c1_11e8_9f15_000c29cc4602.jpeg;https://lebuto.ru/catalog/devochkam_1/shkolnaya_forma_1/bluzka_shkolnaya_tiga_66987_bel/;белый;;Хлопок 95%, Спандекс 5%;р.7 (24) - 3/4 ( 100/105) р.9(26)-- 4/5 лет (110/115 см) замеры по изделию: ширина груди 32, ширина талии 30, длина рукава 47, длина спины 45 р.11(28) -- 6 лет (115/120) замеры по изделию: ширина груди 33, ширина талии 31, длина рукава 49, длина спины 48 р.13(30) --7 лет (120/128)  замеры по изделию: ширина груди 34, ширина талии 32, длина рукава 51, длина спины 50 р.15(32)--8 лет (128/134)  замеры по изделию: ширина груди 35, ширина талии 33, длина рукава 54, длина спины 52 р.17(34)--9 лет (134/140)  замеры по изделию: ширина груди 37, ширина талии 35, длина рукава 56, длина спины 54 р.19(36)- 10 лет (140/145)  замеры по изделию: ширина груди 38, ширина талии 36, длина рукава 59, длина спины 58;Девочкам;Школьная форма
28;Блузка школьная TIGA В05 бел.;17::11::13::15;300;240;25.25;https://lebuto.ru/upload/iblock/5bb/425f0f19_b7e3_11e3_9ffd_000c29cc46f8_9a71a628_88c5_11e8_9f15_000c29cc4602.jpeg;https://lebuto.ru/catalog/devochkam_1/shkolnaya_forma_1/bluzka_shkolnaya_tiga_v05_bel/;белый;;Хлопок 95%, Спандекс 5%;р.7 (24) - 3/4 ( 100/105) р.9(26)-- 4/5 лет (110/115 см) замеры по изделию: ширина груди 32, ширина талии 30, длина рукава 47, длина спины 45 р.11(28) -- 6 лет (115/120) замеры по изделию: ширина груди 33, ширина талии 31, длина рукава 49, длина спины 48 р.13(30) --7 лет (120/128)  замеры по изделию: ширина груди 34, ширина талии 32, длина рукава 51, длина спины 50 р.15(32)--8 лет (128/134)  замеры по изделию: ширина груди 35, ширина талии 33, длина рукава 54, длина спины 52 р.17(34)--9 лет (134/140)  замеры по изделию: ширина груди 37, ширина талии 35, длина рукава 56, длина спины 54 р.19(36)- 10 лет (140/145)  замеры по изделию: ширина груди 38, ширина талии 36, длина рукава 59, длина спины 58;Девочкам;Школьная форма
29;Блузка школьная TIGA В06 бел.;11::13::7::9;300;240;25.25;https://lebuto.ru/upload/iblock/f3d/425f0f21_b7e3_11e3_9ffd_000c29cc46f8_c5ff6911_8989_11e8_9f15_000c29cc4602.jpeg;https://lebuto.ru/catalog/devochkam_1/shkolnaya_forma_1/bluzka_shkolnaya_tiga_v06_bel/;белый;;95% хлопок, 5% спандекс;р.7 (24) - 3/4 ( 100/105) р.9(26)-- 4/5 лет (110/115 см) замеры по изделию: ширина груди 32, ширина талии 30, длина рукава 47, длина спины 45 р.11(28) -- 6 лет (115/120) замеры по изделию: ширина груди 33, ширина талии 31, длина рукава 49, длина спины 48 р.13(30) --7 лет (120/128)  замеры по изделию: ширина груди 34, ширина талии 32, длина рукава 51, длина спины 50 р.15(32)--8 лет (128/134)  замеры по изделию: ширина груди 35, ширина талии 33, длина рукава 54, длина спины 52 р.17(34)--9 лет (134/140)  замеры по изделию: ширина груди 37, ширина талии 35, длина рукава 56, длина спины 54 р.19(36)- 10 лет (140/145)  замеры по изделию: ширина груди 38, ширина талии 36, длина рукава 59, длина спины 58;Девочкам;Школьная форма
30;Блузка школьная TIGA В07 бел.;11::13::15::17::9::19;300;240;25.25;https://lebuto.ru/upload/iblock/233/425f0f28_b7e3_11e3_9ffd_000c29cc46f8_52361a47_898a_11e8_9f15_000c29cc4602.jpeg;https://lebuto.ru/catalog/devochkam_1/shkolnaya_forma_1/bluzka_shkolnaya_tiga_v07_bel/;белый;;Хлопок 95%, Спандекс 5%;;Девочкам;Школьная форма
31;Блузка школьная TIGA В08 бел.;11::15::7::9;300;240;25.25;https://lebuto.ru/upload/iblock/27a/50c3e688_b7e3_11e3_9ffd_000c29cc46f8_33854d23_88c9_11e8_9f15_000c29cc4602.jpeg;https://lebuto.ru/catalog/devochkam_1/shkolnaya_forma_1/bluzka_shkolnaya_tiga_v08_bel/;белый;;Хлопок 95%, Спандекс 5%;р.7 (24) - 3/4 ( 100/105) р.9(26)-- 4/5 лет (110/115 см) замеры по изделию: ширина груди 32, ширина талии 30, длина рукава 47, длина спины 45 р.11(28) -- 6 лет (115/120) замеры по изделию: ширина груди 33, ширина талии 31, длина рукава 49, длина спины 48 р.13(30) --7 лет (120/128)  замеры по изделию: ширина груди 34, ширина талии 32, длина рукава 51, длина спины 50 р.15(32)--8 лет (128/134)  замеры по изделию: ширина груди 35, ширина талии 33, длина рукава 54, длина спины 52 р.17(34)--9 лет (134/140)  замеры по изделию: ширина груди 37, ширина талии 35, длина рукава 56, длина спины 54 р.19(36)- 10 лет (140/145)  замеры по изделию: ширина груди 38, ширина талии 36, длина рукава 59, длина спины 58;Девочкам;Школьная форма
32;Брюки A 168 св.серый;XL::5XL::2XL::3XL::4XL::7XL::8XL;800;640;;https://lebuto.ru/upload/iblock/e65/qx1uve0nsmzo0rxl5q9e071yw7rhx3xz/90dbe04e_1b05_11ee_8130_000c29cc4602_049732e7_ec0d_11ee_8142_000c29cc4602.jpg;https://lebuto.ru/catalog/muzhskaya_odezhda_1/bryuki/bryuki_sportivnye/bryuki_a_168_sv_seryy/;св.серый;;;Мужские брюки выполнены из тонкого трикотажа. Пояс и манжеты на трикотажной резинке.Объем пояса регулируется шнурком. Два боковых кармана на молнии, задний карман накладной.;Мужская одежда;Брюки спортивные
33;Брюки A 168 черный;XL::2XL::3XL::4XL::7XL;800;640;;https://lebuto.ru/upload/iblock/d87/emnbfl3s1lmabz3ktq2c0zceovm6sq19/180a7b31_1b04_11ee_8130_000c29cc4602_b4e9bd7e_ec0d_11ee_8142_000c29cc4602.jpg;https://lebuto.ru/catalog/muzhskaya_odezhda_1/bryuki/bryuki_sportivnye/bryuki_a_168_chernyy/;Черный;; 95% хлопок 5% эластан;Мужские брюки выполнены из тонкого трикотажа. Пояс и манжеты на трикотажной резинке.Объем пояса регулируется шнурком. Два боковых кармана на молнии, задний карман накладной.;Мужская одежда;Брюки спортивные
34;Брюки A 81044 св.серый;2XL::3XL::4XL::5XL;800;640;;https://lebuto.ru/upload/iblock/899/qlo11994dywvtcc1u7e1q44j1lmzav4w/0ef05b14_1af8_11ee_8130_000c29cc4602_8417198b_ec10_11ee_8142_000c29cc4602.jpg;https://lebuto.ru/catalog/muzhskaya_odezhda_1/bryuki/bryuki_sportivnye/bryuki_a_81044_sv_seryy/;св.серый;;51,1% хлопок 48,9% полиэстер;Мужские брюки выполнены из тонкого трикотажа. Пояс и манжеты на резинке.Объем пояса регулируется шнурком. Три кармана.;Мужская одежда;Брюки спортивные
35;Брюки A 81044 черный;XL::5XL::2XL::3XL::4XL;800;640;;https://lebuto.ru/upload/iblock/535/8jbsx3xg53raqegpmjdo5ar5uhr8pxa2/ace9d173_1af7_11ee_8130_000c29cc4602_01563d5a_ec11_11ee_8142_000c29cc4602.jpg;https://lebuto.ru/catalog/muzhskaya_odezhda_1/bryuki/bryuki_sportivnye/bryuki_a_81044_chernyy/;Черный;;51,1% хлопок 48,9% полиэстер;Мужские брюки выполнены из тонкого трикотажа. Пояс и манжеты на резинке.Объем пояса регулируется шнурком. Три кармана.;Мужская одежда;Брюки спортивные
36;Брюки B.A. 1038 бежевый;L;300;240;35.29;https://lebuto.ru/upload/iblock/1bd/012863b0_f47d_11e9_80de_000c29cc4602_d739ad9e_1b2f_11ea_80e0_000c29cc4602.jpeg;https://lebuto.ru/catalog/zhenskaya_odezhda_1/bryuki_1/bryuki_i_dzhinsy/bryuki_b_a_1038_bezhevyy/;бежевый;;хлопок, полиэстер;;Женская одежда;Брюки и джинсы
37;Брюки B.A. 1038 черный;L::XL;300;240;35.29;https://lebuto.ru/upload/iblock/05c/b399bc2a_f47c_11e9_80de_000c29cc4602_4170b821_1b30_11ea_80e0_000c29cc4602.jpeg;https://lebuto.ru/catalog/zhenskaya_odezhda_1/bryuki_1/bryuki_i_dzhinsy/bryuki_b_a_1038_chernyy/;Черный;;хлопок, полиэстер;;Женская одежда;Брюки и джинсы
38;Брюки BN 10186101805 Col.059;S;1900;1500;20;https://lebuto.ru/upload/iblock/068/068484318ae265ea4cf3fda31a68ae08.jpeg;https://lebuto.ru/catalog/muzhskaya_odezhda_1/bryuki/bryuki_gornolyzhnye/bryuki_burton_10186101805_col_059/;зеленый;;верх: 100% полиэстер, подклад: 100% полиэстер ( флис);;Мужская одежда;Брюки горнолыжные
39;Брюки Cse 2482 белый;L;700;560;33.94;https://lebuto.ru/upload/iblock/cb9/z5wt86rh26wedl297urth569f19chtr3/daa2b4da_12f4_11ed_812b_000c29cc4602_0e083388_1c5c_11ed_812b_000c29cc4602.jpeg;https://lebuto.ru/catalog/zhenskaya_odezhda_1/bryuki_1/bryuki_i_dzhinsy/bryuki_cse_2482_belyy/;белый;;хлопок;;Женская одежда;Брюки и джинсы
40;Брюки Cse 2482 красный;M::L;700;560;33.94;https://lebuto.ru/upload/iblock/f17/8u7scafxt4rhiizpdgbsd6fd9d2p8qt5/34973660_12f5_11ed_812b_000c29cc4602_164cff6f_1c5c_11ed_812b_000c29cc4602.jpeg;https://lebuto.ru/catalog/zhenskaya_odezhda_1/bryuki_1/bryuki_i_dzhinsy/bryuki_cse_2482_krasnyy/;красный;;хлопок;;Женская одежда;Брюки и джинсы
41;Брюки Cse 2482 св.серый;M;700;560;33.94;https://lebuto.ru/upload/iblock/a54/tz14eulk0lkrw0ua5xnbhimhxrhdnck0/0d502a43_12f5_11ed_812b_000c29cc4602_1a474c30_1c5c_11ed_812b_000c29cc4602.jpeg;https://lebuto.ru/catalog/zhenskaya_odezhda_1/bryuki_1/bryuki_i_dzhinsy/bryuki_cse_2482_sv_seryy/;св.серый;;хлопок;;Женская одежда;Брюки и джинсы
42;Брюки Cse 2482 черный;M::L;700;560;33.94;https://lebuto.ru/upload/iblock/27e/9euwz3frwt3fes4z8oy76l2tsb3bftki/557b9f3d_12f5_11ed_812b_000c29cc4602_26c0e1f8_1c5c_11ed_812b_000c29cc4602.jpeg;https://lebuto.ru/catalog/zhenskaya_odezhda_1/bryuki_1/bryuki_i_dzhinsy/bryuki_cse_2482_chernyy/;Черный;;хлопок;;Женская одежда;Брюки и джинсы
43;Брюки GS M`S PT 818 col: милитари;XL::M;2900;2320;41.85;https://lebuto.ru/upload/iblock/c75/1c0d4bdf_d5eb_11e9_80dc_000c29cc4602_b87f9982_e042_11e9_80dd_000c29cc4602.jpeg;https://lebuto.ru/catalog/muzhskaya_odezhda_1/bryuki/bryuki_gornolyzhnye/bryuki_gsou_snow_m_s_pt_818_col_militari/;хаки;;верх: 100% нейлон, подклад: 100% полиэстер (флис), наполнитель: 100% полиэстер;;Мужская одежда;Брюки горнолыжные
44;Брюки GS M`S PT 818 Col.BLU;XL;2900;2320;41.85;https://lebuto.ru/upload/iblock/e10/e101d4f7f77fc71b482c9554ec709220.jpeg;https://lebuto.ru/catalog/muzhskaya_odezhda_1/bryuki/bryuki_gornolyzhnye/bryuki_gsou_snow_m_s_pt_818_col_blu/;голубой;;Материал верха: 100% полиэстер, подклад: 100% полиэстер, отделка: 100% полиэстер.;;Мужская одежда;Брюки горнолыжные
45;Брюки GS M`S PT 818 color: CBL;S::L::XL::M;2900;2320;41.85;https://lebuto.ru/upload/iblock/384/776c102f_5a09_11eb_80eb_000c29cc4602_8f18040f_6cf3_11eb_80eb_000c29cc4602.jpeg;https://lebuto.ru/catalog/muzhskaya_odezhda_1/bryuki/bryuki_gornolyzhnye/bryuki_gsou_snow_m_s_pt_818_color_cbl/;бирюзовый;;верх: 100% полиэстер, наполнитель: 100% полиэстер, подклад: 100% полиэстер;;Мужская одежда;Брюки горнолыжные
46;Брюки HE 402 Deep blue;98;1320;1056;20;https://lebuto.ru/upload/iblock/f18/0cb113a9_d028_11e7_9fe4_000c29cc4602_a4d5b407_84c7_11e8_9f15_000c29cc4602.jpeg;https://lebuto.ru/catalog/malchikam_1/bryuki_2/bryuki_high_experience_402_deep_blue/;темно-синий;;верх: 100% нейлон, подклад: 100% полиэстер (флис), наполнитель: 100% полиэстер;;Мальчикам;Брюки
47;Брюки HE HKTG6716 Black;98;1500;1199;20.июль;https://lebuto.ru/upload/iblock/d41/65346f1c_dbf8_11e8_abe6_000c29cc4602_1fc912ae_f935_11e8_bdcd_000c29cc4602.jpeg;https://lebuto.ru/catalog/devochkam_1/bryuki_3/bryuki_high_experience_hktg6716_black/;Черный;;верх: 100% полиэстер, подклад: флис (100% полиэстер), наполнитель: 100% полиэстер;;Девочкам;Брюки
48;Брюки HE HKTG6716 Deep blue;98;1500;1199;20.июль;https://lebuto.ru/upload/iblock/ea0/b52355dc_dbf8_11e8_abe6_000c29cc4602_302dc902_f935_11e8_bdcd_000c29cc4602.jpeg;https://lebuto.ru/catalog/devochkam_1/bryuki_3/bryuki_high_experience_hktg6716_deep_blue/;темно-синий;;верх: 100% полиэстер, подклад: флис (100% полиэстер), наполнитель: 100% полиэстер;;Девочкам;Брюки
49;Брюки L.A. 225091 черный;M::L::XL::2XL;800;640;0;https://lebuto.ru/upload/iblock/050/j3j2fz5qne549npf8ci90rgfywzlovib/49025014_50d9_11ec_8101_000c29cc4602_885a7c4a_5113_11ec_8101_000c29cc4602.jpeg;https://lebuto.ru/catalog/muzhskaya_odezhda_1/bryuki/bryuki_sportivnye/bryuki_l_a_225091_chernyy/;Черный;;100% полиэстер;;Мужская одежда;Брюки спортивные
50;Брюки L.L. 8136 бледно-розовый;2XL::3XL;500;400;26.67;https://lebuto.ru/upload/iblock/0f7/nk24gbxj92x9vp31kuuu8fnyd000pwsa/72489bbe_b63f_11ec_811f_000c29cc4602_adf900a0_b7dd_11ec_811f_000c29cc4602.jpeg;https://lebuto.ru/catalog/zhenskaya_odezhda_1/bryuki_1/bryuki_i_dzhinsy/bryuki_l_l_8136_bledno_rozovyy/;св.розовый;;хлопок;;Женская одежда;Брюки и джинсы
51;Брюки MAYSON 1231-1 белый;M;400;320;25;https://lebuto.ru/upload/iblock/075/fece7969_7094_11e9_80d3_000c29cc4602_61bd0523_7620_11e9_80d3_000c29cc4602.jpeg;https://lebuto.ru/catalog/zhenskaya_odezhda_1/bryuki_1/bryuki_i_dzhinsy/bryuki_mayson_1231_1_belyy/;белый;;хлопок;;Женская одежда;Брюки и джинсы
52;Брюки MR 53064 св.розовый;36::38::40;1500;1200;20;https://lebuto.ru/upload/iblock/5c1/115a1099_606c_11eb_80eb_000c29cc4602_45ad232e_8ae1_11eb_80ed_000c29cc4602.jpeg;https://lebuto.ru/catalog/zhenskaya_odezhda_1/bryuki_1/bryuki_i_dzhinsy/bryuki_moncler_53064_sv_rozovyy/;св.розовый;;71% хлопок 23% полиэстер, 6% эластан;;Женская одежда;Брюки и джинсы
53;Брюки N 83036 св.серый;XL::2XL::4XL::5XL;800;640;;https://lebuto.ru/upload/iblock/e81/2bpk2y7hrtic0pwtrcodk1l3i2v2csow/4d4f811a_1aed_11ee_8130_000c29cc4602_0c1ced56_ec0f_11ee_8142_000c29cc4602.jpg;https://lebuto.ru/catalog/muzhskaya_odezhda_1/bryuki/bryuki_sportivnye/bryuki_n_83036_sv_seryy/;св.серый;;95% хлопок 5% спандекс;Мужские брюки выполнены из тонкого трикотажа. Пояс и манжеты на трикотажной резинке.Объем пояса регулируется шнурком. Два боковых кармана на молнии.;Мужская одежда;Брюки спортивные
54;Брюки N 83036 черный;XL::5XL::2XL::3XL::4XL;800;640;;https://lebuto.ru/upload/iblock/5e0/choay536w38hu27autskb1a95doljkbm/ea8d4b62_1aec_11ee_8130_000c29cc4602_603da6db_ec0f_11ee_8142_000c29cc4602.jpg;https://lebuto.ru/catalog/muzhskaya_odezhda_1/bryuki/bryuki_sportivnye/bryuki_n_83036_chernyy/;Черный;;95% хлопок 5% спандекс;Мужские брюки выполнены из тонкого трикотажа. Пояс и манжеты на трикотажной резинке.Объем пояса регулируется шнурком. Два боковых кармана на молнии.;Мужская одежда;Брюки спортивные
55;Брюки N 99366 св.серый;M;800;640;24.39;https://lebuto.ru/upload/iblock/a48/f7787d11_ee7f_11ea_80e9_000c29cc4602_de3d001a_f305_11ea_80e9_000c29cc4602.jpeg;https://lebuto.ru/catalog/muzhskaya_odezhda_1/bryuki/bryuki_sportivnye/bryuki_n_99366_sv_seryy/;св.серый;;50% хлопок, 50% полиэстер;;Мужская одежда;Брюки спортивные
56;Брюки N K202381 черный;XL::2XL::3XL;700;560;;https://lebuto.ru/upload/iblock/33e/lhd18dgpucutpdxoq3bbce1dy96vfiub/922e941c_1af9_11ee_8130_000c29cc4602_e7ab36d7_ec13_11ee_8142_000c29cc4602.jpg;https://lebuto.ru/catalog/zhenskaya_odezhda_1/bryuki_1/bryuki_sportivnye_1/bryuki_n_k202381_chernyy/;Черный;;100% полиэстер;Брюки выполнены из плотного трикотажа. Пояс и манжеты на резинке. Объем пояса регулируется шнурком. Три кармана.;Женская одежда;Брюки спортивные
57;Брюки O-W 18276 оранжевый;M;800;640;24.39;https://lebuto.ru/upload/iblock/efe/1b177eb4_ee81_11ea_80e9_000c29cc4602_07173ed8_f304_11ea_80e9_000c29cc4602.jpeg;https://lebuto.ru/catalog/muzhskaya_odezhda_1/bryuki/bryuki_sportivnye/bryuki_o_w_18276_oranzhevyy/;оранжевый;;хлопок, полиэстер;;Мужская одежда;Брюки спортивные
58;Брюки QR 09241черн.;S::L::XL;1500;990;20;https://lebuto.ru/upload/iblock/a72/a7262484853c703ca284ae1f9f885a78.jpeg;https://lebuto.ru/catalog/muzhskaya_odezhda_1/bryuki/bryuki_gornolyzhnye/bryuki_quiksilver_09241chern/;Черный;;верх: 100% полиэстер, подклад: 100% полиэстер, наполнитель: 100% полиэстер;;Мужская одежда;Брюки горнолыжные
59;Брюки QR JQPT060-BLK;L::S::M::XL;900;690;20.февр;https://lebuto.ru/upload/iblock/028/d577d110_b7e2_11e3_9ffd_000c29cc46f8_f0ee9087_ae3e_11eb_80ed_000c29cc4602.jpeg;https://lebuto.ru/catalog/muzhskaya_odezhda_1/bryuki/bryuki_gornolyzhnye/bryuki_quiksilver_jqpt060_blk/;Черный;;верх: 100% полиэстер, подклад: 100% полиэстер, наполнитель: 100% полиэстер;;Мужская одежда;Брюки горнолыжные
60;Брюки QR JQPT060-GRY.;M;900;690;20.февр;https://lebuto.ru/upload/iblock/b7f/b7fe49fd76c4e6200fba8ad51540ee2b.jpeg;https://lebuto.ru/catalog/muzhskaya_odezhda_1/bryuki/bryuki_gornolyzhnye/bryuki_quiksilver_jqpt060_gry/;Серый;;верх: 100% полиэстер, подклад: 100% полиэстер, наполнитель: 100% полиэстер;;Мужская одежда;Брюки горнолыжные
61;Брюки QR JQPT060-SMK;M;900;690;20.февр;https://lebuto.ru/upload/iblock/dfb/dfb35711f398d9b8351866a4b2027150.jpeg;https://lebuto.ru/catalog/muzhskaya_odezhda_1/bryuki/bryuki_gornolyzhnye/bryuki_quiksilver_jqpt060_smk/;Серый;;верх: 100% полиэстер, подклад: 100% полиэстер, наполнитель: 100% полиэстер;;Мужская одежда;Брюки горнолыжные
62;Брюки S.M.N. SMN-1820 col: BLK;L::XS::XL;2900;2320;27.89;https://lebuto.ru/upload/iblock/9c4/f8fe785e_2a39_11eb_80e9_000c29cc4602_28ba6599_2fb5_11eb_80e9_000c29cc4602.jpeg;https://lebuto.ru/catalog/zhenskaya_odezhda_1/bryuki_1/bryuki_gornolyzhnye_2/bryuki_s_m_n_smn_1820_col_blk/;Черный;;верх: 100% полиэстер, подклад: 100% полиэстер, наполнитель: 100% полиэстер;;Женская одежда;Брюки горнолыжные
63;Брюки S.M.N. SMN-1820 col: CBL;XL;2900;2320;34.65;https://lebuto.ru/upload/iblock/32b/a19145dd_2a39_11eb_80e9_000c29cc4602_5d2dc56a_2fb8_11eb_80e9_000c29cc4602.jpeg;https://lebuto.ru/catalog/zhenskaya_odezhda_1/bryuki_1/bryuki_gornolyzhnye_2/bryuki_s_m_n_smn_1820_col_cbl/;голубой;;верх: 100% полиэстер, наполнитель: 100% полиэстер, подклад: 100% полиэстер;;Женская одежда;Брюки горнолыжные
64;Брюки S.M.N. SMN-1820 col: PNK;XS::M::XL;2900;2320;27.89;https://lebuto.ru/upload/iblock/685/dc3ff998_2a38_11eb_80e9_000c29cc4602_0537b2c9_2fb8_11eb_80e9_000c29cc4602.jpeg;https://lebuto.ru/catalog/zhenskaya_odezhda_1/bryuki_1/bryuki_gornolyzhnye_2/bryuki_s_m_n_smn_1820_col_pnk/;розовый;;верх: 100% полиэстер, наполнитель: 100% полиэстер, подклад: 100% полиэстер;;Женская одежда;Брюки горнолыжные
65;Брюки S.M.N. SMN-1820 col: PRP;S::XS::XL;2900;2320;27.89;https://lebuto.ru/upload/iblock/382/6bb17012_2a39_11eb_80e9_000c29cc4602_30d88ca4_2fb8_11eb_80e9_000c29cc4602.jpeg;https://lebuto.ru/catalog/zhenskaya_odezhda_1/bryuki_1/bryuki_gornolyzhnye_2/bryuki_s_m_n_smn_1820_col_prp/;фиолетовый;;верх: 100% полиэстер, наполнитель: 100% полиэстер, подклад: 100% полиэстер;;Женская одежда;Брюки горнолыжные
66;Брюки S.M.N. SMN-1820 col: WHT;XL;2900;2320;34.65;https://lebuto.ru/upload/iblock/801/1eba2956_2a39_11eb_80e9_000c29cc4602_813c7e77_2fb8_11eb_80e9_000c29cc4602.jpeg;https://lebuto.ru/catalog/zhenskaya_odezhda_1/bryuki_1/bryuki_gornolyzhnye_2/bryuki_s_m_n_smn_1820_col_wht/;белый;;верх: 100% полиэстер, подклад: 100% полиэстер, наполнитель: 100% полиэстер;;Женская одежда;Брюки горнолыжные
67;Брюки SPEED BOBO 53091 зеленый;M::L;500;400;20.83;https://lebuto.ru/upload/iblock/f82/27e5ffb7_afa4_11ea_80e8_000c29cc4602_abc01a92_bab3_11ea_80e9_000c29cc4602.jpeg;https://lebuto.ru/catalog/zhenskaya_odezhda_1/bryuki_1/bryuki_i_dzhinsy/bryuki_speed_bobo_53091_zelenyy/;зеленый;;95% хлопок, 5% полиэстер;;Женская одежда;Брюки и джинсы
68;Брюки SPEED BOBO 53091 оранжевый;M::L;500;400;20.83;https://lebuto.ru/upload/iblock/ff7/64715eb7_afa5_11ea_80e8_000c29cc4602_623564cf_9773_11eb_80ed_000c29cc4602.jpeg;https://lebuto.ru/catalog/zhenskaya_odezhda_1/bryuki_1/bryuki_i_dzhinsy/bryuki_speed_bobo_53091_oranzhevyy/;оранжевый;;95% хлопок, 5% полиэстер;;Женская одежда;Брюки и джинсы
69;Брюки SPEED BOBO 53091 розовый;L;500;400;20.83;https://lebuto.ru/upload/iblock/c4d/d8778f7a_afa4_11ea_80e8_000c29cc4602_bc1c4517_bab3_11ea_80e9_000c29cc4602.jpeg;https://lebuto.ru/catalog/zhenskaya_odezhda_1/bryuki_1/bryuki_i_dzhinsy/bryuki_speed_bobo_53091_rozovyy/;розовый;;95% хлопок, 5% полиэстер;;Женская одежда;Брюки и джинсы
70;Брюки TNF 07 черный;;900;720;;https://lebuto.ru/upload/iblock/e4c/r18eoudb8mqghqm2svn43a3sulislrtn/bbd53803_0075_11ef_8146_000c29cc4602_a5296aa0_b796_11ef_816a_000c29cc4602.jpg;https://lebuto.ru/catalog/zhenskaya_odezhda_1/bryuki_1/bryuki_i_dzhinsy/bryuki_tnf_07_chernyy/;Черный;;хлопок;Брюки виндстопер.;Женская одежда;Брюки и джинсы
71;Брюки TNF 26040 black;XL::M::L::2XL::3XL::4XL;900;700;;https://lebuto.ru/upload/iblock/2c8/z686820ivehlm44yhnlo7rgof39ovp73/d587cd11_1ae6_11ee_8130_000c29cc4602_6c1836d8_ec0e_11ee_8142_000c29cc4602.jpg;https://lebuto.ru/catalog/muzhskaya_odezhda_1/bryuki/bryuki_sportivnye/bryuki_tnf_26040_black/;Черный;;76,8% хлопок 19%полиэстер 4,2% спандекс;Мужские брюки выполнены из тонкого трикотажа. Пояс и манжеты на резинке.Объем пояса регулируется шнурком. Три кармана.;Мужская одежда;Брюки спортивные
72;Брюки TNF 26040 бежевый;XL::M::L::2XL::3XL::4XL;900;700;;https://lebuto.ru/upload/iblock/02b/v81zkrsm4tj9a92gipkt3nn2v532f2nf/3e014027_1ae7_11ee_8130_000c29cc4602_dff72747_ec07_11ee_8142_000c29cc4602.jpg;https://lebuto.ru/catalog/muzhskaya_odezhda_1/bryuki/bryuki_sportivnye/bryuki_tnf_26040_bezhevyy/;бежевый;;76,8% хлопок 19%полиэстер 4,2% спандекс;Мужские брюки выполнены из тонкого трикотажа. Пояс и манжеты на резинке.Объем пояса регулируется шнурком. Три кармана.;Мужская одежда;Брюки спортивные
73;Брюки TNF 26040 св.серый;XL::M::L::2XL::3XL::4XL;900;700;;https://lebuto.ru/upload/iblock/b90/xnji82feq30dvxd5li9z5q8445b2w19j/849c079b_1ae7_11ee_8130_000c29cc4602_428fb409_ec08_11ee_8142_000c29cc4602.jpg;https://lebuto.ru/catalog/muzhskaya_odezhda_1/bryuki/bryuki_sportivnye/bryuki_tnf_26040_sv_seryy/;св.серый;;76,8% хлопок 19%полиэстер 4,2% спандекс;Мужские брюки выполнены из тонкого трикотажа. Пояс и манжеты на резинке.Объем пояса регулируется шнурком. Три кармана.;Мужская одежда;Брюки спортивные
74;Брюки UA 62386 св.серый;XL::2XL::3XL::4XL::5XL;800;640;;https://lebuto.ru/upload/iblock/384/umbmr1nxr39t5tll36x4d1sqzsrmareq/7fec4d99_1af6_11ee_8130_000c29cc4602_762c40ab_ec11_11ee_8142_000c29cc4602.jpg;https://lebuto.ru/catalog/muzhskaya_odezhda_1/bryuki/bryuki_sportivnye/bryuki_ua_62386_sv_seryy/;св.серый;;70% хлопок, 25% полиэстер, 5% спандекс;Мужские брюки выполнены из тонкого трикотажа. Пояс и манжеты на резинке.Объем пояса регулируется шнурком. Три кармана.;Мужская одежда;Брюки спортивные
75;Брюки UA 62386 черный;XL::5XL::2XL::3XL::4XL;800;560;;https://lebuto.ru/upload/iblock/4bb/n3mvsn0z3ypojcf3ags2lctwjvynutwz/22c1c1b4_1af6_11ee_8130_000c29cc4602_030d6661_ec12_11ee_8142_000c29cc4602.jpg;https://lebuto.ru/catalog/muzhskaya_odezhda_1/bryuki/bryuki_sportivnye/bryuki_ua_62386_chernyy/;Черный;;70% хлопок 25% полиэстер 5% спандекс;Мужские брюки выполнены из тонкого трикотажа. Пояс и манжеты на резинке.Объем пояса регулируется шнурком. Три кармана.;Мужская одежда;Брюки спортивные
76;Брюки WR 520207 Color: Y03;46;2900;2320;38.72;https://lebuto.ru/upload/iblock/a6b/myx6lbn418r91k5yf3o68j3ug62ex8ma/eeabd7ad_4901_11ec_8101_000c29cc4602_40e02c30_a5d7_11ec_811f_000c29cc4602.jpeg;https://lebuto.ru/catalog/muzhskaya_odezhda_1/bryuki/bryuki_gornolyzhnye/bryuki_whs_roma_520207_color_y03/;желтый;;100% полиэстер;;Мужская одежда;Брюки горнолыжные
77;Брюки WR 520207F color: R01;50::46::48;2900;2320;20;https://lebuto.ru/upload/iblock/484/r2ju2hfsvp1u8wbf7un98qcz0nrnoljc/d7c047a7_1a07_11ed_812b_000c29cc4602_7f5230f0_438f_11ed_812b_000c29cc4602.jpeg;https://lebuto.ru/catalog/muzhskaya_odezhda_1/bryuki/bryuki_gornolyzhnye/bryuki_whs_roma_520207f_color_r01/;красный;;100% полиэстер;;Мужская одежда;Брюки горнолыжные
78;Брюки WR 521203 Color:Y03;46;2900;2320;20;https://lebuto.ru/upload/iblock/672/56xehea3k93q20fklgml9fze85pxyv0q/38cd41fc_4900_11ec_8101_000c29cc4602_3a38e49a_511a_11ec_8101_000c29cc4602.jpeg;https://lebuto.ru/catalog/muzhskaya_odezhda_1/bryuki/bryuki_gornolyzhnye/bryuki_whs_roma_521203_color_y03/;желтый;;верх: 100% полиэстер, подклад: 100% полиэстер, наполнитель: 100% полиэстер;;Мужская одежда;Брюки горнолыжные
79;Брюки WR 521203B Color:H01;62::64;2900;2320;20;https://lebuto.ru/upload/iblock/bcf/1b7iyhmkzmue9wd8jnnrzeimcoicxcjk/c12d74d6_4904_11ec_8101_000c29cc4602_4ed1b747_511a_11ec_8101_000c29cc4602.jpeg;https://lebuto.ru/catalog/muzhskaya_odezhda_1/bryuki/bryuki_gornolyzhnye/bryuki_whs_roma_521203b_color_h01/;т.серый;;верх: 100% полиэстер, подклад: 100% полиэстер, наполнитель: 100% полиэстер;;Мужская одежда;Брюки горнолыжные
80;Брюки WR 5212103 color: B01;46;2900;2320;38.72;https://lebuto.ru/upload/iblock/e97/cpd2jtjkawawbm9eaq1uvrdvtirxh17j/b9cfad41_271e_11ec_80fe_000c29cc4602_2a5a50af_34db_11ec_8101_000c29cc4602.jpeg;https://lebuto.ru/catalog/muzhskaya_odezhda_1/bryuki/bryuki_gornolyzhnye/bryuki_whs_roma_5212103_color_b01/;Черный;;верх: 100% полиэстер, подклад: 100% полиэстер, наполнитель: 100% полиэстер;;Мужская одежда;Брюки горнолыжные
81;Брюки WR 540701 color: R02;36;2500;1999;20.апр;https://lebuto.ru/upload/iblock/12c/a0c99bf8_e1ec_11ea_80e9_000c29cc4602_056aa012_6d18_11eb_80eb_000c29cc4602.jpeg;https://lebuto.ru/catalog/malchikam_1/bryuki_2/bryuki_whs_roma_540701_color_r02/;красный;;верх: 100% полиэстер, подклад: 100% полиэстер, наполнитель: 100% полиэстер;;Мальчикам;Брюки
82;Брюки WR 540701 color: Y03;36;2500;1999;20.апр;https://lebuto.ru/upload/iblock/bff/f7eed15f_e1ea_11ea_80e9_000c29cc4602_cb3cbcad_6d17_11eb_80eb_000c29cc4602.jpeg;https://lebuto.ru/catalog/malchikam_1/bryuki_2/bryuki_whs_roma_540701_color_y03/;желтый;;верх: 100% полиэстер, подклад: 100% полиэстер, наполнитель: 100% полиэстер;;Мальчикам;Брюки
83;Брюки WR 561204 color: G17;44::42::52;3200;2560;27.89;https://lebuto.ru/upload/iblock/4dd/tz96t76rmtz73lx34mfyge845o9jijsu/eaf43aff_48f3_11ec_8101_000c29cc4602_797eb831_511a_11ec_8101_000c29cc4602.jpeg;https://lebuto.ru/catalog/zhenskaya_odezhda_1/bryuki_1/bryuki_gornolyzhnye_2/bryuki_whs_roma_561204_color_g17/;бирюзовый;;верх: 100% полиэстер, подклад: 100% полиэстер, наполнитель: 100% полиэстер;;Женская одежда;Брюки горнолыжные
84;Брюки WR 561204 color: L03;42::46::44;3200;2560;27.89;https://lebuto.ru/upload/iblock/e60/x5ti5jub8s7apa76lx0vf41z16o8lud9/20014b44_1a07_11ed_812b_000c29cc4602_3e3f316e_438f_11ed_812b_000c29cc4602.jpeg;https://lebuto.ru/catalog/zhenskaya_odezhda_1/bryuki_1/bryuki_gornolyzhnye_2/bryuki_whs_roma_561204_color_l03/;темно-синий;;100% полиэстер;;Женская одежда;Брюки горнолыжные
85;Брюки WR 561204 color: O04;42::44::46::48::52;3200;2560;27.89;https://lebuto.ru/upload/iblock/863/39vt1mdnln079t5lkly75f3kyj4ktb5b/0962e860_4760_11ec_8101_000c29cc4602_8cece961_511a_11ec_8101_000c29cc4602.jpeg;https://lebuto.ru/catalog/zhenskaya_odezhda_1/bryuki_1/bryuki_gornolyzhnye_2/bryuki_whs_roma_561204_color_o04/;бордовый;;верх: 100% полиэстер, подклад: 100% полиэстер, наполнитель: 100% полиэстер;;Женская одежда;Брюки горнолыжные
86;Брюки WR 561204 color: P12;46::42::44::50::52;3200;2560;27.89;https://lebuto.ru/upload/iblock/dec/wab5x2apxfhlzbxuu29imen3c72oogb5/de3bafea_48f2_11ec_8101_000c29cc4602_a0c21b50_511a_11ec_8101_000c29cc4602.jpeg;https://lebuto.ru/catalog/zhenskaya_odezhda_1/bryuki_1/bryuki_gornolyzhnye_2/bryuki_whs_roma_561204_color_p12/;св.розовый;50;верх: 100% полиэстер, подклад: 100% полиэстер, наполнитель: 100% полиэстер;;Женская одежда;Брюки горнолыжные
87;Брюки WR 561204 color: R02;42::50::52;3200;2560;27.89;https://lebuto.ru/upload/iblock/668/5ohtqi1zzqvqqw8utze2pl8dpgl0ogv7/81c708aa_48f2_11ec_8101_000c29cc4602_a9260e90_511a_11ec_8101_000c29cc4602.jpeg;https://lebuto.ru/catalog/zhenskaya_odezhda_1/bryuki_1/bryuki_gornolyzhnye_2/bryuki_whs_roma_561204_color_r02/;красный;;верх: 100% полиэстер, подклад: 100% полиэстер, наполнитель: 100% полиэстер;;Женская одежда;Брюки горнолыжные
88;Брюки WR 561204 color: Z08;42::52::44;3200;2560;27.89;https://lebuto.ru/upload/iblock/fa1/a0p4hg0oc8bkza5ek7djyu7mcsr7i5nk/3416f14b_48f3_11ec_8101_000c29cc4602_bde5a478_511a_11ec_8101_000c29cc4602.jpeg;https://lebuto.ru/catalog/zhenskaya_odezhda_1/bryuki_1/bryuki_gornolyzhnye_2/bryuki_whs_roma_561204_color_z08/;сирень;;верх: 100% полиэстер, подклад: 100% полиэстер, наполнитель: 100% полиэстер;;Женская одежда;Брюки горнолыжные
89;Брюки WR 561206 color: L02;44::42::50;3200;2560;27.89;https://lebuto.ru/upload/iblock/825/fobwc4oa5ar09svachtbwcddadexi43r/f4e3085c_4843_11ec_8101_000c29cc4602_6a43daed_511b_11ec_8101_000c29cc4602.jpeg;https://lebuto.ru/catalog/zhenskaya_odezhda_1/bryuki_1/bryuki_gornolyzhnye_2/bryuki_whs_roma_561206_color_l02/;голубой;;верх: 100% полиэстер, подклад: 100% полиэстер, наполнитель: 100% полиэстер;;Женская одежда;Брюки горнолыжные
90;Брюки WR 561206 color: P01;52::46::42::44::50;3200;2560;27.89;https://lebuto.ru/upload/iblock/acb/bb36paj6t1u3tqo63y6an6iqyrn0nh8y/5a6fade5_4845_11ec_8101_000c29cc4602_7368b0aa_511b_11ec_8101_000c29cc4602.jpeg;https://lebuto.ru/catalog/zhenskaya_odezhda_1/bryuki_1/bryuki_gornolyzhnye_2/bryuki_whs_roma_561206_color_p01/;св.розовый;;верх: 100% полиэстер, подклад: 100% полиэстер, наполнитель: 100% полиэстер;;Женская одежда;Брюки горнолыжные
91;Брюки WR 561206 color: P14;44::42::46;3200;2560;27.89;https://lebuto.ru/upload/iblock/9fc/muuyhqe830482i6cf17qetilwe3e5yqx/0ad8acb0_4845_11ec_8101_000c29cc4602_7ddc02f8_511b_11ec_8101_000c29cc4602.jpeg;https://lebuto.ru/catalog/zhenskaya_odezhda_1/bryuki_1/bryuki_gornolyzhnye_2/bryuki_whs_roma_561206_color_p14/;оранжевый;;верх: 100% полиэстер, подклад: 100% полиэстер, наполнитель: 100% полиэстер;;Женская одежда;Брюки горнолыжные
92;Брюки WR 5612102 color: K02;44::50;3200;2560;34.65;https://lebuto.ru/upload/iblock/5ca/xfp12jbyzj6ijrpuubusdth7jkqyx7rz/33b25a62_4841_11ec_8101_000c29cc4602_d7658d15_511b_11ec_8101_000c29cc4602.jpeg;https://lebuto.ru/catalog/zhenskaya_odezhda_1/bryuki_1/bryuki_gornolyzhnye_2/bryuki_whs_roma_5612102_color_k02/;бежевый;;верх: 100% полиэстер, подклад: 100% полиэстер, наполнитель: 100% полиэстер;;Женская одежда;Брюки горнолыжные
93;Брюки WR 5612102 color: L04;50;3200;2560;27.89;https://lebuto.ru/upload/iblock/d3a/kemc1dthfpw61ulhatpyzok0i08izz1g/be96c02e_48f4_11ec_8101_000c29cc4602_e5f52e6f_511b_11ec_8101_000c29cc4602.jpeg;https://lebuto.ru/catalog/zhenskaya_odezhda_1/bryuki_1/bryuki_gornolyzhnye_2/bryuki_whs_roma_5612102_color_l04/;Синий;;верх: 100% полиэстер, подклад: 100% полиэстер, наполнитель: 100% полиэстер;;Женская одежда;Брюки горнолыжные
94;Брюки WR 5612102 color: O04;44::52;3200;2560;34.65;https://lebuto.ru/upload/iblock/c0d/78eecgjgprhx4hiasox285xbzfjta9l4/5be1fb06_4840_11ec_8101_000c29cc4602_f28b422f_511b_11ec_8101_000c29cc4602.jpeg;https://lebuto.ru/catalog/zhenskaya_odezhda_1/bryuki_1/bryuki_gornolyzhnye_2/bryuki_whs_roma_5612102_color_o04/;бордовый;;верх: 100% полиэстер, подклад: 100% полиэстер, наполнитель: 100% полиэстер;;Женская одежда;Брюки горнолыжные
95;Брюки WR 628204 Color: B01;42;800;600;24;https://lebuto.ru/upload/iblock/e78/3a5a14c9_1549_11e8_b359_000c29cc4602_9e1523c1_8b2c_11e8_9f15_000c29cc4602.jpeg;https://lebuto.ru/catalog/zhenskaya_odezhda_1/bryuki_1/bryuki_sportivnye_1/bryuki_whs_roma_628204_color_b01/;Черный;;100% нейлон;;Женская одежда;Брюки спортивные
96;Брюки WR 628204 Color: L03;42;900;720;24;https://lebuto.ru/upload/iblock/314/99a9f9af_1549_11e8_b359_000c29cc4602_c54aac98_c36c_11eb_80f1_000c29cc4602.jpeg;https://lebuto.ru/catalog/zhenskaya_odezhda_1/bryuki_1/bryuki_sportivnye_1/bryuki_whs_roma_628204_color_l03/;темно-синий;;верх: 100% полиэстер, подклад: 100% полиэстер, утеплитель: 100% полиэстер;;Женская одежда;Брюки спортивные
97;Брюки WR 728402 Color: B01;42::44::46;1300;1040;25;https://lebuto.ru/upload/iblock/1b0/c8caea94_8bda_11e8_9f15_000c29cc4602_c971e1d7_a445_11e8_9f15_000c29cc4602.jpeg;https://lebuto.ru/catalog/zhenskaya_odezhda_1/bryuki_1/bryuki_sportivnye_1/bryuki_whs_roma_728402_color_b01/;Черный;;верх, подклад: 100% полиэстер;;Женская одежда;Брюки спортивные
98;Брюки WR T520207 color: H01;46;2900;2320;38.67;https://lebuto.ru/upload/iblock/de9/b3d9fc39_09fd_11eb_80e9_000c29cc4602_3a196df6_19ca_11eb_80e9_000c29cc4602.jpeg;https://lebuto.ru/catalog/muzhskaya_odezhda_1/bryuki/bryuki_gornolyzhnye/bryuki_whs_roma_t520207_color_h01/;темно-серый;;верх: 100% полиэстер, подклад: 100% полиэстер, наполнитель: 100% полиэстер;;Мужская одежда;Брюки горнолыжные
99;Брюки WR T520207 color: L03;46;2900;2320;20;https://lebuto.ru/upload/iblock/99d/0bb8bc01_09fd_11eb_80e9_000c29cc4602_52f02254_19ca_11eb_80e9_000c29cc4602.jpeg;https://lebuto.ru/catalog/muzhskaya_odezhda_1/bryuki/bryuki_gornolyzhnye/bryuki_whs_roma_t520207_color_l03/;темно-синий;;верх: 100% полиэстер, подклад: 100% полиэстер, наполнитель: 100% полиэстер;;Мужская одежда;Брюки горнолыжные
100;Брюки WR T520207B color: B01;62;2900;2320;38.72;https://lebuto.ru/upload/iblock/3d4/6e91207d_0c59_11eb_80e9_000c29cc4602_a330d3b5_19ca_11eb_80e9_000c29cc4602.jpeg;https://lebuto.ru/catalog/muzhskaya_odezhda_1/bryuki/bryuki_gornolyzhnye/bryuki_whs_roma_t520207b_color_b01/;Черный;;верх: 100% полиэстер, подклад: 100% полиэстер, наполнитель: 100% полиэстер;;Мужская одежда;Брюки горнолыжные
101;Брюки WR T520207B color: L03;62;2900;2390;38.72;https://lebuto.ru/upload/iblock/0d8/23fb9fb0_0c59_11eb_80e9_000c29cc4602_78e3a749_19ca_11eb_80e9_000c29cc4602.jpeg;https://lebuto.ru/catalog/muzhskaya_odezhda_1/bryuki/bryuki_gornolyzhnye/bryuki_whs_roma_t520207b_color_l03/;Черный;;верх: 100% полиэстер, подклад: 100% полиэстер, наполнитель: 100% полиэстер;;Мужская одежда;Брюки горнолыжные
102;Брюки XI COUTURE 996 зеленый;M::L::XL;700;560;35.6;https://lebuto.ru/upload/iblock/929/9fo8h9poc4bu8897f6v2dtwvew859ukx/765cee5f_d814_11ed_812d_000c29cc4602_98558e6b_dad3_11ed_812d_000c29cc4602.jpeg;https://lebuto.ru/catalog/zhenskaya_odezhda_1/bryuki_1/bryuki_i_dzhinsy/bryuki_xi_couture_996_zelenyy/;зеленый;;хлопок;;Женская одежда;Брюки и джинсы
103;Брюки XI COUTURE 996 коричневый;XL;700;560;35.6;https://lebuto.ru/upload/iblock/9b3/f1wr34rcnwlwml1pa6mi87ew2z08r0w5/dc6380f9_d815_11ed_812d_000c29cc4602_a576352c_dad3_11ed_812d_000c29cc4602.jpeg;https://lebuto.ru/catalog/zhenskaya_odezhda_1/bryuki_1/bryuki_i_dzhinsy/bryuki_xi_couture_996_korichnevyy/;коричневый;;хлопок;;Женская одежда;Брюки и джинсы
104;Брюки XI COUTURE 996 оранжевый;L::XL;700;560;35.6;https://lebuto.ru/upload/iblock/b53/coescvisfx3swh5aymmrq1xu99wsjdh0/81f0328a_d815_11ed_812d_000c29cc4602_b0946c96_dad3_11ed_812d_000c29cc4602.jpeg;https://lebuto.ru/catalog/zhenskaya_odezhda_1/bryuki_1/bryuki_i_dzhinsy/bryuki_xi_couture_996_oranzhevyy/;оранжевый;;хлопок;;Женская одежда;Брюки и джинсы
105;Брюки XI COUTURE 996 розовый;M::XL;700;560;35.6;https://lebuto.ru/upload/iblock/325/wmyj6za7qfffvnbw8dw58cd3w571euk4/c2d28098_d814_11ed_812d_000c29cc4602_bd176d94_dad3_11ed_812d_000c29cc4602.jpeg;https://lebuto.ru/catalog/zhenskaya_odezhda_1/bryuki_1/bryuki_i_dzhinsy/bryuki_xi_couture_996_rozovyy/;розовый;;хлопок;;Женская одежда;Брюки и джинсы
106;Брюки XI COUTURE 996 сиреневый;L::XL;900;720;35.6;https://lebuto.ru/upload/iblock/ed5/ho7ashxqq2yh7xtv87tci46yf7wln1e4/28fdb6e3_d815_11ed_812d_000c29cc4602_c74ca4da_dad3_11ed_812d_000c29cc4602.jpeg;https://lebuto.ru/catalog/zhenskaya_odezhda_1/bryuki_1/bryuki_i_dzhinsy/bryuki_xi_couture_996_sirenevyy/;сирень;;хлопок;;Женская одежда;Брюки и джинсы
107;Брюки арт. 2103 серый;30::40::38::42::44::32;300;240;23.23;https://lebuto.ru/upload/iblock/3e3/3e3405d8e1092af05476c7ce619fda21.jpeg;https://lebuto.ru/catalog/malchikam_1/shkolnaya_forma/bryuki_art_2103_seryy/;Серый;;10% шерсть 20% вискозный шелк 70% полиэстер. ;;Мальчикам;Школьная форма
108;Брюки арт. 2103 черный;42;300;240;23.23;https://lebuto.ru/upload/iblock/93d/f4335b15_e0cb_11e3_91fe_000c29cc4602_0ecc9838_82d6_11ea_80e5_000c29cc4602.jpeg;https://lebuto.ru/catalog/malchikam_1/shkolnaya_forma/bryuki_art_2103_chernyy/;Черный;;10% шерсть, 20% вискоза, 70% полиэстер;;Мальчикам;Школьная форма
109;Брюки г/л GS 206 color: BLK;160::110::120::130::140;3340;2672;20;https://lebuto.ru/upload/iblock/846/8e63bb1b_5a21_11eb_80eb_000c29cc4602_feb65fd1_9b4f_11eb_80ed_000c29cc4602.jpeg;https://lebuto.ru/catalog/malchikam_1/bryuki_2/bryuki_g_l_gsou_snow_206_color_blk/;Черный;;верх: 100% полиэстер, наполнитель: 100% полиэстер, подклад: 100% полиэстер;;Мальчикам;Брюки
110;Брюки г/л GS 206 color: ROS;140::150::110::120::130::160;3340;2672;20;https://lebuto.ru/upload/iblock/908/589e0794_5a1f_11eb_80eb_000c29cc4602_414e0344_9b50_11eb_80ed_000c29cc4602.jpeg;https://lebuto.ru/catalog/devochkam_1/bryuki_3/bryuki_g_l_gsou_snow_206_color_ros/;розовый;;верх: 100% полиэстер, наполнитель: 100% полиэстер, подклад: 100% полиэстер;;Девочкам;Брюки
111;Брюки г/л S.M.N. 03216 color: BLK;110::130::140;3340;2800;16.17;https://lebuto.ru/upload/iblock/a01/p552splftqaluto4pvn7hsdguo4t2xdh/320c8238_5a22_11eb_80eb_000c29cc4602_91112e22_2b33_11ec_8100_000c29cc4602.jpeg;https://lebuto.ru/catalog/malchikam_1/bryuki_2/bryuki_g_l_s_m_n_03216_color_blk/;Черный;;верх: 100% полиэстер, подклад: 100% полиэстер, наполнитель: 100% полиэстер;;Мальчикам;Брюки
112;Брюки г/л S.M.N. 1821 color: LEY;M;2900;2320;20.июль;https://lebuto.ru/upload/iblock/39e/6a26a171_5a0a_11eb_80eb_000c29cc4602_4155826b_6cf9_11eb_80eb_000c29cc4602.jpeg;https://lebuto.ru/catalog/muzhskaya_odezhda_1/bryuki/bryuki_gornolyzhnye/bryuki_g_l_s_m_n_1821_color_ley/;желтый;;верх: 100% полиэстер, наполнитель: 100% полиэстер, подклад: 100% полиэстер;;Мужская одежда;Брюки горнолыжные
113;Брюки г/л мужские GS 190509 col: ARG;S::M;3200;2560;20;https://lebuto.ru/upload/iblock/a28/b5d42b02_2933_11ea_80e2_000c29cc4602_b203e627_539d_11ea_80e2_000c29cc4602.jpeg;https://lebuto.ru/catalog/muzhskaya_odezhda_1/bryuki/bryuki_gornolyzhnye/bryuki_g_l_muzhskie_gsou_snow_gs_190509_col_arg/;хаки;;верх: 100% полиэстер, подклад: 100% полиэстер, наполнитель: 100% полиэстер;;Мужская одежда;Брюки горнолыжные
114;Брюки г/л мужские GS 190509 col: COF;S;3200;2560;29.89;https://lebuto.ru/upload/iblock/065/4d593707_292a_11ea_80e2_000c29cc4602_6b9e63ab_539d_11ea_80e2_000c29cc4602.jpeg;https://lebuto.ru/catalog/muzhskaya_odezhda_1/bryuki/bryuki_gornolyzhnye/bryuki_g_l_muzhskie_gsou_snow_gs_190509_col_cof/;коричневый;;верх: 100% полиэстер, подклад: 100% полиэстер, наполнитель: 100% полиэстер;;Мужская одежда;Брюки горнолыжные
115;Брюки Д-9-10 черные;XL::S::L;500;400;25;https://lebuto.ru/upload/iblock/f61/j353h4pxyvgsb0nlqvx30wzuid7eajd5/90e466bf_b7e2_11e3_9ffd_000c29cc46f8_4ab3c718_69be_11ea_80e2_000c29cc4602.jpeg;https://lebuto.ru/catalog/zhenskaya_odezhda_1/bryuki_1/bryuki_sportivnye_1/bryuki_d_9_10_chernye/;;;;;Женская одежда;Брюки спортивные
116;Брюки жен. Merlion Д-9 (черные) - ХS;one size;500;400;35.29;https://lebuto.ru/upload/iblock/8c9/jfbmbkt2qp0v4riplglnmw8zkzfdf3u4/7e4df34f_b7e2_11e3_9ffd_000c29cc46f8_971373ed_67aa_11ec_8111_000c29cc4602.jpeg;https://lebuto.ru/catalog/zhenskaya_odezhda_1/bryuki_1/bryuki_sportivnye_1/bryuki_zhen_merlion_d_9_chernye_khs/;Черный;;100% полиэстер;;Женская одежда;Брюки спортивные
117;Брюки жен. WR 769508 col: B01;44;700;560;33.33;https://lebuto.ru/upload/iblock/d3d/e4699767_e42e_11e9_80dd_000c29cc4602_b5f8570a_f56f_11e9_80de_000c29cc4602.jpeg;https://lebuto.ru/catalog/zhenskaya_odezhda_1/bryuki_1/bryuki_sportivnye_1/bryuki_whs_roma_769508_col_b01/;Черный;;100% полиэстер;;Женская одежда;Брюки спортивные
118;Брюки женские 2101C-0003-27 мятный;S::XL;1100;810;;https://lebuto.ru/upload/iblock/1c7/1krjriw2vu7j2qbr8ir60s27ggu00ktg/bebbde5d_5a75_11ed_812c_000c29cc4602_cb0b4cb3_0200_11ef_8146_000c29cc4602.jpg;https://lebuto.ru/catalog/zhenskaya_odezhda_1/bryuki_1/bryuki_sportivnye_1/bryuki_zhenskie_2101c_0003_27_myatnyy/;св.зелёный;;70% хлопок 30% полиэстер;Брюки выполнены из плотного трикотажа с начесом. Пояс на резинки, два кармана по бокам без застежки.;Женская одежда;Брюки спортивные
119;Брюки женские 2101C-0003-29 бежевый;S::L::XL::XS;1100;810;;https://lebuto.ru/upload/iblock/51f/k7dcr3fp42yx2m6bcmlwszh460njf9m7/e9361497_5a74_11ed_812c_000c29cc4602_27f131c3_0201_11ef_8146_000c29cc4602.jpg;https://lebuto.ru/catalog/zhenskaya_odezhda_1/bryuki_1/bryuki_sportivnye_1/bryuki_zhenskie_2101c_0003_29_bezhevyy/;бежевый;;70% хлопок 30% полиэстер;Брюки выполнены из плотного трикотажа с начесом. Пояс на резинки, два кармана по бокам без застежки.;Женская одежда;Брюки спортивные
120;Брюки женские 2101C-0003-41 розовый;XS::XL::S::M::L;1100;810;;https://lebuto.ru/upload/iblock/512/34zf5n2yfgfu9ctccicn0fo3y4j229j3/725c7232_5a74_11ed_812c_000c29cc4602_77f2b2fa_0201_11ef_8146_000c29cc4602.jpg;https://lebuto.ru/catalog/zhenskaya_odezhda_1/bryuki_1/bryuki_sportivnye_1/bryuki_zhenskie_2101c_0003_41_rozovyy/;розовый;;70% хлопок 30% полиэстер;Брюки выполнены из плотного трикотажа с начесом. Пояс на резинки, два кармана по бокам без застежки.;Женская одежда;Брюки спортивные
121;Брюки женские GS W`S PT 1420 Col.LDP;XS;2900;2320;34.65;https://lebuto.ru/upload/iblock/aed/569fcee7_d5e8_11e9_80dc_000c29cc4602_ddd6b59c_e042_11e9_80dd_000c29cc4602.jpeg;https://lebuto.ru/catalog/zhenskaya_odezhda_1/bryuki_1/bryuki_gornolyzhnye_2/bryuki_gsou_snow_w_s_pt_1420_col_ldp/;белый;;материал верха: 100% полиэстер, подклад: 100% полиэстер, утеплитель: 100% полиэстер.;;Женская одежда;Брюки горнолыжные
122;Брюки женские GS W`S PT 1421 col: BLK;S::XS::L;2900;2320;27.89;https://lebuto.ru/upload/iblock/ab6/aae029a9_c556_11e8_a291_000c29cc4602_daa683b8_ed6f_11e8_a9d7_000c29cc4602.jpeg;https://lebuto.ru/catalog/zhenskaya_odezhda_1/bryuki_1/bryuki_gornolyzhnye_2/bryuki_gsou_snow_w_s_pt_1421_col_blk/;Черный;;материал верха: 100% полиэстер, подклад: 100% полиэстер, утеплитель: 100% полиэстер.;;Женская одежда;Брюки горнолыжные
123;Брюки женские GS W`S PT 1421 Col.CBL;XS;2900;2320;34.65;https://lebuto.ru/upload/iblock/32c/c9534209_494b_11e4_9d7f_000c29cc4602_e1379740_8b16_11e4_b854_000c29cc4602.jpeg;https://lebuto.ru/catalog/zhenskaya_odezhda_1/bryuki_1/bryuki_gornolyzhnye_2/bryuki_gsou_snow_w_s_pt_1421_col_cbl/;голубой;;материал верха: 100% полиэстер, подклад: 100% полиэстер, утеплитель: 100% полиэстер.;;Женская одежда;Брюки горнолыжные
124;Брюки женские GS W`S PT 1421 Col.PNK;XS;2900;2320;34.65;https://lebuto.ru/upload/iblock/2dd/b6e2f0e4_d5e8_11e9_80dc_000c29cc4602_05403f04_e043_11e9_80dd_000c29cc4602.jpeg;https://lebuto.ru/catalog/zhenskaya_odezhda_1/bryuki_1/bryuki_gornolyzhnye_2/bryuki_gsou_snow_w_s_pt_1421_col_pnk/;розовый;;материал верха: 100% полиэстер, подклад: 100% полиэстер, утеплитель: 100% полиэстер.;;Женская одежда;Брюки горнолыжные
125;Брюки женские GS W`S PT 1421 Col.WHT;M::L;2900;2320;27.89;https://lebuto.ru/upload/iblock/102/10fb06c7_d5e8_11e9_80dc_000c29cc4602_d2455215_eef0_11e9_80dd_000c29cc4602.jpeg;https://lebuto.ru/catalog/zhenskaya_odezhda_1/bryuki_1/bryuki_gornolyzhnye_2/bryuki_gsou_snow_w_s_pt_1421_col_wht/;белый;;материал верха: 100% полиэстер, подклад: 100% полиэстер, утеплитель: 100% полиэстер.;;Женская одежда;Брюки горнолыжные
126;Брюки женские HE 1503 цвет №1072;S;900;720;22;https://lebuto.ru/upload/iblock/d17/2dac576c_4d57_11ea_80e2_000c29cc4602_7ef93103_95bc_11ea_80e7_000c29cc4602.jpeg;https://lebuto.ru/catalog/zhenskaya_odezhda_1/bryuki_1/bryuki_sportivnye_1/bryuki_zhenskie_high_experience_1503_tsvet_1072/;темно-синий;;материал верха: 100% полиэстер, подклад: 100% полиэстер (флис);;Женская одежда;Брюки спортивные
127;Брюки женские WP 920910 col: B01;42::44::46::48::50;800;640;23.33;https://lebuto.ru/upload/iblock/f13/ee9a33c8_4bcc_11ea_80e2_000c29cc4602_a18c45d0_95bb_11ea_80e7_000c29cc4602.jpeg;https://lebuto.ru/catalog/zhenskaya_odezhda_1/bryuki_1/bryuki_sportivnye_1/bryuki_zhenskie_whs_poma_920910_col_b01/;Черный;;100% полиэстер;;Женская одежда;Брюки спортивные
128;Брюки женские WR 562606 color: B01;44::46::42::50;2000;1600;27.89;https://lebuto.ru/upload/iblock/06a/c5hud5u69skm6cx3gnuwp1tsk6k3d2by/d77fc680_4df3_11ed_812c_000c29cc4602_ecd9783a_7157_11ed_812d_000c29cc4602.jpeg;https://lebuto.ru/catalog/zhenskaya_odezhda_1/bryuki_1/bryuki_gornolyzhnye_2/bryuki_zhenskie_whs_roma_562606_color_b01/;Черный;;100% полиэстер;;Женская одежда;Брюки горнолыжные
129;Брюки женские WR 562612 color: G25;52;3200;2560;27.89;https://lebuto.ru/upload/iblock/714/obruaeiovksm2cns5imiq6gdrxirf42g/aae74acc_4deb_11ed_812c_000c29cc4602_b396b0be_7157_11ed_812d_000c29cc4602.jpeg;https://lebuto.ru/catalog/zhenskaya_odezhda_1/bryuki_1/bryuki_gornolyzhnye_2/bryuki_zhenskie_whs_roma_562612_color_g25/;серо-зеленый;;100% полиэстер;;Женская одежда;Брюки горнолыжные
130;Брюки женские WR 562612 color: Z08;46::48::50::52::42;3200;2560;27.89;https://lebuto.ru/upload/iblock/58d/e8jcq2bmhsxp82no65qws9hllivv2ofz/8b29cb44_3a50_11ed_812b_000c29cc4602_cbd803db_7157_11ed_812d_000c29cc4602.jpeg;https://lebuto.ru/catalog/zhenskaya_odezhda_1/bryuki_1/bryuki_gornolyzhnye_2/bryuki_zhenskie_whs_roma_562612_color_z08/;сирень;;100% полиэстер;;Женская одежда;Брюки горнолыжные
131;Брюки женские WR 562612R color: H01;48::42::44::46::52;3200;2560;27.89;https://lebuto.ru/upload/iblock/85a/h1g3xgmzln5katrp0zu011vx8d4vrgy8/aa38911e_396f_11ed_812b_000c29cc4602_7e6854d9_7157_11ed_812d_000c29cc4602.jpeg;https://lebuto.ru/catalog/zhenskaya_odezhda_1/bryuki_1/bryuki_gornolyzhnye_2/bryuki_zhenskie_whs_roma_562612r_color_h01/;темно-серый;;100% полиэстер;;Женская одежда;Брюки горнолыжные
132;Брюки женские WR 562612R color: P12;42::52::44;3200;2560;27.89;https://lebuto.ru/upload/iblock/798/y85i8e03iv81nf1npp7f6awhkjr9zrn1/b14f9d8a_396e_11ed_812b_000c29cc4602_37d09e31_7157_11ed_812d_000c29cc4602.jpeg;https://lebuto.ru/catalog/zhenskaya_odezhda_1/bryuki_1/bryuki_gornolyzhnye_2/bryuki_zhenskie_whs_roma_562612r_color_p12/;св.розовый;;100% полиэстер;;Женская одежда;Брюки горнолыжные
133;Брюки женские WR 760504 color: B01;44::42;1300;1040;31.66;https://lebuto.ru/upload/iblock/21c/b7de3bf5_e1d9_11ea_80e9_000c29cc4602_7e93642e_0ea1_11eb_80e9_000c29cc4602.jpeg;https://lebuto.ru/catalog/zhenskaya_odezhda_1/bryuki_1/bryuki_gornolyzhnye_2/bryuki_zhenskie_whs_roma_760504_color_b01/;Черный;;верх: 100% полиэстер, подклад: 100% полиэстер;;Женская одежда;Брюки горнолыжные
134;Брюки женские WR 760504 color: H01;44;1300;1040;31.66;https://lebuto.ru/upload/iblock/293/66efbb13_e1d9_11ea_80e9_000c29cc4602_1cc10bb6_0ea2_11eb_80e9_000c29cc4602.jpeg;https://lebuto.ru/catalog/zhenskaya_odezhda_1/bryuki_1/bryuki_gornolyzhnye_2/bryuki_zhenskie_whs_roma_760504_color_h01/;т.серый;;верх: 100% полиэстер, подклад: 100% полиэстер;;Женская одежда;Брюки горнолыжные
135;Брюки женские WR 760512 color: B01;44::46::42;1300;1040;31.66;https://lebuto.ru/upload/iblock/3bb/ec7bf4f6_e1d8_11ea_80e9_000c29cc4602_34f8480f_0ea2_11eb_80e9_000c29cc4602.jpeg;https://lebuto.ru/catalog/zhenskaya_odezhda_1/bryuki_1/bryuki_gornolyzhnye_2/bryuki_zhenskie_whs_roma_760512_color_b01/;Черный;;верх: 100% полиэстер, подклад: 100% полиэстер;;Женская одежда;Брюки горнолыжные
136;Брюки женские WR 760512 color: H01;44::42;1300;1040;31.66;https://lebuto.ru/upload/iblock/9af/a3637dec_e1d8_11ea_80e9_000c29cc4602_42d056a4_0ea2_11eb_80e9_000c29cc4602.jpeg;https://lebuto.ru/catalog/zhenskaya_odezhda_1/bryuki_1/bryuki_gornolyzhnye_2/bryuki_zhenskie_whs_roma_760512_color_h01/;т.серый;;верх: 100% полиэстер, подклад: 100% полиэстер;;Женская одежда;Брюки горнолыжные
137;Брюки женские WT 562102 color: B01;44::46::52;3200;2560;27.89;https://lebuto.ru/upload/iblock/ef4/ruty75qmczkjm9w8gdjyi4uwz0aagy4v/b59a706c_4de8_11ed_812c_000c29cc4602_5b69c791_9581_11ed_812d_000c29cc4602.jpeg;https://lebuto.ru/catalog/zhenskaya_odezhda_1/bryuki_1/bryuki_gornolyzhnye_2/bryuki_zhenskie_whs_tisentele_562102_color_b01/;Черный;;100% полиэстер;;Женская одежда;Брюки горнолыжные
138;Брюки женские YELUSHI P903# сер/фиолет.;3XL;300;240;-49.86;https://lebuto.ru/upload/iblock/bf5/bf543f859ce4a96d0fc258ed60b95d81.jpeg;https://lebuto.ru/catalog/zhenskaya_odezhda_1/bryuki_1/bryuki_sportivnye_1/bryuki_zhenskie_yelushi_p903_ser_fiolet/;мультиколор;;100% хлопок;;Женская одежда;Брюки спортивные
139;Брюки женские г/л GS W`S PT 1420 col: PNK;XS;2900;2320;;https://lebuto.ru/upload/iblock/2de/fauqs8otq5uub09mnxoulqc7u6qeaawz/62ae9d63_2933_11ea_80e2_000c29cc4602_975c6f7e_b855_11ef_816a_000c29cc4602.jpg;https://lebuto.ru/catalog/zhenskaya_odezhda_1/bryuki_1/bryuki_gornolyzhnye_2/bryuki_zhenskie_g_l_gs_w_s_pt_1420_col_pnk/;св.розовый;;верх: 100% полиэстер, наполнитель: 100% полиэстер, подклад: 100% полиэстер;;Женская одежда;Брюки горнолыжные
140;Брюки женские г/л GS W'S PT 1520 col: LEY;M::XS::S;2900;2320;27.89;https://lebuto.ru/upload/iblock/9d5/8a6f0d7d_2928_11ea_80e2_000c29cc4602_c9491478_a0c6_11ea_80e8_000c29cc4602.jpeg;https://lebuto.ru/catalog/zhenskaya_odezhda_1/bryuki_1/bryuki_gornolyzhnye_2/bryuki_zhenskie_g_l_gsou_snow_w_s_pt_1520_col_ley/;салатовый;;верх: 100% полиэстер, подклад: 100% полиэстер, наполнитель: 100% полиэстер;;Женская одежда;Брюки горнолыжные
141;Брюки женские г/л GS W'S PT 1520 col: PNK;XS;2900;2320;;https://lebuto.ru/upload/iblock/573/40ou0sg6pq5jx78q623ydo13dehmqx35/54cb11c3_c54a_11e8_a291_000c29cc4602_8212adf1_b85d_11ef_816a_000c29cc4602.jpg;https://lebuto.ru/catalog/zhenskaya_odezhda_1/bryuki_1/bryuki_gornolyzhnye_2/bryuki_zhenskie_g_l_gs_w_s_pt_1520_col_pnk/;розовый;;верх: 100% полиэстер, подклад: 100% полиэстер, наполнитель: 100% полиэстер;;Женская одежда;Брюки горнолыжные
142;Брюки женские г/л GS W'S PT 1520 col: PRP;XS;2900;2320;34.65;https://lebuto.ru/upload/iblock/3e8/82f00e71_c549_11e8_a291_000c29cc4602_f9e0436e_ed70_11e8_a9d7_000c29cc4602.jpeg;https://lebuto.ru/catalog/zhenskaya_odezhda_1/bryuki_1/bryuki_gornolyzhnye_2/bryuki_zhenskie_g_l_gsou_snow_w_s_pt_1520_col_prp/;фиолетовый;;верх: 100% полиэстер, подклад: 100% полиэстер, наполнитель: 100% полиэстер;;Женская одежда;Брюки горнолыжные
143;Брюки женские г/л GS W'S PT 1520 col: ROS;S::M::XS;2900;2320;27.89;https://lebuto.ru/upload/iblock/308/2602fb47_c54a_11e8_a291_000c29cc4602_0c73a1bf_ed71_11e8_a9d7_000c29cc4602.jpeg;https://lebuto.ru/catalog/zhenskaya_odezhda_1/bryuki_1/bryuki_gornolyzhnye_2/bryuki_zhenskie_g_l_gsou_snow_w_s_pt_1520_col_ros/;розовый;;верх: 100% полиэстер, подклад: 100% полиэстер, наполнитель: 100% полиэстер;;Женская одежда;Брюки горнолыжные
144;Брюки женские г/л GS W'S PT 1520 col: YLE;XS::S;2900;2320;27.89;https://lebuto.ru/upload/iblock/c1c/cfea3b2d_c549_11e8_a291_000c29cc4602_175e8883_539d_11ea_80e2_000c29cc4602.jpeg;https://lebuto.ru/catalog/zhenskaya_odezhda_1/bryuki_1/bryuki_gornolyzhnye_2/bryuki_zhenskie_g_l_gsou_snow_w_s_pt_1520_col_yle/;желтый;;верх: 100% полиэстер, подклад: 100% полиэстер, наполнитель: 100% полиэстер;;Женская одежда;Брюки горнолыжные
145;Брюки женские г/л HE 9123-1 цвет №4066 Lotus;M;3550;2560;27.89;https://lebuto.ru/upload/iblock/d9a/iwagkivld3pf36ma3abpozmxzz8c0suv/00c6cef9_4687_11ec_8101_000c29cc4602_16e56f4e_49df_11ec_8101_000c29cc4602.jpeg;https://lebuto.ru/catalog/zhenskaya_odezhda_1/bryuki_1/bryuki_gornolyzhnye_2/bryuki_zhenskie_g_l_high_experience_9123_1_tsvet_4066_lotus/;св.розовый;;100% полиэстер;;Женская одежда;Брюки горнолыжные
146;Брюки женские г/л HE 9501 цвет №09;2XL;2900;2320;34.65;https://lebuto.ru/upload/iblock/078/jc2f3ln4b1ito1243nvybdgtg21slv1o/4082cb2d_276e_11ed_812b_000c29cc4602_ab31c326_438f_11ed_812b_000c29cc4602.jpeg;https://lebuto.ru/catalog/zhenskaya_odezhda_1/bryuki_1/bryuki_gornolyzhnye_2/bryuki_zhenskie_g_l_high_experience_9501_tsvet_09/;белый;;100% полиэстер;;Женская одежда;Брюки горнолыжные
147;Брюки женские г/л HE 9501 цвет №4043;XL;2900;2320;39.15;https://lebuto.ru/upload/iblock/2ff/5b8bb135_f0ab_11e9_80dd_000c29cc4602_2b61340f_0530_11ea_80df_000c29cc4602.jpeg;https://lebuto.ru/catalog/zhenskaya_odezhda_1/bryuki_1/bryuki_gornolyzhnye_2/bryuki_zhenskie_g_l_high_experience_9501_tsvet_4043/;св.розовый;;материал верха: 100% полиэстер, подклад: 100% полиэстер, утеплитель: 100% полиэстер.;;Женская одежда;Брюки горнолыжные
148;Брюки женские г/л HE 9515 цвет №09;2XL;3550;2840;20;https://lebuto.ru/upload/iblock/22d/a1m9eejln20zycvcyc4jo6kjh9oh6yp0/ca4d1ce4_4688_11ec_8101_000c29cc4602_516ff326_49df_11ec_8101_000c29cc4602.jpeg;https://lebuto.ru/catalog/zhenskaya_odezhda_1/bryuki_1/bryuki_gornolyzhnye_2/bryuki_zhenskie_g_l_high_experience_9515_tsvet_09/;белый;;100% полиэстер;;Женская одежда;Брюки горнолыжные
149;Брюки М (т.синий);2XL;500;400;24;https://lebuto.ru/upload/iblock/4f2/4f20d3cd5c25ab5259ac7d484ed98655.jpeg;https://lebuto.ru/catalog/muzhskaya_odezhda_1/bryuki/bryuki_sportivnye/bryuki_m_t_siniy/;темно-синий;;100% полиэстер;;Мужская одежда;Брюки спортивные
150;Брюки муж.WR 529201 col: B01;46::50::52;2900;2300;23.авг;https://lebuto.ru/upload/iblock/43c/86090f58_cfa7_11e9_80dc_000c29cc4602_815cf7ed_deb1_11e9_80dd_000c29cc4602.jpeg;https://lebuto.ru/catalog/muzhskaya_odezhda_1/bryuki/bryuki_gornolyzhnye/bryuki_muzh_whs_roma_529201_col_b01/;Черный;;материал верха: 100% полиэстер, подклад: 100% полиэстер;;Мужская одежда;Брюки горнолыжные
151;Брюки муж.WR 529201B col: B01;62;2900;2300;33.33;https://lebuto.ru/upload/iblock/475/da6a36c9_d060_11e9_80dc_000c29cc4602_fb2d0248_d172_11ea_80e9_000c29cc4602.jpeg;https://lebuto.ru/catalog/muzhskaya_odezhda_1/bryuki/bryuki_gornolyzhnye/bryuki_muzh_whs_roma_529201b_col_b01/;Черный;;материал верха: 100% полиэстер, подклад: 100% полиэстер;;Мужская одежда;Брюки горнолыжные
152;Брюки муж.WR 720503B color: B01;64::62;2900;2320;20;https://lebuto.ru/upload/iblock/9ff/67e37845_e1d7_11ea_80e9_000c29cc4602_20c76ade_969d_11eb_80ed_000c29cc4602.jpeg;https://lebuto.ru/catalog/muzhskaya_odezhda_1/bryuki/bryuki_gornolyzhnye/bryuki_muzh_whs_roma_720503b_color_b01/;Черный;;100% полиэстер, подклад флис;;Мужская одежда;Брюки горнолыжные
153;Брюки мужские HE KM13101 цвет №4081;M::2XL;2900;2320;;https://lebuto.ru/upload/iblock/22f/f7fe3gv6x7z5rhsuvbg2b7dis0x0gtvw/ae8be2c9_fc6a_11ee_8145_000c29cc4602_49a50cd0_b9f6_11ef_816a_000c29cc4602.jpg;https://lebuto.ru/catalog/muzhskaya_odezhda_1/bryuki/bryuki_gornolyzhnye/bryuki_muzhskie_he_km13101_tsvet_4081/;мультиколор;;100% полиэстер;;Мужская одежда;Брюки горнолыжные
154;Брюки мужские HE KM13101 цвет №4093;L::XL::2XL;2900;2320;;https://lebuto.ru/upload/iblock/655/83as198k7d9l4rcivfae7afdwwll36o8/b74dc0a9_fc6d_11ee_8145_000c29cc4602_9b825120_b9f6_11ef_816a_000c29cc4602.jpg;https://lebuto.ru/catalog/muzhskaya_odezhda_1/bryuki/bryuki_gornolyzhnye/bryuki_muzhskie_he_km13101_tsvet_4093/;мультиколор;;100% полиэстер;;Мужская одежда;Брюки горнолыжные
155;Брюки мужские WR 522603 color: B01;46;2900;2320;20;https://lebuto.ru/upload/iblock/f45/ibd1ykkyynoslp62urlq8ee9f2ve3ghv/f7ceb66c_3a4e_11ed_812b_000c29cc4602_87e2d436_9581_11ed_812d_000c29cc4602.jpeg;https://lebuto.ru/catalog/muzhskaya_odezhda_1/bryuki/bryuki_gornolyzhnye/bryuki_muzhskie_whs_roma_522603_color_b01/;Черный;;100% полиэстер;;Мужская одежда;Брюки горнолыжные
156;Брюки мужские WR 522607 color: B01;48::46;2900;2320;20;https://lebuto.ru/upload/iblock/be1/o8d284dbs0sin11p7ofhqcjt94pshnq1/75255f81_3a4e_11ed_812b_000c29cc4602_360659c6_7158_11ed_812d_000c29cc4602.jpeg;https://lebuto.ru/catalog/muzhskaya_odezhda_1/bryuki/bryuki_gornolyzhnye/bryuki_muzhskie_whs_roma_522607_color_b01/;Черный;;;;Мужская одежда;Брюки горнолыжные
157;Брюки мужские WR 522607 color: H01;46;2900;2320;20;https://lebuto.ru/upload/iblock/4ef/oz4dv9wls6d97zyntuv8poexwm0729yt/7ce3987f_4dea_11ed_812c_000c29cc4602_7b596732_7a91_11ed_812d_000c29cc4602.jpeg;https://lebuto.ru/catalog/muzhskaya_odezhda_1/bryuki/bryuki_gornolyzhnye/bryuki_muzhskie_whs_roma_522607_color_h01/;темно-серый;;100% полиэстер;;Мужская одежда;Брюки горнолыжные
158;Брюки мужские г/л GS M`S PT 18316 col: STG;L::S::XL;2900;2320;20.май;https://lebuto.ru/upload/iblock/764/353fc3a2_c558_11e8_a291_000c29cc4602_4aa3324b_1e20_11e9_9d72_000c29cc4602.jpeg;https://lebuto.ru/catalog/muzhskaya_odezhda_1/bryuki/bryuki_gornolyzhnye/bryuki_muzhskie_g_l_gsou_snow_m_s_pt_18316_col_stg/;Серый;;верх: 100% полиэстер, подклад: 100% полиэстер, наполнитель: 100% полиэстер;;Мужская одежда;Брюки горнолыжные
159;Брюки мужские г/л GS M`S PT 818 col: BLK;M::L::XL;2900;2320;41.85;https://lebuto.ru/upload/iblock/adf/19b81d46_c557_11e8_a291_000c29cc4602_85348987_8391_11ea_80e5_000c29cc4602.jpeg;https://lebuto.ru/catalog/muzhskaya_odezhda_1/bryuki/bryuki_gornolyzhnye/bryuki_muzhskie_g_l_gsou_snow_m_s_pt_818_col_blk/;Черный;;верх: 100% нейлон, подклад: 100% полиэстер , наполнитель: 100% полиэстер;;Мужская одежда;Брюки горнолыжные
160;Брюки мужские г/л GS M`S PT 818 col: GRY;L::M::XL;2900;2320;41.85;https://lebuto.ru/upload/iblock/251/671b6d9c_c557_11e8_a291_000c29cc4602_03869010_6cf4_11eb_80eb_000c29cc4602.jpeg;https://lebuto.ru/catalog/muzhskaya_odezhda_1/bryuki/bryuki_gornolyzhnye/bryuki_muzhskie_g_l_gsou_snow_m_s_pt_818_col_gry/;св.серый;;верх: 100% полиэстер, наполнитель: 100% полиэстер, подклад: 100% полиэстер;;Мужская одежда;Брюки горнолыжные
161;Брюки мужские г/л GS M`S PT 818 col: YEC;M::S;2900;2320;41.85;https://lebuto.ru/upload/iblock/1c4/919c0504_c54b_11e8_a291_000c29cc4602_598d5f04_f2c1_11e8_a9d7_000c29cc4602.jpeg;https://lebuto.ru/catalog/muzhskaya_odezhda_1/bryuki/bryuki_gornolyzhnye/bryuki_muzhskie_g_l_gsou_snow_m_s_pt_818_col_yec/;желтый;;верх: 100% полиэстер, наполнитель: 100% полиэстер, подклад: 100% полиэстер;;Мужская одежда;Брюки горнолыжные
162;Брюки мужские утепленные S CONNOR-1 (черный) печать;M::XL;900;720;34.48;https://lebuto.ru/upload/iblock/a0e/36a962a7_69dc_11eb_80eb_000c29cc4602_6bc1c13d_726a_11eb_80eb_000c29cc4602.jpeg;https://lebuto.ru/catalog/muzhskaya_odezhda_1/bryuki/bryuki_sportivnye/bryuki_muzhskie_uteplennye_salomon_connor_1_chernyy_pechat/;Черный;;верх: 100% полиэстер, подклад: 100% полиэстер, наполнитель: 100% холофилл;;Мужская одежда;Брюки спортивные
163;Брюки подростковые школьные;128::140::146::152::164::170::134::158;300;240;23.23;https://lebuto.ru/upload/iblock/1ea/f7d1ny2ruru0kjdcx4cebcjzeojkuwox/8f9cfe22_b7e3_11e3_9ffd_000c29cc46f8_670c26bb_f6a3_11ec_812a_000c29cc4602.jpeg;https://lebuto.ru/catalog/malchikam_1/shkolnaya_forma/bryuki_podrostkovye_shkolnye/;Черный;;10% шерсть, 20% вискоза, 70% полиэстер;;Мальчикам;Школьная форма
164;Брюки сноубордические HE ML13037 цвет №4081;2XL;2900;2320;37.47;https://lebuto.ru/upload/iblock/d1d/rurndo44hyje5z962v6shv2pid1y5866/2934ced5_6ed3_11ed_812d_000c29cc4602_bd8f8059_7a92_11ed_812d_000c29cc4602.jpeg;https://lebuto.ru/catalog/muzhskaya_odezhda_1/bryuki/bryuki_gornolyzhnye/bryuki_snoubordicheskie_high_experience_ml13037_tsvet_4081/;св.розовый;;100% полиэстер;;Мужская одежда;Брюки горнолыжные
165;Брюки спортивные детские Merlion Moris (серый);32::34::36::38::40::42::44::46;400;299;25.25;https://lebuto.ru/upload/iblock/517/51742db27557c20e27860f63088fd904.jpeg;https://lebuto.ru/catalog/malchikam_1/bryuki_2/bryuki_sportivnye_detskie_merlion_moris_seryy/;Серый;;100% полиэстер;;Мальчикам;Брюки
166;Брюки спортивные детские Merlion Nik (серый);32::34::36::38::40::42::44::46;400;299;25.25;https://lebuto.ru/upload/iblock/2c9/23c9a281_8b23_11e4_b854_000c29cc4602_3df55323_f2e9_11e4_ae9c_000c29cc4602.jpeg;https://lebuto.ru/catalog/malchikam_1/bryuki_2/bryuki_sportivnye_detskie_merlion_nik_seryy/;Серый;;100% полиэстер;;Мальчикам;Брюки
167;Брюки спортивные детские Merlion Nik (т.синий);32::34::36;400;299;25.25;https://lebuto.ru/upload/iblock/6f7/0c942dd0_8b23_11e4_b854_000c29cc4602_e8ec4221_ef0d_11e4_ae9c_000c29cc4602.jpeg;https://lebuto.ru/catalog/malchikam_1/bryuki_2/bryuki_sportivnye_detskie_merlion_nik_t_siniy/;Т.синий;;100% полиэстер;;Мальчикам;Брюки
168;Брюки утепл. BRY 8817-19;40;1700;1360;32.08;https://lebuto.ru/upload/iblock/480/a9c9aebd_e718_11e8_abe6_000c29cc4602_9de89e92_35bb_11e9_8e1f_000c29cc4602.jpeg;https://lebuto.ru/catalog/muzhskaya_odezhda_1/bryuki/dzhinsy/bryuki_utepl_burberry_8817_19/;Черный;;;;Мужская одежда;Джинсы
169;Брюки утепл. BRY 8817-65;40;1700;1360;32.08;https://lebuto.ru/upload/iblock/e61/f1ac3fd8_e717_11e8_abe6_000c29cc4602_ac82a04e_35bb_11e9_8e1f_000c29cc4602.jpeg;https://lebuto.ru/catalog/muzhskaya_odezhda_1/bryuki/dzhinsy/bryuki_utepl_burberry_8817_65/;Черный;;;;Мужская одежда;Джинсы
170;Брюки х/б PP 204 сер.;2XL::XL::M::L;500;400;32.26;https://lebuto.ru/upload/iblock/0e4/0e49f6f15b0a66914055f2d9a5700d47.jpeg;https://lebuto.ru/catalog/muzhskaya_odezhda_1/bryuki/bryuki_sportivnye/bryuki_kh_b_philipp_plein_204_ser/;Серый;;100% хлопок ;;Мужская одежда;Брюки спортивные
171;Брюки х/б PP 205 сер.;L::M::2XL::XL;500;400;32.26;https://lebuto.ru/upload/iblock/75f/75f415f1456b82d6ac8fb3e4cba93126.jpeg;https://lebuto.ru/catalog/muzhskaya_odezhda_1/bryuki/bryuki_sportivnye/bryuki_kh_b_philipp_plein_205_ser/;Серый;;100% хлопок ;;Мужская одежда;Брюки спортивные
172;Варежки Bn 47F28 porcelain;S;900;720;0;https://lebuto.ru/upload/iblock/979/dc9267bo46232v8zve33pep123l6fd44/731edaa5_8745_11ed_812d_000c29cc4602_51cd64bb_ac47_11ed_812d_000c29cc4602.jpeg;https://lebuto.ru/catalog/aksessuary_1/perchatki_varezhki/varezhki_bn_47f28_porcelain/;цветная;;верх: 100% полиэстер подклад: 100% полиэстер наполнитель: 100% полиэстер;;Аксессуары;Перчатки, варежки
173;Варежки Bn 62508 roes;L::M;600;480;20;https://lebuto.ru/upload/iblock/931/namklc5298op9drfl18l8zv3pmqhrdzx/bf54aadb_8740_11ed_812d_000c29cc4602_a9bd7fb1_ac40_11ed_812d_000c29cc4602.jpeg;https://lebuto.ru/catalog/aksessuary_1/perchatki_varezhki/varezhki_bn_62508_roes/;розовый;;верх: 100% полиэстер подклад: 100% полиэстер наполнитель: 100% полиэстер;;Аксессуары;Перчатки, варежки
174;Варежки Bn 62709 ethnic style;S::M::L;900;720;0;https://lebuto.ru/upload/iblock/30b/j1bc36ssnoqajkf1phbjl9tqbn9y1u5k/e3e59ed7_8744_11ed_812d_000c29cc4602_e5362ab9_ac44_11ed_812d_000c29cc4602.jpeg;https://lebuto.ru/catalog/aksessuary_1/perchatki_varezhki/varezhki_bn_62709_ethnic_style/;цветная;;верх: 100% полиэстер подклад: 100% полиэстер наполнитель: 100% полиэстер;;Аксессуары;Перчатки, варежки
175;Варежки d.n.d. 1651 коралловый;02.март;600;480;0;https://lebuto.ru/upload/iblock/aea/sjgo9t0rz6ep6kssz9ur7spydrf3f3qj/4efb2063_71d7_11ec_8115_000c29cc4602_946018bf_7856_11ec_8115_000c29cc4602.jpeg;https://lebuto.ru/catalog/aksessuary_1/perchatki_varezhki/varezhki_d_n_d_1651_korallovyy/;коралловый;;;;Аксессуары;Перчатки, варежки
176;Варежки d.n.d. 1651 розовый;02.март;600;480;0;https://lebuto.ru/upload/iblock/f0c/5qekfbafd6sxe8wpkwsqfwwnr7thg73w/138e2845_71d7_11ec_8115_000c29cc4602_9eed83cb_7856_11ec_8115_000c29cc4602.jpeg;https://lebuto.ru/catalog/aksessuary_1/perchatki_varezhki/varezhki_d_n_d_1651_rozovyy/;розовый;;;;Аксессуары;Перчатки, варежки
177;Варежки d.n.d. 1651 синий меланж;02.март;600;480;0;https://lebuto.ru/upload/iblock/923/q9id5coo4a566b32ugk05inqw8ecg1ox/82eeb4da_71d6_11ec_8115_000c29cc4602_b5ef495d_7856_11ec_8115_000c29cc4602.jpeg;https://lebuto.ru/catalog/aksessuary_1/perchatki_varezhki/varezhki_d_n_d_1651_siniy_melanzh/;Синий;;;;Аксессуары;Перчатки, варежки
178;Варежки HANDAI HD-5123 розовый;02.апр;500;400;27.июнь;https://lebuto.ru/upload/iblock/759/c86b8786_6065_11eb_80eb_000c29cc4602_b6567308_6077_11eb_80eb_000c29cc4602.jpeg;https://lebuto.ru/catalog/aksessuary_1/perchatki_varezhki/varezhki_handai_hd_5123_rozovyy/;розовый;;верх: 100% полиэстер, подклад: 100% полиэстер, наполнитель: 100% полиэстер;;Аксессуары;Перчатки, варежки
179;Варежки HE ML2102 col: 0 Black;XL;1000;800;0;https://lebuto.ru/upload/iblock/60b/emyv74snp2w25o9zo5rk97674w8qbbfa/71ae7fdc_4693_11ec_8101_000c29cc4602_789cd5c7_58cf_11ec_8102_000c29cc4602.jpeg;https://lebuto.ru/catalog/aksessuary_1/perchatki_varezhki/varezhki_high_experience_ml2102_col_0_black/;Черный;;;;Аксессуары;Перчатки, варежки
180;Варежки HE TS1809 col: 4097;XS::S;400;300;0;https://lebuto.ru/upload/iblock/5ec/x3h5olcr4kxh9i8l5y4yuova8usqx3hu/80be042a_469a_11ec_8101_000c29cc4602_95d1a1db_58ce_11ec_8102_000c29cc4602.jpeg;https://lebuto.ru/catalog/aksessuary_1/perchatki_varezhki/varezhki_high_experience_ts1809_col_4097/;сирень;;;;Аксессуары;Перчатки, варежки
181;Варежки HE TS1809 col: 4098;S;400;300;0;https://lebuto.ru/upload/iblock/1d4/g72pt717aeg0pxgcwp5x9l96997wfgj9/44a3b326_469a_11ec_8101_000c29cc4602_a02b03d6_58ce_11ec_8102_000c29cc4602.jpeg;https://lebuto.ru/catalog/aksessuary_1/perchatki_varezhki/varezhki_high_experience_ts1809_col_4098/;св.розовый;;;;Аксессуары;Перчатки, варежки
182;Варежки HE YP2101 к/з col: 0 Black;L::XL;1500;900;0;https://lebuto.ru/upload/iblock/a39/9xovy3ykigx5d81d49mmzydyqbxo0qcz/bf3b5798_4692_11ec_8101_000c29cc4602_ab92a596_58ce_11ec_8102_000c29cc4602.jpeg;https://lebuto.ru/catalog/aksessuary_1/perchatki_varezhki/varezhki_high_experience_yp2101_k_z_col_0_black/;Черный;;;;Аксессуары;Перчатки, варежки
183;Варежки HE YP2101 к/з col: 4066 Lotus;XL;1500;900;0;https://lebuto.ru/upload/iblock/5de/ucrf2bvb730iz7s3ijitthu4ukr1991z/14e7bfeb_4693_11ec_8101_000c29cc4602_25f09991_58cf_11ec_8102_000c29cc4602.jpeg;https://lebuto.ru/catalog/aksessuary_1/perchatki_varezhki/varezhki_high_experience_yp2101_k_z_col_4066_lotus/;св.розовый;;;;Аксессуары;Перчатки, варежки
184;Варежки kufun 07491-911;L/XL;800;600;0;https://lebuto.ru/upload/iblock/f90/eoy4smdb6hrqd84c9lt0iiv6hmfnuu7a/32820cfd_8747_11ed_812d_000c29cc4602_165839b3_ac45_11ed_812d_000c29cc4602.jpeg;https://lebuto.ru/catalog/aksessuary_1/perchatki_varezhki/varezhki_kufun_07491_911/;цветная;;верх: 100% полиэстер подклад: 100% полиэстер наполнитель: 100% полиэстер;;Аксессуары;Перчатки, варежки
185;Варежки kufun 36690-707;L/XL;800;600;0;https://lebuto.ru/upload/iblock/f43/9075chpvttkz7mu8fnkjaz3x042d72wa/9f856e3c_8747_11ed_812d_000c29cc4602_8f9fdcce_ac44_11ed_812d_000c29cc4602.jpeg;https://lebuto.ru/catalog/aksessuary_1/perchatki_varezhki/varezhki_kufun_36690_707/;цветная;;верх: 100% полиэстер подклад: 100% полиэстер наполнитель: 100% полиэстер;;Аксессуары;Перчатки, варежки
186;Варежки MACCO 30551 камуфляж;M;600;480;0;https://lebuto.ru/upload/iblock/e76/ny3xd6d3gkv02u6fzp0oxb2hicakqkf6/16ad31da_6f95_11ed_812d_000c29cc4602_5e5cba90_7325_11ed_812d_000c29cc4602.jpeg;https://lebuto.ru/catalog/aksessuary_1/perchatki_varezhki/varezhki_macco_30551_kamuflyazh/;хаки;;;;Аксессуары;Перчатки, варежки
187;Варежки RUESCH 75143 св.зел.;XL;400;300;27.78;https://lebuto.ru/upload/iblock/e12/e1286bc2d6717ac568e9cd1eb85f6e70.jpeg;https://lebuto.ru/catalog/aksessuary_1/perchatki_varezhki/varezhki_ruesch_75143_sv_zel/;зеленый;;100% полиэстер;;Аксессуары;Перчатки, варежки
188;Варежки SR SM200057C черный;S/M::L/XL;750;600;20;https://lebuto.ru/upload/iblock/efb/1fow7nezk6kmbca64xwueswsoulzty9y/face7b52_909d_11ed_812d_000c29cc4602_8dcca154_ac43_11ed_812d_000c29cc4602.jpeg;https://lebuto.ru/catalog/aksessuary_1/perchatki_varezhki/varezhki_sr_sm200057c_chernyy/;Черный;;верх: 100% полиэстер подклад: 100% полиэстер наполнитель: 100% полиэстер;;Аксессуары;Перчатки, варежки
189;Варежки Б/Н 05551 зеленый;M::L::XL;600;480;0;https://lebuto.ru/upload/iblock/6a0/6ga91qx69bfiyx0gj1vr9yt2ykpkvtv7/94206c74_874a_11ed_812d_000c29cc4602_7b21a09c_ace7_11ed_812d_000c29cc4602.jpeg;https://lebuto.ru/catalog/aksessuary_1/perchatki_varezhki/varezhki_b_n_05551_zelenyy/;зеленый;;полиэстер;;Аксессуары;Перчатки, варежки
190;Варежки Б/Н 05551 синий;L;600;480;20;https://lebuto.ru/upload/iblock/c24/8ydyrlxknhpnqal1cm3m2urmev1cfuku/606cb66f_874a_11ed_812d_000c29cc4602_89db7669_ac46_11ed_812d_000c29cc4602.jpeg;https://lebuto.ru/catalog/aksessuary_1/perchatki_varezhki/varezhki_b_n_05551_siniy/;Синий;;верх: 100% полиэстер подклад: 100% полиэстер наполнитель: 100% полиэстер;;Аксессуары;Перчатки, варежки
191;Варежки Б/Н 50352 цветные;M::L;600;480;0;https://lebuto.ru/upload/iblock/8a5/sjplz7ca1raaei4bjym584jm1d43q64m/3bb86753_90a6_11ed_812d_000c29cc4602_53b89b79_ac45_11ed_812d_000c29cc4602.jpeg;https://lebuto.ru/catalog/aksessuary_1/perchatki_varezhki/varezhki_b_n_50352_tsvetnye/;цветная;;верх: 100% полиэстер подклад: 100% полиэстер наполнитель: 100% полиэстер;;Аксессуары;Перчатки, варежки
192;Варежки детские HE TS1808 col: 8863;XS;400;300;0;https://lebuto.ru/upload/iblock/42e/3t7g1laetfi7p30fuepju8ticsj7jw4l/2923829b_4692_11ec_8101_000c29cc4602_5a040cc1_58cf_11ec_8102_000c29cc4602.jpeg;https://lebuto.ru/catalog/aksessuary_1/perchatki_varezhki/varezhki_detskie_high_experience_ts1808_col_8863/;цветная;;;;Аксессуары;Перчатки, варежки
193;Ветровка F Черный;L;1000;800;36.36;https://lebuto.ru/upload/iblock/855/85553145b82f4e34d90b5a503ec90a20.jpeg;https://lebuto.ru/catalog/muzhskaya_odezhda_1/vetrovki_vodolazki/vetrovki/vetrovka_f_chernyy/;Черный;;100% полиэстер;;Мужская одежда;Ветровки
194;Ветровка женская WR 320688 col: L03;42::44;1700;1360;21.46;https://lebuto.ru/upload/iblock/fd6/1b113104_40cc_11ea_80e2_000c29cc4602_c74ef37e_4d7a_11ea_80e2_000c29cc4602.jpeg;https://lebuto.ru/catalog/zhenskaya_odezhda_1/vetrovki_1/vetrovka_zhenskaya_whs_roma_320688_col_l03/;темно-синий;;верх: 100% нейлон, подклад: 100% полиэстер;;Женская одежда;Ветровки
195;Водолазка ATX 3106 Grey;M;2510;2510;0;https://lebuto.ru/upload/iblock/701/vb90sq17eoba1si8qg0o9qt4xv7rffuh/286756cd_4b54_11ec_8101_000c29cc4602_c9e820a7_505b_11ec_8101_000c29cc4602.jpeg;https://lebuto.ru/catalog/muzhskaya_odezhda_1/vetrovki_vodolazki/vodolazki/vodolazka_atx_3106_grey/;Серый;;;;Мужская одежда;Водолазки
196;Водолазка детск.Б/Н 9681 син.;12;400;299;25.25;https://lebuto.ru/upload/iblock/a34/50c3e6a9_b7e3_11e3_9ffd_000c29cc46f8_380dc735_ae93_11e5_b9f9_000c29cc4602.jpeg;https://lebuto.ru/catalog/devochkam_1/vodolazki_2/vodolazka_detsk_b_n_9681_sin/;Синий;;50% хлопок 50% полиэстер;;Девочкам;Водолазки
197;Галстук арт. 3012 красный;;150;100;;https://lebuto.ru/upload/iblock/709/hp2g9xg2coswx14zxfb25v6fu2n53u20/e13a10b4_09db_11ef_8147_000c29cc4602_f0e2c23c_5ebf_11ef_8158_000c29cc4602.jpg;https://lebuto.ru/catalog/malchikam_1/shkolnaya_forma/galstuk_art_3012_krasnyy/;;;;;Мальчикам;Школьная форма
198;Галстук Б/Н 20981-22 св.серый;one size;100;80;;https://lebuto.ru/upload/iblock/8db/ac9kebwzup1udrbyrzea1ga1j39u343v/d4376a8e_c5fc_11ec_8121_000c29cc4602_72e2eabd_b9df_11ef_816a_000c29cc4602.jpg;https://lebuto.ru/catalog/aksessuary_1/galstuki_1/galstuk_b_n_20981_22_sv_seryy/;св.серый;;;;Аксессуары;Галстуки
199;Галстук Б/Н 38604-01 темно-синий;one size;100;80;;https://lebuto.ru/upload/iblock/df0/oud03xbg1kbs04k4diskeitd013o2x3a/90843b88_c5fd_11ec_8121_000c29cc4602_404db769_b9e0_11ef_816a_000c29cc4602.jpg;https://lebuto.ru/catalog/aksessuary_1/galstuki_1/galstuk_b_n_38604_01_temno_siniy/;темно-синий;;;;Аксессуары;Галстуки
200;Галстук Б/Н 38604-02 темно-синий;one size;100;80;;https://lebuto.ru/upload/iblock/6b9/j9qacn1elj7veaqg8a27dlus5p6jxp52/e8b4e1ea_c5fd_11ec_8121_000c29cc4602_643f4c28_b9e0_11ef_816a_000c29cc4602.jpg;https://lebuto.ru/catalog/aksessuary_1/galstuki_1/galstuk_b_n_38604_02_temno_siniy/;темно-синий;;;;Аксессуары;Галстуки
201;Галстук-бабочка Б/Н 01966 темно-синий;one size;120;96;20;https://lebuto.ru/upload/iblock/06d/euhsp3ge5wybzsvxaq81nd2kqmupno9g/c3eb3e61_c5f9_11ec_8121_000c29cc4602_d6265aa2_cb7b_11ec_8121_000c29cc4602.jpeg;https://lebuto.ru/catalog/aksessuary_1/galstuki_1/galstuk_babochka_b_n_01966_temno_siniy/;темно-синий;;100% полиэстер;;Аксессуары;Галстуки
202;Галстук-бабочка Б/Н 01966 черный;one size;120;96;20;https://lebuto.ru/upload/iblock/66c/k7oxw3umv75gpmvyolvzpaqgjksnb29o/e9ee92db_c5f9_11ec_8121_000c29cc4602_e065ed53_cb7b_11ec_8121_000c29cc4602.jpeg;https://lebuto.ru/catalog/aksessuary_1/galstuki_1/galstuk_babochka_b_n_01966_chernyy/;Черный;;полиэстер;;Аксессуары;Галстуки
203;Гетры Б/Н 52217 желтый;one size;100;80;20.май;https://lebuto.ru/upload/iblock/a83/41d284bd_3687_11ea_80e2_000c29cc4602_38b9b1bd_4184_11ea_80e2_000c29cc4602.jpeg;https://lebuto.ru/catalog/aksessuary_1/getry/getry_b_n_52217_zheltyy/;желтый;;Полиэстер;;Аксессуары;Гетры
204;Гетры Б/Н 52217 красный;one size;100;80;20.май;https://lebuto.ru/upload/iblock/71f/ae7f5888_3686_11ea_80e2_000c29cc4602_fc7d0b20_4183_11ea_80e2_000c29cc4602.jpeg;https://lebuto.ru/catalog/aksessuary_1/getry/getry_b_n_52217_krasnyy/;красный;;Полиэстер;;Аксессуары;Гетры
205;Гетры Б/Н 52217 оранжевый;one size;100;80;20.май;https://lebuto.ru/upload/iblock/2b3/0d2b3394_3687_11ea_80e2_000c29cc4602_8ed7f091_4184_11ea_80e2_000c29cc4602.jpeg;https://lebuto.ru/catalog/aksessuary_1/getry/getry_b_n_52217_oranzhevyy/;оранжевый;;Полиэстер;;Аксессуары;Гетры
206;Гетры Б/Н 52217 розовый;one size;100;80;20.май;https://lebuto.ru/upload/iblock/096/dfcb8bb6_3686_11ea_80e2_000c29cc4602_9d5b35b8_4184_11ea_80e2_000c29cc4602.jpeg;https://lebuto.ru/catalog/aksessuary_1/getry/getry_b_n_52217_rozovyy/;розовый;;Полиэстер;;Аксессуары;Гетры
207;Гетры Б/Н 52217 салатовый;one size;100;80;20.май;https://lebuto.ru/upload/iblock/778/2bc5aa85_3687_11ea_80e2_000c29cc4602_68b8780f_4184_11ea_80e2_000c29cc4602.jpeg;https://lebuto.ru/catalog/aksessuary_1/getry/getry_b_n_52217_salatovyy/;салатовый;;Полиэстер;;Аксессуары;Гетры
208;Гольфы LUTIN 513610906A серо-черный;22-24 см;100;80;15;https://lebuto.ru/upload/iblock/e7b/2709a964_223b_11eb_80e9_000c29cc4602_1853f48e_27e7_11eb_80e9_000c29cc4602.jpeg;https://lebuto.ru/catalog/aksessuary_1/noskii/golfy_lutin_513610906a_sero_chernyy/;Серый;69;хлопок, полиэстер;;Аксессуары;Носки
209;Джемпер ADIKERS HT-080 темно-синий;2XL;1750;1250;28.57;https://lebuto.ru/upload/iblock/70a/886cd971_961d_11e8_9f15_000c29cc4602_f437f223_a45c_11e8_9f15_000c29cc4602.jpeg;https://lebuto.ru/catalog/muzhskaya_odezhda_1/dzhempery/dzhemper_adikers_ht_080_temno_siniy/;темно-синий;;100% хлопок;;Мужская одежда;Джемперы
210;Джемпер ADIKERS HT-18915 черный;3XL;1750;1250;28.57;https://lebuto.ru/upload/iblock/a5c/856fcebc_9620_11e8_9f15_000c29cc4602_a7a6976b_a9c3_11e8_9f15_000c29cc4602.jpeg;https://lebuto.ru/catalog/muzhskaya_odezhda_1/dzhempery/dzhemper_adikers_ht_18915_chernyy/;Черный;;100% хлопок;;Мужская одежда;Джемперы
211;Джемпер BGS 5507 сер.;S;1600;1250;21.87;https://lebuto.ru/upload/iblock/696/6964598cd220ed5ef1c7714748118dec.jpeg;https://lebuto.ru/catalog/muzhskaya_odezhda_1/dzhempery/dzhemper_bikkembergs_5507_ser/;Серый;;100% хлопок;;Мужская одежда;Джемперы
212;Джемпер арт. 2503 синий;140::134::146::152::158::164::170::176;400;300;51.72;https://lebuto.ru/upload/iblock/bf9/2rrxe3p1cj8l06cguz2lqdzj5jk7ulyz/4a20a8cb_e58e_11e3_91fe_000c29cc4602_9029090e_4391_11ed_812b_000c29cc4602.jpeg;https://lebuto.ru/catalog/malchikam_1/dzhempery_2/dzhemper_art_2503_siniy/;темно-синий;;100% хлопок;;Мальчикам;Джемперы
213;Джемпер арт. 2505 серый;36::42::40::38::34::44;300;240;20.апр;https://lebuto.ru/upload/iblock/2fa/9s8b36hcag30lo60dbe88y51myo28l47/0108181b_e6de_11e3_91fe_000c29cc4602_0895f0c6_a1e2_11ed_812d_000c29cc4602.jpeg;https://lebuto.ru/catalog/devochkam_1/dzhempery_3/dzhemper_art_2505_seryy/;Серый;;95% хлопок 5% полиэстер;;Девочкам;Джемперы
214;Джемпер Б/Н 5524 св.серый;S::L;300;240;27.36;https://lebuto.ru/upload/iblock/688/99a1a9ec_b6ba_11ea_80e9_000c29cc4602_8155b8cd_2e22_11eb_80e9_000c29cc4602.jpeg;https://lebuto.ru/catalog/zhenskaya_odezhda_1/dzhempery_1/dzhemper_b_n_5524_sv_seryy/;св.серый;;хлопок;;Женская одежда;Джемперы, пуловеры, свитеры
215;Джемпер Б/Н 73562 св.розовый;one size;200;160;22.33;https://lebuto.ru/upload/iblock/21c/4a2a6db4_b052_11ea_80e8_000c29cc4602_5a0f0b13_3923_11eb_80eb_000c29cc4602.jpeg;https://lebuto.ru/catalog/zhenskaya_odezhda_1/dzhempery_1/dzhemper_b_n_73562_sv_rozovyy/;св.розовый;;полиэстер;;Женская одежда;Джемперы, пуловеры, свитеры
216;Джемпер Б/Н 888015-22;XS::S::3XL::4XL;200;160;22.33;https://lebuto.ru/upload/iblock/2e3/3406fd7f_8240_11eb_80ed_000c29cc4602_80564600_984a_11eb_80ed_000c29cc4602.jpeg;https://lebuto.ru/catalog/zhenskaya_odezhda_1/dzhempery_1/dzhemper_b_n_888015_22/;цветная;94;100% акрил;;Женская одежда;Джемперы, пуловеры, свитеры
217;Джемпер детск.Б/Н D-0254 роз.;10::12::14::16::18::20;500;400;20;https://lebuto.ru/upload/iblock/f6e/f6e8dbfa6586c1d6b70b2392739e17f0.jpeg;https://lebuto.ru/catalog/devochkam_1/dzhempery_3/dzhemper_detsk_b_n_d_0254_roz/;розовый;;100% полиэстер;;Девочкам;Джемперы
218;Джемпер детск.Б/Н D-0254 сер.;12::10::14::16::18;500;400;20;https://lebuto.ru/upload/iblock/a9d/a9dd18d1e29c10cbad3b7a3e5925aba6.jpeg;https://lebuto.ru/catalog/devochkam_1/dzhempery_3/dzhemper_detsk_b_n_d_0254_ser/;Серый;;100% полиэстер;;Девочкам;Джемперы
219;Джемпер детск.Б/Н D-3293 бел.;18::34::10::12::14::16;500;400;20;https://lebuto.ru/upload/iblock/44f/44f1547dd8e06dcd01d3bd63a3e23d94.jpeg;https://lebuto.ru/catalog/devochkam_1/dzhempery_3/dzhemper_detsk_b_n_d_3293_bel/;белый;;50% хлопок 50% полиэстер;;Девочкам;Джемперы
220;Джемпер детск.Б/Н D-4571 сер.;10::12::14::16::18;450;350;22.22;https://lebuto.ru/upload/iblock/4f2/4f29f65198d115091400de273a25d25c.jpeg;https://lebuto.ru/catalog/devochkam_1/dzhempery_3/dzhemper_detsk_b_n_d_4571_ser/;Серый;;50% хлопок 50% полиэстер;;Девочкам;Джемперы
221;Джемпер детск.Б/Н D-7047 св.сер/бел.;12::10;400;300;20;https://lebuto.ru/upload/iblock/e0b/e0b97b813de4158d5f503d9519067bbd.jpeg;https://lebuto.ru/catalog/malchikam_1/dzhempery_2/dzhemper_detsk_b_n_d_7047_sv_ser_bel/;св.серый;;50% хлопок 50% акрил;;Мальчикам;Джемперы
222;Джемпер детск.Б/Н D-7047 т.сер/бел.;10;300;240;20;https://lebuto.ru/upload/iblock/8f9/56bc18e8_b7e3_11e3_9ffd_000c29cc46f8_b78d352e_ea4e_11e4_b152_000c29cc4602.jpeg;https://lebuto.ru/catalog/malchikam_1/dzhempery_2/dzhemper_detsk_b_n_d_7047_t_ser_bel/;т.серый;;50% хлопок 50% акрил;;Мальчикам;Джемперы
223;Джинсы B.L. GM021 синий;XS;600;480;30.85;https://lebuto.ru/upload/iblock/c05/1f12423f_b6b3_11ea_80e9_000c29cc4602_168a77ea_3466_11eb_80e9_000c29cc4602.jpeg;https://lebuto.ru/catalog/zhenskaya_odezhda_1/bryuki_1/bryuki_i_dzhinsy/dzhinsy_b_l_gm021_siniy/;Синий;;хлопок;;Женская одежда;Брюки и джинсы
224;Джинсы B.L. GM021 черный;XS;500;300;30.85;https://lebuto.ru/upload/iblock/466/d754cc2a_b6b2_11ea_80e9_000c29cc4602_291ceb6c_3466_11eb_80e9_000c29cc4602.jpeg;https://lebuto.ru/catalog/zhenskaya_odezhda_1/bryuki_1/bryuki_i_dzhinsy/dzhinsy_b_l_gm021_chernyy/;Черный;;хлопок;;Женская одежда;Брюки и джинсы
225;Джинсы C.D. 8598 св.синий;S;700;560;20.июль;https://lebuto.ru/upload/iblock/a2e/qtpbli52hmskils09quuwwd4nl1b2bn0/2dfda06e_b640_11ec_811f_000c29cc4602_003020e1_b7de_11ec_811f_000c29cc4602.jpeg;https://lebuto.ru/catalog/zhenskaya_odezhda_1/bryuki_1/bryuki_i_dzhinsy/dzhinsy_c_d_8598_sv_siniy/;св.синий;;;;Женская одежда;Брюки и джинсы
226;Джинсы Candy 801 голубой;S::M::L;500;400;25.83;https://lebuto.ru/upload/iblock/d05/acae34fb_70a1_11e9_80d3_000c29cc4602_2677e693_761f_11e9_80d3_000c29cc4602.jpeg;https://lebuto.ru/catalog/zhenskaya_odezhda_1/bryuki_1/bryuki_i_dzhinsy/dzhinsy_candy_801_goluboy/;голубой;;100% хлопок;;Женская одежда;Брюки и джинсы
227;Джинсы Jasty 801-14;M/42::S/40;500;400;38.54;https://lebuto.ru/upload/iblock/c89/feac8598_58c8_11e8_9f15_000c29cc4602_1ea74cc1_705f_11e8_9f15_000c29cc4602.jpeg;https://lebuto.ru/catalog/zhenskaya_odezhda_1/bryuki_1/bryuki_i_dzhinsy/dzhinsy_jasty_801_14/;голубой;;100% хлопок;;Женская одежда;Брюки и джинсы
228;Джинсы L.B.J. 1101 св.синий;M;500;400;23.15;https://lebuto.ru/upload/iblock/c6c/bd53a760_7af3_11ea_80e2_000c29cc4602_1d1705a4_9432_11ea_80e6_000c29cc4602.jpeg;https://lebuto.ru/catalog/zhenskaya_odezhda_1/bryuki_1/bryuki_i_dzhinsy/dzhinsy_l_b_j_1101_sv_siniy/;св.синий;;;;Женская одежда;Брюки и джинсы
229;Джинсы L.B.J. 8810 синий;M;500;400;46.15;https://lebuto.ru/upload/iblock/71c/836e128b_7af4_11ea_80e2_000c29cc4602_4094c664_9432_11ea_80e6_000c29cc4602.jpeg;https://lebuto.ru/catalog/zhenskaya_odezhda_1/bryuki_1/bryuki_i_dzhinsy/dzhinsy_l_b_j_8810_siniy/;Синий;;хлопок;;Женская одежда;Брюки и джинсы
230;Джинсы N.W. 1709 голубой;M::L;500;400;40.62;https://lebuto.ru/upload/iblock/823/92c96682_708b_11e9_80d3_000c29cc4602_3b01c51f_761f_11e9_80d3_000c29cc4602.jpeg;https://lebuto.ru/catalog/zhenskaya_odezhda_1/bryuki_1/bryuki_i_dzhinsy/dzhinsy_n_w_1709_goluboy/;голубой;;;;Женская одежда;Брюки и джинсы
231;Джинсы Rama ape 3236 черный;29;500;400;40.62;https://lebuto.ru/upload/iblock/563/8ae03db9_1ca2_11ea_80e0_000c29cc4602_f530cb78_838d_11ea_80e5_000c29cc4602.jpeg;https://lebuto.ru/catalog/zhenskaya_odezhda_1/bryuki_1/bryuki_i_dzhinsy/dzhinsy_rama_ape_3236_chernyy/;Черный;;верх: 100% хлопок, подклад: флис;;Женская одежда;Брюки и джинсы
232;Джинсы Y.Z.Z. Y3310 синий;30;500;400;40.62;https://lebuto.ru/upload/iblock/c12/96d48d5a_795d_11ea_80e2_000c29cc4602_afaaebd6_8389_11ea_80e5_000c29cc4602.jpeg;https://lebuto.ru/catalog/zhenskaya_odezhda_1/bryuki_1/bryuki_i_dzhinsy/dzhinsy_y_z_z_y3310_siniy/;Синий;;100% хлопок ;;Женская одежда;Брюки и джинсы
233;Жен. Пуховик В006537 BLACK (Черный);S (44)::XL (50);1500;990;53.33;https://lebuto.ru/upload/iblock/870/8702cbd3bb1e9e9ae388062140e0cfcf.jpeg;https://lebuto.ru/catalog/zhenskaya_odezhda_1/palto_1/palto_pukhovoe/zhen_pukhovik_v006537_black_chernyy/;Черный;;наполнитель : 90% пух, 10%перо;;Женская одежда;Пальто пуховое
234;Жен. Пуховик В006537 DARK CHOCOLATE (Коричневый);S (44);1500;990;53.33;https://lebuto.ru/upload/iblock/0b7/0b79f025bef101c3e46f1e639bfa3c4d.jpeg;https://lebuto.ru/catalog/zhenskaya_odezhda_1/palto_1/palto_pukhovoe/zhen_pukhovik_v006537_dark_chocolate_korichnevyy/;коричневый;;наполнитель : 90% пух, 10%перо;;Женская одежда;Пальто пуховое
235;Жен. Пуховик В007581 GOLDEN GLOW (Желтый);XS (42);1500;990;46.67;https://lebuto.ru/upload/iblock/b88/320c9c66_2336_11e7_924d_000c29cc4602_b6b63aca_b944_11e7_8967_000c29cc4602.jpeg;https://lebuto.ru/catalog/zhenskaya_odezhda_1/pukhoviki_zimnie_kurtki_i_palto/pukhoviki_1/zhen_pukhovik_v007581_golden_glow_zheltyy/;желтый;;Ткань верха, подклад : 100% полиэстер Утеплитель : 90% пух, 10% перо;;Женская одежда;Пуховики
236;Жен.Куртка В038586 BLACK (Черный);XS (42)::S (44);1500;990;24.37;https://lebuto.ru/upload/iblock/82c/4bbf37e4_1dc1_11e8_b359_000c29cc4602_d6c07a00_ef2f_11e9_80dd_000c29cc4602.jpeg;https://lebuto.ru/catalog/zhenskaya_odezhda_1/palto_1/palto_na_sintepone/zhen_kurtka_v038586_black_chernyy/;Черный;;Верх: 100% полиэстер, подклад: 100% полиэстер, наполнитель: 100% полиэстер;;Женская одежда;Пальто на синтепоне
237;Жен.Куртка В038586 DARK TEAL (Зеленый);XS (42);1500;990;24.37;https://lebuto.ru/upload/iblock/a55/bcee982e_1dc0_11e8_b359_000c29cc4602_ee0493df_ab2d_11e8_9f15_000c29cc4602.jpeg;https://lebuto.ru/catalog/zhenskaya_odezhda_1/palto_1/palto_na_sintepone/zhen_kurtka_v038586_dark_teal_zelenyy/;зеленый;;;;Женская одежда;Пальто на синтепоне
238;Жен.Куртка В038588 BLACK (Черный);S (44)::XS (42)::M (46)::XXL (52);1500;990;24.37;https://lebuto.ru/upload/iblock/3a8/9e36e35e_1dca_11e8_b359_000c29cc4602_1ca076ab_ef30_11e9_80dd_000c29cc4602.jpeg;https://lebuto.ru/catalog/zhenskaya_odezhda_1/palto_1/palto_na_sintepone/zhen_kurtka_v038588_black_chernyy/;Черный;;;;Женская одежда;Пальто на синтепоне
239;Жен.Куртка В038588 DUSTY YELLOW (Желтый);S (44)::XS (42)::M (46)::XL (50);1500;990;24.37;https://lebuto.ru/upload/iblock/5bb/4d74972a_1dcc_11e8_b359_000c29cc4602_1886b347_ab2e_11e8_9f15_000c29cc4602.jpeg;https://lebuto.ru/catalog/zhenskaya_odezhda_1/palto_1/palto_na_sintepone/zhen_kurtka_v038588_dusty_yellow_zheltyy/;желтый;;;;Женская одежда;Пальто на синтепоне
240;Жен.Куртка В038589 BLACK (Черный);XS (42)::M (46)::L (48)::XL (50)::S (44);1500;990;24.37;https://lebuto.ru/upload/iblock/22a/7da6888d_2b3f_11e8_b359_000c29cc4602_4512e867_ef30_11e9_80dd_000c29cc4602.jpeg;https://lebuto.ru/catalog/zhenskaya_odezhda_1/palto_1/palto_na_sintepone/zhen_kurtka_v038589_black_chernyy/;Черный;;;;Женская одежда;Пальто на синтепоне
241;Жен.Куртка В038590 BLACK (Черный);XS (42)::S (44);1500;990;24.37;https://lebuto.ru/upload/iblock/634/c9ca48ef_2b40_11e8_b359_000c29cc4602_6aa4ec2e_ef30_11e9_80dd_000c29cc4602.jpeg;https://lebuto.ru/catalog/zhenskaya_odezhda_1/palto_1/palto_na_sintepone/zhen_kurtka_v038590_black_chernyy/;Черный;;;;Женская одежда;Пальто на синтепоне
242;Жен.Пуховик В009611 (Синий);XS (42)::S (44)::L (48)::XL (50)::M (46);4900;3900;33.9;https://lebuto.ru/upload/iblock/ffc/4e116138_4c75_11e9_badb_000c29cc4602_a99c7757_ef30_11e9_80dd_000c29cc4602.jpeg;https://lebuto.ru/catalog/zhenskaya_odezhda_1/pukhoviki_zimnie_kurtki_i_palto/pukhoviki_1/zhen_pukhovik_v009611_siniy/;Синий;;;;Женская одежда;Пуховики
243;Жилет арт. 1204 меланж;38::30::32::42::44;200;150;0;https://lebuto.ru/upload/iblock/5fe/4ov0295u65vffetctq6uhc53lx22peld/4faa477e_e172_11e3_91fe_000c29cc4602_f3e75120_a1df_11ed_812d_000c29cc4602.jpeg;https://lebuto.ru/catalog/devochkam_1/shkolnaya_forma_1/zhilet_art_1204_melanzh/;темно-синий;;70% полиэстер 20% вискозо 10% шерсть;;Девочкам;Школьная форма
244;Жилет арт. 1204 серый;34::38::42::40::44::32::48::30::50::46::36;200;150;26.92;https://lebuto.ru/upload/iblock/18c/cgbdaqvaj8bzrlqxm9zftt57h4gb2dvg/6f475fdf_dff3_11e3_91fe_000c29cc4602_32d5241a_a1e0_11ed_812d_000c29cc4602.jpeg;https://lebuto.ru/catalog/devochkam_1/shkolnaya_forma_1/zhilet_art_1204_seryy/;Серый;;70% хлопок 20% вискоза 10% шерсть;;Девочкам;Школьная форма
245;Жилет арт. 1204 синий;36::44::46::38::34::48::30::32::42::52::50::40;200;150;28.57;https://lebuto.ru/upload/iblock/e2a/id59ev5ik71sh1537eawwd6tmt5b8tlj/66581705_e0c9_11e3_91fe_000c29cc4602_56209a8b_a1e0_11ed_812d_000c29cc4602.jpeg;https://lebuto.ru/catalog/devochkam_1/shkolnaya_forma_1/zhilet_art_1204_siniy/;Синий;;10% шерсть 20% вискоза 70% полиэстер;;Девочкам;Школьная форма
246;Жилет арт. 1205 синий меланж;30::32::34::36::38::40::42::44::46::48::50;200;160;25.64;https://lebuto.ru/upload/iblock/c5d/yztwitj9v3c1v2z3h423ee0l2cn73kym/9943e103_62a1_11e6_894d_000c29cc4602_fa804f2a_16f0_11ed_812b_000c29cc4602.jpeg;https://lebuto.ru/catalog/devochkam_1/shkolnaya_forma_1/zhilet_art_1205_siniy_melanzh/;Синий;;70% полиэстер, 20% вискоза 10% шерсть;;Девочкам;Школьная форма
247;Жилет арт. 2210 серый;182::170::158::152::164::176::140::146::134;300;240;;https://lebuto.ru/upload/iblock/83e/bso4m09n2dfl3su3mf8djbemb5at085y/c3d803e1_e08b_11e3_91fe_000c29cc4602_fdb831e5_5ec6_11ef_8158_000c29cc4602.jpg;https://lebuto.ru/catalog/malchikam_1/shkolnaya_forma/zhilet_art_2210_seryy/;Серый;;100% хлопок;;Мальчикам;Школьная форма
248;Жилет арт. 2210 серый с красным кантом;158::164::170::176;700;500;31.58;https://lebuto.ru/upload/iblock/2cd/f3140d75_fa7b_11e3_a080_000c29cc4602_a76b9094_84c5_11e8_9f15_000c29cc4602.jpeg;https://lebuto.ru/catalog/malchikam_1/shkolnaya_forma/zhilet_art_2210_seryy_s_krasnym_kantom/;Серый;;100% хлопок;;Мальчикам;Школьная форма
249;Жилет арт. 2210 серый с серым кантом;140::146::152::158::164::170::176::182;700;500;31.58;https://lebuto.ru/upload/iblock/170/80fd8243_fa7c_11e3_a080_000c29cc4602_c95872df_84c5_11e8_9f15_000c29cc4602.jpeg;https://lebuto.ru/catalog/malchikam_1/shkolnaya_forma/zhilet_art_2210_seryy_s_serym_kantom/;Серый;;100% хлопок;;Мальчикам;Школьная форма
250;Жилет арт. 2212 серый;152::158::164::170::176::182::140::146;300;240;28.61;https://lebuto.ru/upload/iblock/4b3/oyro64o5slfmx04up61s0p7zxmqg9wot/8c2cadd0_e872_11e3_91fe_000c29cc4602_df198b48_16f3_11ed_812b_000c29cc4602.jpeg;https://lebuto.ru/catalog/malchikam_1/shkolnaya_forma/zhilet_art_2212_seryy/;Серый;;95% хлопок 5% полиэстер;;Мальчикам;Школьная форма
251;Жилет арт. 2213 синий;164::170::176::182::188;700;390;;https://lebuto.ru/upload/iblock/3dd/81i9whx8s5jxbdp7t6a03ugl5ns3ir0r/179d26d2_e088_11e3_91fe_000c29cc4602_719e5ae2_5ec8_11ef_8158_000c29cc4602.jpg;https://lebuto.ru/catalog/malchikam_1/shkolnaya_forma/zhilet_art_2213_siniy/;Синий;;100% хлопок;р. 134 на рост 120-128 см. р. 164 на рост 152-158 см р. 170 на рост 164 см. р. 176 на рост 170 см. р. 182 на рост 176-180 см.;Мальчикам;Школьная форма
252;Жилет арт. 2217 синий меланж;30::32::34::36::38::42::44::46::48::40;200;150;25.64;https://lebuto.ru/upload/iblock/613/ysl7dna58aqn13dpmuk50k2csr85bkup/3b308cea_62aa_11e6_894d_000c29cc4602_e54fb801_16ee_11ed_812b_000c29cc4602.jpeg;https://lebuto.ru/catalog/malchikam_1/shkolnaya_forma/zhilet_art_2217_siniy_melanzh/;Т.синий;;20% вискоза 70% полиэстер;;Мальчикам;Школьная форма
253;Жилет арт. 2217 черный;44::42::30::32::34::36::38::46::48;200;150;28.57;https://lebuto.ru/upload/iblock/72a/tf1gpugdz6yzq03zeg5271ajewbw4wb4/eb29a352_e083_11e3_91fe_000c29cc4602_cbfe579b_16f4_11ed_812b_000c29cc4602.jpeg;https://lebuto.ru/catalog/malchikam_1/shkolnaya_forma/zhilet_art_2217_chernyy/;Черный;;10% шерсть 20% вискоза 70% полиэстер;;Мальчикам;Школьная форма
254;Жилет Б/Н 98366 серый;one size;500;400;43.33;https://lebuto.ru/upload/iblock/724/ca2b84a3_c95a_11e9_80dc_000c29cc4602_5dad2b5d_d84e_11e9_80dd_000c29cc4602.jpeg;https://lebuto.ru/catalog/zhenskaya_odezhda_1/zhilety_1/zhilet_b_n_98366_seryy/;Серый;;акрил;;Женская одежда;Жилеты
255;Жилет Б/Н 98366 темно-синий;one size;500;400;43.33;https://lebuto.ru/upload/iblock/7da/e1f509b4_c95a_11e9_80dc_000c29cc4602_66f8e9e6_d84e_11e9_80dd_000c29cc4602.jpeg;https://lebuto.ru/catalog/zhenskaya_odezhda_1/zhilety_1/zhilet_b_n_98366_temno_siniy/;темно-синий;;акрил;;Женская одежда;Жилеты
256;Жилет Б/Н 98366 черный;one size;500;400;43.33;https://lebuto.ru/upload/iblock/509/f70ece88_c95a_11e9_80dc_000c29cc4602_76581391_d84e_11e9_80dd_000c29cc4602.jpeg;https://lebuto.ru/catalog/zhenskaya_odezhda_1/zhilety_1/zhilet_b_n_98366_chernyy/;Черный;;акрил;;Женская одежда;Жилеты
257;Жилет детск.NIBOYZ 1015 бел.;2XL::L::M::S::XL;300;200;;https://lebuto.ru/upload/iblock/976/jsscudgs2eppj21hoicdvjx0b1k2mbfw/4857484e_b7e3_11e3_9ffd_000c29cc46f8_997f120b_5ec8_11ef_8158_000c29cc4602.jpg;https://lebuto.ru/catalog/malchikam_1/shkolnaya_forma/zhilet_detsk_niboyz_1015_bel/;белый;;Хлопок 100%;р. S/28 рост 117-122 см. р. М/30 - 123-128 см. р. L/32 - 129-134 см. р. XL/34 - 135 см. р. XXL/36 - 140 см.;Мальчикам;Школьная форма
258;Жилет детск.NIBOYZ 7308 красн.;2XL::L::M::S;300;240;;https://lebuto.ru/upload/iblock/eee/q42rbm45z78v81j289ea7eihohm046qn/4857486a_b7e3_11e3_9ffd_000c29cc46f8_ea786015_5deb_11ef_8158_000c29cc4602.jpg;https://lebuto.ru/catalog/malchikam_1/shkolnaya_forma/zhilet_detsk_niboyz_7308_krasn/;красный;;Хлопок 100%;;Мальчикам;Школьная форма
259;Жилет детск.NIBOYZ 7308 син.;2XL::L::S;300;200;;https://lebuto.ru/upload/iblock/a76/avgaenja58l82eqtth5xpju859h82s8x/48574871_b7e3_11e3_9ffd_000c29cc46f8_b86432f8_5b9c_11ef_8157_000c29cc4602.jpg;https://lebuto.ru/catalog/malchikam_1/shkolnaya_forma/zhilet_detsk_niboyz_7308_sin/;Синий;;100% хлопок;р. S/28 рост 117-122 см. р. М/30 - 123-128 см. р. L/32 - 129-134 см. р. XL/34 - 135 см. р. XXL/36 - 140 см.;Мальчикам;Школьная форма
260;Жилет женский на синтепухе Merlion ELENA (желто/белый);2XS;950;760;44.12;https://lebuto.ru/upload/iblock/ab2/ab23609d4f9b450543a719fc152f7702.jpeg;https://lebuto.ru/catalog/zhenskaya_odezhda_1/zhilety_1/zhilet_zhenskiy_na_sintepukhe_merlion_elena_zhelto_belyy/;желтый;;Материал верха: 100% полиэстер, подклад: 100% полиэстер, наполнитель: 100% холлофайбер;;Женская одежда;Жилеты
261;Жилет женский на синтепухе Merlion ELENA (салатовый/синий);2XS;950;760;20.83;https://lebuto.ru/upload/iblock/7d7/47056187_5b0c_11e7_8967_000c29cc4602_032381da_91f4_11e7_8967_000c29cc4602.jpeg;https://lebuto.ru/catalog/zhenskaya_odezhda_1/zhilety_1/zhilet_zhenskiy_na_sintepukhe_merlion_elena_salatovyy_siniy/;салатовый;;Материал верха: 100% полиэстер, подклад: 100% полиэстер, наполнитель: 100% холлофайбер;;Женская одежда;Жилеты
262;Жилет женский на синтепухе Merlion ELENA (шоколад/желтый);2XS;950;760;44.12;https://lebuto.ru/upload/iblock/d47/0e79200a_5b0d_11e7_8967_000c29cc4602_18c69ca5_91f4_11e7_8967_000c29cc4602.jpeg;https://lebuto.ru/catalog/zhenskaya_odezhda_1/zhilety_1/zhilet_zhenskiy_na_sintepukhe_merlion_elena_shokolad_zheltyy/;шоколад;;Материал верха: 100% полиэстер, подклад: 100% полиэстер, наполнитель: 100% холлофайбер;;Женская одежда;Жилеты
263;Жилет женский на синтепухе R ELENA (св. синий);XL::S::M::L;1500;900;35.29;https://lebuto.ru/upload/iblock/1f2/0mlywenpx4w0tq0xwylr4pd6n1seoz73/d37149de_5ffc_11e4_9d80_000c29cc4602_47f7e576_dc04_11ec_8121_000c29cc4602.jpeg;https://lebuto.ru/catalog/zhenskaya_odezhda_1/zhilety_1/zhilet_zhenskiy_na_sintepukhe_russia_elena_sv_siniy/;св.синий;;Материал верха: 100% полиэстер, подклад: 100% полиэстер, наполнитель: 100% холлофайбер;;Женская одежда;Жилеты
264;Жилет женский на синтепухе R ELENA (синий);S::M::L::XL;1500;900;26.67;https://lebuto.ru/upload/iblock/835/4c007ivo4wej7vx9vtujmfwv2gngilzj/5f67f17e_5ffe_11e4_9d80_000c29cc4602_2d47b05a_dc04_11ec_8121_000c29cc4602.jpeg;https://lebuto.ru/catalog/zhenskaya_odezhda_1/zhilety_1/zhilet_zhenskiy_na_sintepukhe_russia_elena_siniy/;Синий;;Материал верха: 100% полиэстер, подклад: 100% полиэстер, наполнитель: 100% холлофайбер;;Женская одежда;Жилеты
265;"Жилет мужской утепленный Merlion ""Iven"" (т.синий)";S;2950;1950;33.9;https://lebuto.ru/upload/iblock/139/4456a9ab_2a3b_11eb_80e9_000c29cc4602_69519745_386c_11eb_80eb_000c29cc4602.jpeg;https://lebuto.ru/catalog/muzhskaya_odezhda_1/zhilety/zhilet_muzhskoy_uteplennyy_merlion_iven_t_siniy/;Т.синий;;верх: 100% полиэстер, подклад: 100% полиэстер, наполнитель: биопух (100% холлофайбер);;Мужская одежда;Жилеты
266;Жилет пуховый женский Б/Н 73277 черный;;1200;900;;https://lebuto.ru/upload/iblock/6ab/7xxt5ur7ycwpr1a4c1i9zcx1xjh3429z/0cafe581_0144_11ef_8146_000c29cc4602_82aca230_b859_11ef_816a_000c29cc4602.jpg;https://lebuto.ru/catalog/zhenskaya_odezhda_1/zhilety_1/zhilet_pukhovyy_zhenskiy_b_n_73277_chernyy_1/;;;;;Женская одежда;Жилеты
267;Жилет школьный (красный);170::176::134::182;900;499;33.47;https://lebuto.ru/upload/iblock/cfd/cfddc30d3358626af105a226584738d6.jpeg;https://lebuto.ru/catalog/malchikam_1/shkolnaya_forma/zhilet_shkolnyy_krasnyy/;красный;;100% хлопок;р. 134 на рост 120-128 см. р. 164 на рост 152-158 см р. 170 на рост 164 см. р. 176 на рост 170 см. р. 182 на рост 176-180 см.;Мальчикам;Школьная форма
268;Жилет школьный (черный);158::182::140::176::170::152::134::164::146;400;300;33.47;https://lebuto.ru/upload/iblock/51a/51a8e3053ff7684542ca40dee21487ee.jpeg;https://lebuto.ru/catalog/malchikam_1/shkolnaya_forma/zhilet_shkolnyy_chernyy/;Черный;;100% хлопок;р. 134 на рост 120-128 см. р. 164 на рост 152-158 см р. 170 на рост 164 см. р. 176 на рост 170 см. р. 182 на рост 176-180 см.;Мальчикам;Школьная форма
269;Защита запястья с/б LIDAKIS 22996 черный;one size;800;600;25;https://lebuto.ru/upload/iblock/476/d65579fe_e604_11e7_9fe4_000c29cc4602_0a534d83_1fc1_11ea_80e0_000c29cc4602.jpeg;https://lebuto.ru/catalog/aksessuary_1/zashchita/zashchita_zapyastya_s_b_lidakis_22996_chernyy/;Черный;;Полиэстер;;Аксессуары;Защита
270;Защита колена Б/Н HEHJ400-1 бурый медведь;one size;900;720;37.07;https://lebuto.ru/upload/iblock/7bc/iq7zku9z2oe4uetaebv00r9c7ljb6jpa/43daac39_3e14_11ed_812b_000c29cc4602_f9b52653_b724_11ed_812d_000c29cc4602.jpeg;https://lebuto.ru/catalog/aksessuary_1/zashchita/zashchita_kolena_b_n_hehj400_1_buryy_medved/;коричневый;;100% полиэстер;;Аксессуары;Защита
271;Защита колена Б/Н HEHJ500-1 черепаха;one size;900;720;37.07;https://lebuto.ru/upload/iblock/027/x1vnli3819qe8dinmtuu1wnsum8f0ii5/72450b9d_3e15_11ed_812b_000c29cc4602_9a929ca9_b727_11ed_812d_000c29cc4602.jpeg;https://lebuto.ru/catalog/aksessuary_1/zashchita/zashchita_kolena_b_n_hehj500_1_cherepakha/;зеленый;;100% полиэстер;;Аксессуары;Защита
272;Защита колена Б/Н HEHJ600-1 панда;one size;900;720;37.07;https://lebuto.ru/upload/iblock/039/ep7n9zjiwinlhzoha7zw0ex3uc7mlq1n/a6c824c1_49f2_11ed_812c_000c29cc4602_521a6298_b727_11ed_812d_000c29cc4602.jpeg;https://lebuto.ru/catalog/aksessuary_1/zashchita/zashchita_kolena_b_n_hehj600_1_panda/;белый;;100% полиэстер;;Аксессуары;Защита
273;Защита колена Б/Н HEHJ700-1 белый медведь;one size;900;720;37.07;https://lebuto.ru/upload/iblock/9df/a88ncoo41nhzha4yfnzqtbr9kydfyffy/956f1aff_49f3_11ed_812c_000c29cc4602_050333eb_b727_11ed_812d_000c29cc4602.jpeg;https://lebuto.ru/catalog/aksessuary_1/zashchita/zashchita_kolena_b_n_hehj700_1_belyy_medved/;белый;;100% полиэстер;;Аксессуары;Защита
274;Защита на запястье HE HEHW2298 Black;M::L::XL;1000;700;;https://lebuto.ru/upload/iblock/bfc/vhw1dhew85v7c5gy9q699gxac6jxf91q/29133b28_3b1b_11ed_812b_000c29cc4602_819b1389_b9f1_11ef_816a_000c29cc4602.jpg;https://lebuto.ru/catalog/aksessuary_1/zashchita/zashchita_na_zapyaste_he_hehw2298_black/;Черный;;;;Аксессуары;Защита
275;Защита на руки длинная с/б LIDAKIS 55991 черно-серый;S::M::L::XL;900;720;29.73;https://lebuto.ru/upload/iblock/88e/769b79a3_e600_11e7_9fe4_000c29cc4602_2269781f_1fbf_11ea_80e0_000c29cc4602.jpeg;https://lebuto.ru/catalog/aksessuary_1/zashchita/zashchita_na_ruki_dlinnaya_s_b_lidakis_55991_cherno_seryy/;Серый;;Полиэстер;;Аксессуары;Защита
276;Защита с/б LIDAKIS (торс+брюки) L003L черный;M::S;6500;5200;34.62;https://lebuto.ru/upload/iblock/099/mu4m65r9gpzwe1hkilkoiomsrn22q0wx/d3e33eb9_e603_11e7_9fe4_000c29cc4602_7980609f_732a_11ed_812d_000c29cc4602.jpeg;https://lebuto.ru/catalog/aksessuary_1/zashchita/zashchita_s_b_lidakis_tors_bryuki_l003l_chernyy/;Черный;;;;Аксессуары;Защита
277;Защита с/б LIDAKIS(защита запястья+наколенники+защитные шорты) 1003L черный;S::M;2700;2160;27.27;https://lebuto.ru/upload/iblock/552/4b8rodrc3xfyq1za722wk4d0xttnbhi3/bcf751d3_e602_11e7_9fe4_000c29cc4602_d79c1e07_1fbe_11ea_80e0_000c29cc4602.jpeg;https://lebuto.ru/catalog/aksessuary_1/zashchita/zashchita_s_b_lidakis_zashchita_zapyastya_nakolenniki_zashchitnye_shorty_1003l_chernyy/;Черный;;Полиэстер;;Аксессуары;Защита
278;Защита с/б мужская LIDAKIS (наколенники+шорты защитные) 46552 черный;S;2200;1760;22.22;https://lebuto.ru/upload/iblock/15b/ec07af86_e5fe_11e7_9fe4_000c29cc4602_01acb552_1fbf_11ea_80e0_000c29cc4602.jpeg;https://lebuto.ru/catalog/aksessuary_1/zashchita/zashchita_s_b_muzhskaya_lidakis_nakolenniki_shorty_zashchitnye_46552_chernyy/;Черный;;Полиэстер;;Аксессуары;Защита
279;Защита тела Б/Н HEHJ400 бурый медведь;one size;1200;960;37.04;https://lebuto.ru/upload/iblock/f87/vf4j5hqzyduabs530skm2f4mjwtij613/c61f7ca8_3e13_11ed_812b_000c29cc4602_23714d4f_b725_11ed_812d_000c29cc4602.jpeg;https://lebuto.ru/catalog/aksessuary_1/zashchita/zashchita_tela_b_n_hehj400_buryy_medved/;коричневый;;100% полиэстер;;Аксессуары;Защита
280;Защита тела Б/Н HEHJ500 черепаха;one size;1200;960;20;https://lebuto.ru/upload/iblock/4e2/2101y1ck11dudfas6czx4c36x0ftvbbi/b6a84e59_3e15_11ed_812b_000c29cc4602_9c9c3538_b726_11ed_812d_000c29cc4602.jpeg;https://lebuto.ru/catalog/aksessuary_1/zashchita/zashchita_tela_b_n_hehj500_cherepakha/;зеленый;;100% полиэстер;;Аксессуары;Защита
281;Защита тела Б/Н HEHJ600 панда;one size;1200;960;20;https://lebuto.ru/upload/iblock/1c6/nyn581o1vxetyxicr2h2cuvkrgmb0jny/5611561f_49f2_11ed_812c_000c29cc4602_42d62097_b726_11ed_812d_000c29cc4602.jpeg;https://lebuto.ru/catalog/aksessuary_1/zashchita/zashchita_tela_b_n_hehj600_panda/;белый;;100% полиэстер;;Аксессуары;Защита
282;Защита тела Б/Н HEHJ700 белый медведь;one size;1200;960;20;https://lebuto.ru/upload/iblock/87c/ozpe5b1jhmdejpjigkkdd1qme8o6f9ow/6320e201_49f3_11ed_812c_000c29cc4602_e1439ca4_b725_11ed_812d_000c29cc4602.jpeg;https://lebuto.ru/catalog/aksessuary_1/zashchita/zashchita_tela_b_n_hehj700_belyy_medved/;белый;;100% полиэстер;;Аксессуары;Защита
283;Капюшон пуховой женский U 121031 (бежевый 5029);one size;1500;1100;26.67;https://lebuto.ru/upload/iblock/79e/gn4gtxt434jyk680f9nhaqbp4kg6gsd1/aa20cfa9_ac22_11ed_812d_000c29cc4602_1fd7b633_7ed1_11ee_8132_000c29cc4602.jpeg;https://lebuto.ru/catalog/aksessuary_1/shapki_kepki_bandany/shapki/kapyushon_pukhovoy_zhenskiy_u_121031_bezhevyy_5029/;бежевый;;Верх: 100% полиэстер. Подклад: 100% полиэстер. Утеплитель: 92% гусиный пух, 8% перо;;Аксессуары;Шапки
284;Капюшон пуховой женский U 121031 (оливковый 5019);one size;1500;1100;26.67;https://lebuto.ru/upload/iblock/11c/1aqtfuh55k86rjrny50qdygt3meipitb/7f610703_8963_11ec_811d_000c29cc4602_ae8a4cb6_6955_11ed_812c_000c29cc4602.jpeg;https://lebuto.ru/catalog/aksessuary_1/shapki_kepki_bandany/shapki/kapyushon_pukhovoy_zhenskiy_u_121031_olivkovyy_5019/;Оливковый;;верх: 100 % полиэстер утеплитель: 100% гусиный пух подклад: 100% полиэстер ;;Аксессуары;Шапки
285;Капюшон пуховой женский U 121031 (розовый 5020);one size;1500;1100;26.67;https://lebuto.ru/upload/iblock/29e/q364rrqwddpj57i4f0zxkq6sdzz40onr/c8f163d4_c053_11ec_8120_000c29cc4602_528e9cf1_7ed2_11ee_8132_000c29cc4602.jpeg;https://lebuto.ru/catalog/aksessuary_1/shapki_kepki_bandany/shapki/kapyushon_pukhovoy_zhenskiy_u_121031_rozovyy_5020/;розовый;;Верх: 100% полиэстер. Подклад: 100% полиэстер. Утеплитель: 92% гусиный пух, 8% перо;;Аксессуары;Шапки
286;Капюшон пуховой женский U 121031 (серый 5018);one size;1500;1100;26.67;https://lebuto.ru/upload/iblock/fa2/8oii9tfhuavrgpamaieznxyw9ig6k8n7/9f8f68ef_aa70_11ec_811f_000c29cc4602_1dc4bd11_694d_11ed_812c_000c29cc4602.jpeg;https://lebuto.ru/catalog/aksessuary_1/shapki_kepki_bandany/shapki/kapyushon_pukhovoy_zhenskiy_u_121031_seryy_5018/;Серый;;Верх: 100% полиэстер. Подклад: 100% полиэстер. Утеплитель: 92% гусиный пух, 8% перо;;Аксессуары;Шапки
287;Капюшон пуховой женский U 121031 (серый 5027);one size;1500;1100;26.67;https://lebuto.ru/upload/iblock/b46/zmt11nf57osbu8px45ltv3phb2nw98xb/6e0d1319_ac23_11ed_812d_000c29cc4602_9feee0a9_7ed2_11ee_8132_000c29cc4602.jpeg;https://lebuto.ru/catalog/aksessuary_1/shapki_kepki_bandany/shapki/kapyushon_pukhovoy_zhenskiy_u_121031_seryy_5027/;Серый;;Верх: 100% полиэстер. Подклад: 100% полиэстер. Утеплитель: 92% гусиный пух, 8% перо;;Аксессуары;Шапки
288;Капюшон пуховой женский U 121031 (синий 5016);one size;1500;1100;26.67;https://lebuto.ru/upload/iblock/bc7/yxpqhar2fa7mrg7vs4kudd3e0ho155sy/7088d68c_aa70_11ec_811f_000c29cc4602_41983973_694d_11ed_812c_000c29cc4602.jpeg;https://lebuto.ru/catalog/aksessuary_1/shapki_kepki_bandany/shapki/kapyushon_pukhovoy_zhenskiy_u_121031_siniy_5016/;Синий;;Верх: 100% полиэстер. Подклад: 100% полиэстер. Утеплитель: 92% гусиный пух, 8% перо;;Аксессуары;Шапки
289;Капюшон пуховой женский U 121031 (фуксия 5059);one size;1500;1500;0;https://lebuto.ru/upload/iblock/2b7/twwzrioltp1p6rcn3vhron3c0ib2ztew/a822e8ec_c054_11ec_8120_000c29cc4602_09e2b878_663f_11ed_812c_000c29cc4602.jpeg;https://lebuto.ru/catalog/aksessuary_1/shapki_kepki_bandany/shapki/kapyushon_pukhovoy_zhenskiy_u_121031_fuksiya_5059/;фуксия;;Верх: 100% полиэстер. Подклад: 100% полиэстер. Утеплитель: 92% гусиный пух, 8% перо;;Аксессуары;Шапки
290;Капюшон пуховой женский U 121031 (черный 1099);one size;1500;1500;0;https://lebuto.ru/upload/iblock/94b/a9dbua6kp5atqnsgxzry3y7euj0x28l3/967a9652_ac21_11ed_812d_000c29cc4602_92df2867_7ed3_11ee_8132_000c29cc4602.jpeg;https://lebuto.ru/catalog/aksessuary_1/shapki_kepki_bandany/shapki/kapyushon_pukhovoy_zhenskiy_u_121031_chernyy_1099/;Черный;;Верх: 100% полиэстер. Подклад: 100% полиэстер. Утеплитель: 92% гусиный пух, 8% перо;;Аксессуары;Шапки
291;Капюшон пуховой женский U 121031 (черный 5054);one size;1500;1500;0;https://lebuto.ru/upload/iblock/bc2/1csudadtpson56niz8ktr3u6cxyhws61/764e5471_ac21_11ed_812d_000c29cc4602_c3b8770b_7ed3_11ee_8132_000c29cc4602.jpeg;https://lebuto.ru/catalog/aksessuary_1/shapki_kepki_bandany/shapki/kapyushon_pukhovoy_zhenskiy_u_121031_chernyy_5054/;Черный;;Верх: 100% полиэстер. Подклад: 100% полиэстер. Утеплитель: 92% гусиный пух, 8% перо;;Аксессуары;Шапки
292;Капюшон пуховой женский U 121031 (ярко-синий 5060);one size;1500;1500;0;https://lebuto.ru/upload/iblock/15c/ln5ovb12opon1zaal1g14yu9vjob38u5/d4232296_c054_11ec_8120_000c29cc4602_55f91776_694d_11ed_812c_000c29cc4602.jpeg;https://lebuto.ru/catalog/aksessuary_1/shapki_kepki_bandany/shapki/kapyushon_pukhovoy_zhenskiy_u_121031_yarko_siniy_5060/;;;;;Аксессуары;Шапки
293;Кеды подростковые арт 5005 (черный);31::32::33::34;100;80;50;https://lebuto.ru/upload/iblock/dcb/a7zvrrmv2mlt7rwkdmbod3cm6o1fa1b1/8b1ff645_dbe3_11e3_91fe_000c29cc4602_860eba08_c52b_11ec_8120_000c29cc4602.jpeg;https://lebuto.ru/catalog/aksessuary_1/obuv_1/kedy_podrostkovye_art_5005_chernyy/;Черный;;хлопок, резина;;Аксессуары;Обувь
294;Кеды спортивные арт 5007 (черный);34;100;80;50;https://lebuto.ru/upload/iblock/d34/wf1cpjmzjukfzadh8yujov1imf8taazo/fa0566a1_dbe4_11e3_91fe_000c29cc4602_a8921cbf_c529_11ec_8120_000c29cc4602.jpeg;https://lebuto.ru/catalog/aksessuary_1/obuv_1/kedy_sportivnye_art_5007_chernyy/;Черный;;ткань верха: 100% хлопок, подошва: резина;;Аксессуары;Обувь
295;Кепка BOSCO 21547 бел/син.;one size;100;80;13.65;https://lebuto.ru/upload/iblock/e9d/e9d68ac6d7ef2c68ca79f81b382cd4fd.jpeg;https://lebuto.ru/catalog/aksessuary_1/shapki_kepki_bandany/kepki/kepka_bosco_21547_bel_sin/;белый;;100% хлопок;;Аксессуары;Кепки
296;Кепка F-1 (белый);one size;200;160;27.27;https://lebuto.ru/upload/iblock/91f/91f86893b4e92636728c0c95312279fe.jpeg;https://lebuto.ru/catalog/aksessuary_1/shapki_kepki_bandany/kepki/kepka_f_1_belyy/;белый;;;;Аксессуары;Кепки
297;Кепка F-1 (красный);one size;200;160;27.27;https://lebuto.ru/upload/iblock/3b5/3b5aaaac380a263bdef10780ccbe7c85.jpeg;https://lebuto.ru/catalog/aksessuary_1/shapki_kepki_bandany/kepki/kepka_f_1_krasnyy/;красный;;;;Аксессуары;Кепки
298;Кепка F-1 (серый);one size;200;160;27.27;https://lebuto.ru/upload/iblock/978/978fab7fe9773f7fa35950b3f22f9af9.jpeg;https://lebuto.ru/catalog/aksessuary_1/shapki_kepki_bandany/kepki/kepka_f_1_seryy/;Серый;;;;Аксессуары;Кепки
299;Кепка F-1 Ferrari (красный);one size;200;160;27.27;https://lebuto.ru/upload/iblock/b73/35f355e3_ed6c_11e4_ae9c_000c29cc4602_705cab6f_eb2b_11e5_894d_000c29cc4602.jpeg;https://lebuto.ru/catalog/aksessuary_1/shapki_kepki_bandany/kepki/kepka_f_1_ferrari_krasnyy/;красный;;100% хлопок;;Аксессуары;Кепки
300;кепка FORMULA-1 белая;one size;200;160;25;https://lebuto.ru/upload/iblock/a4b/2d09ef10_b7e7_11e3_9ffd_000c29cc46f8_79a47753_7e70_11e8_9f15_000c29cc4602.jpeg;https://lebuto.ru/catalog/aksessuary_1/shapki_kepki_bandany/kepki/kepka_formula_1_belaya/;белый;;100% хлопок;;Аксессуары;Кепки
301;кепка FORMULA-1 красная;one size;200;160;27.27;https://lebuto.ru/upload/iblock/3cc/2d09ef12_b7e7_11e3_9ffd_000c29cc46f8_940b6d9a_7e70_11e8_9f15_000c29cc4602.jpeg;https://lebuto.ru/catalog/aksessuary_1/shapki_kepki_bandany/kepki/kepka_formula_1_krasnaya/;красный;;100% хлопок;;Аксессуары;Кепки
302;Кепка NS 09934 розовый;one size;200;160;0;https://lebuto.ru/upload/iblock/039/0m080mmzvk9hddxpk2n70h6u1kxm7edr/d8fe36fb_6def_11ec_8112_000c29cc4602_5dbcf442_c130_11ec_8120_000c29cc4602.jpeg;https://lebuto.ru/catalog/aksessuary_1/shapki_kepki_bandany/kepki/kepka_ns_09934_rozovyy/;розовый;;;;Аксессуары;Кепки
303;Кепка NS 09934 синий;one size;200;160;0;https://lebuto.ru/upload/iblock/025/q1s2ea3rcr410sgja2mf49wg09fbb2ra/833ac3e1_6def_11ec_8112_000c29cc4602_af858481_c130_11ec_8120_000c29cc4602.jpeg;https://lebuto.ru/catalog/aksessuary_1/shapki_kepki_bandany/kepki/kepka_ns_09934_siniy/;Синий;;100% хлопок;;Аксессуары;Кепки
304;Кепка Т (белый);one size;200;160;18.18;https://lebuto.ru/upload/iblock/210/210872a5aed611c1d081eea18999c21b.jpeg;https://lebuto.ru/catalog/aksessuary_1/shapki_kepki_bandany/kepki/kepka_t_belyy/;белый;;хлопок;;Аксессуары;Кепки
305;Коврик меховой енот натуральный 110*60;one size;1500;1200;;https://lebuto.ru/upload/iblock/736/ft2gswhcvcirhmcrhavh7st16c6dl09b/1294b874_4389_11e4_ad65_000c29cc4602_96372b37_b398_11ef_8168_000c29cc4602.jpg;https://lebuto.ru/catalog/aksessuary_1/kovriki/kovrik_mekhovoy_enot_naturalnyy_110_60/;;;;;Аксессуары;Коврики
306;Коврик меховой чернобурка 130*80;one size;2200;1755;;https://lebuto.ru/upload/iblock/e26/22d1i8l991fh6y41snvzmxwcxa2fxmcj/c83a262b_b7e2_11e3_9ffd_000c29cc46f8_93f1cb7d_b452_11ef_8168_000c29cc4602.jpg;https://lebuto.ru/catalog/aksessuary_1/kovriki/kovrik_mekhovoy_chernoburka_130_80/;;;;;Аксессуары;Коврики
307;Комбинезон BAIHUI 9756 синий;M;900;720;20;https://lebuto.ru/upload/iblock/def/4b3edeb9_1e1f_11e9_9d72_000c29cc4602_02fae52a_5f55_11e9_a6d6_000c29cc4602.jpeg;https://lebuto.ru/catalog/zhenskaya_odezhda_1/bryuki_1/bryuki_i_dzhinsy/kombinezon_baihui_9756_siniy/;Синий;;хлопок;;Женская одежда;Брюки и джинсы
308;Комбинезон Б/Н 09254 св.розовый;2XL;300;240;23.53;https://lebuto.ru/upload/iblock/0d5/5hf448x7ko8a1ccc1gqechj35sfz9hi1/30b0fbfa_82f7_11eb_80ed_000c29cc4602_0a48b234_1c22_11ec_80f7_000c29cc4602.jpeg;https://lebuto.ru/catalog/zhenskaya_odezhda_1/platya_kostyumy_povsednevnye_tuniki/kombinezon_b_n_09254_sv_rozovyy/;св.розовый;;50% вискоза, 50% полиэстер;;Женская одежда;Платья, костюмы повседневные, туники
309;Комбинезон женский WR 552002 color: G25;46::48::50::52::42::44;7900;6900;27.78;https://lebuto.ru/upload/iblock/3f7/hi248fdxl39pswml2t8yguuwvl8vplwv/d5d6b385_4e8d_11ed_812c_000c29cc4602_11618cef_b6b5_11ef_8169_000c29cc4602.jpg;https://lebuto.ru/catalog/zhenskaya_odezhda_1/gornolyzhnaya_odezhda_1/kombinezony_2/kombinezon_zhenskiy_whs_roma_552002_color_g25/;цветная;;100% полиэстер;;Женская одежда;Комбинезоны
310;Комбинезон женский WR 552002 color: P15;42::50::52;7900;6900;20;https://lebuto.ru/upload/iblock/1b0/8kn5sqq8mo6ez8o6353f9b8u69smp8j4/39727ddb_4e8e_11ed_812c_000c29cc4602_f2c8f3d8_9581_11ed_812d_000c29cc4602.jpeg;https://lebuto.ru/catalog/zhenskaya_odezhda_1/gornolyzhnaya_odezhda_1/kombinezony_2/kombinezon_zhenskiy_whs_roma_552002_color_p15/;цветная;;100% полиэстер;;Женская одежда;Комбинезоны
311;Комбинезон женский WR 552002 color: Z09;44::48::42::46::50::52;7900;6900;20;https://lebuto.ru/upload/iblock/062/9yuryl7u47xgmgh5dv8qfxxc87l2qu83/48db4f55_4e8d_11ed_812c_000c29cc4602_062dc7fa_9582_11ed_812d_000c29cc4602.jpeg;https://lebuto.ru/catalog/zhenskaya_odezhda_1/gornolyzhnaya_odezhda_1/kombinezony_2/kombinezon_zhenskiy_whs_roma_552002_color_z09/;цветная;;100% полиэстер;;Женская одежда;Комбинезоны
312;Комбинезон женский WT 552004 color: G17;48::50::52;7900;6900;20;https://lebuto.ru/upload/iblock/14d/4vxvb79jb9hqpjgd5jkiajp748hzp0sf/5365ebda_4df3_11ed_812c_000c29cc4602_22a1131f_9582_11ed_812d_000c29cc4602.jpeg;https://lebuto.ru/catalog/zhenskaya_odezhda_1/gornolyzhnaya_odezhda_1/kombinezony_2/kombinezon_zhenskiy_whs_tisentele_552004_color_g17/;бирюзовый;;100% полиэстер;;Женская одежда;Комбинезоны
313;Комбинезон женский WT 552004 color: Z09;42::44::46::48::50::52;7900;6900;20;https://lebuto.ru/upload/iblock/686/4kbnu6xupvna8eazr47p3usvtvucjnrc/fcadb447_4df2_11ed_812c_000c29cc4602_356bd37b_9582_11ed_812d_000c29cc4602.jpeg;https://lebuto.ru/catalog/zhenskaya_odezhda_1/gornolyzhnaya_odezhda_1/kombinezony_2/kombinezon_zhenskiy_whs_tisentele_552004_color_z09/;сирень;;100% полиэстер;;Женская одежда;Комбинезоны
314;Комплект шапка+перчатки HK 0981 серый;M;200;160;20;https://lebuto.ru/upload/iblock/26b/c6764470_cadb_11e8_a291_000c29cc4602_f2bb20d8_d115_11e8_a291_000c29cc4602.jpeg;https://lebuto.ru/catalog/aksessuary_1/shapki_kepki_bandany/shapki/komplekt_shapka_perchatki_hello_kitty_0981_seryy/;Серый;;100% акрил;;Аксессуары;Шапки
315;Комплект шапка+шарф CL черн/пайетки;one size;900;700;20;https://lebuto.ru/upload/iblock/396/dxsg34jpba5vy5kbar78bafxbngm72fb/e024474d_5dea_11e5_bf6b_000c29cc4602_c0e375c2_926a_11ec_811d_000c29cc4602.jpeg;https://lebuto.ru/catalog/aksessuary_1/shapki_kepki_bandany/shapki/komplekt_shapka_sharf_cl_chern_payetki/;;;;;Аксессуары;Шапки
316;Комплект Шапка+шарф HANDAI HD4019-2 синий помпон;one size;500;400;23.53;https://lebuto.ru/upload/iblock/1a9/69076acf_9e80_11e7_8967_000c29cc4602_099e781c_7db5_11e8_9f15_000c29cc4602.jpeg;https://lebuto.ru/catalog/aksessuary_1/shapki_kepki_bandany/komplekt_shapka_sharf_handai_hd4019_2_siniy_pompon/;Синий;;100% акрил;;Аксессуары;Шапки, кепки, банданы
317;Костюм A 7472-05 черный;M;1500;1200;30.51;https://lebuto.ru/upload/iblock/279/6c35e9d2_8b29_11e8_9f15_000c29cc4602_eb8deb21_a445_11e8_9f15_000c29cc4602.jpeg;https://lebuto.ru/catalog/muzhskaya_odezhda_1/kostyumy/kostyumy_sportivnye/komplekt_a_7472_05_chernyy/;Черный;;100% полиэстер;;Мужская одежда;Костюмы спортивные
318;Костюм A 9636 черный;2XL(46/48)::3XL(48/50);2500;2000;0.34;https://lebuto.ru/upload/iblock/f19/aca06b58_2258_11eb_80e9_000c29cc4602_10d4bb3d_337f_11eb_80e9_000c29cc4602.jpeg;https://lebuto.ru/catalog/zhenskaya_odezhda_1/kostyumy_1/kostyumy_sportivnye_1/kostyum_a_9636_chernyy/;Черный;;50% хлопок 50% полиэстер;;Женская одежда;Костюмы спортивные
319;Костюм B (синий);L;2900;1500;30.38;https://lebuto.ru/upload/iblock/027/027b25e03cfb1ca1cd03abb12584c0df.jpeg;https://lebuto.ru/catalog/muzhskaya_odezhda_1/kostyumy/kostyumy_sportivnye/kostyum_b_siniy/;Синий;;100% полиэстер;;Мужская одежда;Костюмы спортивные
320;Костюм B 3003 т.син.;S;1500;1200;20.34;https://lebuto.ru/upload/iblock/cbb/cbbd39ee65db18f7384f51e9ae4e4c46.jpeg;https://lebuto.ru/catalog/muzhskaya_odezhda_1/kostyumy/kostyumy_sportivnye/kostyum_bogner_3003_t_sin/;Синий;;100% хлопок;;Мужская одежда;Костюмы спортивные
321;Костюм B 3007 сер.;S;1500;1200;35.56;https://lebuto.ru/upload/iblock/e7a/e7a29a0e41a0557c7185e759eea639e4.jpeg;https://lebuto.ru/catalog/muzhskaya_odezhda_1/kostyumy/kostyumy_sportivnye/kostyum_bogner_3007_ser/;Серый;;100% хлопок;;Мужская одежда;Костюмы спортивные
322;Костюм B1 синий;L;2900;1500;43.04;https://lebuto.ru/upload/iblock/63e/63ea2ef5d21b48d063a9b5803c0a274a.jpeg;https://lebuto.ru/catalog/muzhskaya_odezhda_1/kostyumy/kostyumy_sportivnye/kostyum_b1_siniy/;Синий;;100% полиэстер;;Мужская одежда;Костюмы спортивные
323;Костюм B3 синий;L;2900;1500;36.62;https://lebuto.ru/upload/iblock/143/14301d28fadb79cb137b0cda4851ee06.jpeg;https://lebuto.ru/catalog/muzhskaya_odezhda_1/kostyumy/kostyumy_sportivnye/kostyum_b3_siniy/;Синий;;100% полиэстер;;Мужская одежда;Костюмы спортивные
324;Костюм CNE 2881 черный;XL::M::L;3300;2640;20;https://lebuto.ru/upload/iblock/636/0b369a8c_5567_11eb_80eb_000c29cc4602_953d11f0_6139_11eb_80eb_000c29cc4602.jpeg;https://lebuto.ru/catalog/zhenskaya_odezhda_1/kostyumy_1/kostyumy_zhenskie/kostyum_celine_2881_chernyy/;Черный;;жилет: верх, подклад,наполнитель: 100% полиэстер костюм: 70% хлопок, 30% акрил;;Женская одежда;Костюмы женские
325;Костюм DTE 66289 черный;XL::M::L;2700;1900;21.28;https://lebuto.ru/upload/iblock/54b/ee4bdab0_2257_11eb_80e9_000c29cc4602_8bf63542_3616_11eb_80eb_000c29cc4602.jpeg;https://lebuto.ru/catalog/muzhskaya_odezhda_1/kostyumy/kostyumy_sportivnye/kostyum_descente_66289_chernyy/;Черный;;хлопок;;Мужская одежда;Костюмы спортивные
326;Костюм DTE 770029 черный;XL::5XL;4700;3700;21.28;https://lebuto.ru/upload/iblock/fff/ae4837df_2256_11eb_80e9_000c29cc4602_360f4e0d_337f_11eb_80e9_000c29cc4602.jpeg;https://lebuto.ru/catalog/muzhskaya_odezhda_1/kostyumy/kostyumy_sportivnye/kostyum_descente_770029_chernyy/;Черный;;100% полиэстер;;Мужская одежда;Костюмы спортивные
327;Костюм F черный;L::XL;2900;1500;30.38;https://lebuto.ru/upload/iblock/28a/28a34769bb979976c4bcd5de56ad6212.jpeg;https://lebuto.ru/catalog/muzhskaya_odezhda_1/kostyumy/kostyumy_sportivnye/kostyum_f_chernyy/;Черный;;100% полиэстер;;Мужская одежда;Костюмы спортивные
328;Костюм F3 черный;L::XL;2900;1500;30.38;https://lebuto.ru/upload/iblock/6f2/41f4a28f_dad6_11e5_894d_000c29cc4602_8e619a89_743a_11e8_9f15_000c29cc4602.jpeg;https://lebuto.ru/catalog/muzhskaya_odezhda_1/kostyumy/kostyumy_sportivnye/kostyum_f3_chernyy/;Черный;;100% полиэстер;;Мужская одежда;Костюмы спортивные
329;Костюм F4 красный;XL;2000;1500;;https://lebuto.ru/upload/iblock/2cf/pesrkem3t521mr2jezv1ootb77wkh6k1/36a202df_1feb_11ef_814b_000c29cc4602_187d4da0_b9f7_11ef_816a_000c29cc4602.jpg;https://lebuto.ru/catalog/muzhskaya_odezhda_1/kostyumy/kostyumy_sportivnye/kostyum_f4_krasnyy_1/;красный;;100% полиэстер;;Мужская одежда;Костюмы спортивные
330;Костюм FORWARD N6101/3C91Х21/01;S::2XL::XL::L;1700;1200;23.53;https://lebuto.ru/upload/iblock/965/d095e76b_b7e6_11e3_9ffd_000c29cc46f8_75e24273_aee7_11ea_80e8_000c29cc4602.jpeg;https://lebuto.ru/catalog/muzhskaya_odezhda_1/kostyumy/kostyumy_sportivnye/kostyum_forward_n6101_3c91kh21_01/;;;Верх: 100% полиэстер, подклад: 100% полиэстер, наполнитель: синтепон 1 слой;;Мужская одежда;Костюмы спортивные
331;Костюм ROBERT A василек;8;1500;1200;20;https://lebuto.ru/upload/iblock/fd6/9d89c096_b7e2_11e3_9ffd_000c29cc46f8_fe3b1f7e_b147_11ea_80e9_000c29cc4602.jpeg;https://lebuto.ru/catalog/muzhskaya_odezhda_1/kostyumy/kostyumy_sportivnye/kostyum_robert_vasilek/;Синий;;Верх: 100% полиэстер, подклад: 50% хлопок 50% полиэстер, наполнитель: синтепон 1 слой;;Мужская одежда;Костюмы спортивные
332;Костюм S.W. 26057 темно-сине-синий;2XL::4XL;5020;5020;0;https://lebuto.ru/upload/iblock/0dd/dplfb48ldjod275bydb0fyvsjx4hdba3/8b1d39b8_1d35_11ed_812b_000c29cc4602_764605a9_1f03_11ed_812b_000c29cc4602.jpeg;https://lebuto.ru/catalog/muzhskaya_odezhda_1/kostyumy/kostyumy_sportivnye/kostyum_s_w_26057_temno_sine_siniy/;темно-синий;;полиэстер;;Мужская одежда;Костюмы спортивные
333;Костюм S.W. 26057 черно-зеленый;4XL;1299;900;0;https://lebuto.ru/upload/iblock/292/5e45asr978m5v9uawlmtalxtmgjlvngl/41ae1b71_1d35_11ed_812b_000c29cc4602_7d88cacf_1f03_11ed_812b_000c29cc4602.jpeg;https://lebuto.ru/catalog/muzhskaya_odezhda_1/kostyumy/kostyumy_sportivnye/kostyum_s_w_26057_cherno_zelenyy/;Черный;;полиэстер;;Мужская одежда;Костюмы спортивные
334;Костюм SLAVA 2 т.синий;2;1500;1200;28.57;https://lebuto.ru/upload/iblock/382/2e01e96b_b7e3_11e3_9ffd_000c29cc46f8_3a2f23b1_b148_11ea_80e9_000c29cc4602.jpeg;https://lebuto.ru/catalog/muzhskaya_odezhda_1/kostyumy/kostyumy_sportivnye/kostyum_slava_2_t_siniy/;Синий;;Верх: 100% полиэстер, подклад: 50% хлопок 50% полиэстер, наполнитель: синтепон 1 слой;Костюм SLAVA 2 т.синий (3) размер 3 соответствует размеру 44 рост 162 см.;Мужская одежда;Костюмы спортивные
335;Костюм Б/Н L089 голубой;S;2000;1600;20;https://lebuto.ru/upload/iblock/be6/swftjrb471bl7t830w25fd1tirtgaxum/b25329ab_d862_11e9_80dd_000c29cc4602_18d4a185_f4f0_11eb_80f5_000c29cc4602.jpeg;https://lebuto.ru/catalog/zhenskaya_odezhda_1/kostyumy_1/kostyumy_zhenskie/kostyum_b_n_l089_goluboy/;голубой;;20% шерсть 80% акрил;;Женская одежда;Костюмы женские
336;Костюм Бублик М (черный/серый);L::M::S::XL::4XL::3XL;2900;1500;25.июнь;https://lebuto.ru/upload/iblock/d9a/d9a022cf3d7848d1cdbe6c6d0350dc51.jpeg;https://lebuto.ru/catalog/muzhskaya_odezhda_1/kostyumy/kostyumy_sportivnye/kostyum_bublik_m_chernyy_seryy/;Черный;;верх: 100% полиэстер, наполнитель: 100% полиэстер;;Мужская одежда;Костюмы спортивные
337;Костюм детск. г/л RUISSIQI 7602-2# бирюзовый;128::134::132;3510;2808;20;https://lebuto.ru/upload/iblock/db1/db1e9482184b968669e5e1fd0ea5405e.jpeg;https://lebuto.ru/catalog/devochkam_1/gornolyzhnaya_odezhda_3/kostyum_detsk_g_l_ruissiqi_7602_2_biryuzovyy/;бирюзовый;;верх: 100% полиэстер, подклад: 100% полиэстер, наполнитель: 100% полиэстер;;Девочкам;Горнолыжная одежда
338;Костюм детск.TIGA 1521 т.син/зел.;120::140;300;200;25;https://lebuto.ru/upload/iblock/dcd/8979efc2_b7e3_11e3_9ffd_000c29cc46f8_4121db0d_ea25_11e3_91fe_000c29cc4602.png;https://lebuto.ru/catalog/devochkam_1/kostyumy_komplekty_1/kostyumy_komplekty_prochie/kostyum_detsk_tiga_1521_t_sin_zel/;цветная;;95% хлопок 5% спандекс;;Девочкам;Костюмы, комплекты прочие
339;Костюм детск.TIGA 998801 черн.;140::120::130::150;300;200;25;https://lebuto.ru/upload/iblock/0e0/0e0bf966f5e494b65146c80af90ebf0a.png;https://lebuto.ru/catalog/devochkam_1/kostyumy_komplekty_1/kostyumy_komplekty_prochie/kostyum_detsk_tiga_998801_chern/;Черный;;95% хлопок 5% спандекс;;Девочкам;Костюмы, комплекты прочие
340;Костюм детск.TIGA 998890 роз.;100;300;200;25;https://lebuto.ru/upload/iblock/014/014e7a059ec00cdcbcc4f8d90b1d5069.png;https://lebuto.ru/catalog/devochkam_1/kostyumy_komplekty_1/kostyumy_komplekty_prochie/kostyum_detsk_tiga_998890_roz/;розовый;;95% хлопок 5% спандекс;;Девочкам;Костюмы, комплекты прочие
341;Костюм детск.TIGA 998963 гол.;120::130::140::110::100;300;200;25;https://lebuto.ru/upload/iblock/bc2/bc27e30f6937f2d029967ae106339841.jpeg;https://lebuto.ru/catalog/devochkam_1/kostyumy_komplekty_1/kostyumy_komplekty_prochie/kostyum_detsk_tiga_998963_gol/;голубой;;95% хлопок 5% полиэстер;;Девочкам;Костюмы, комплекты прочие
342;Костюм детск.TIGA 998965 красн.;140::130::120::110;300;200;25;https://lebuto.ru/upload/iblock/7da/7daf7b03072b9adbc34aada7794bd8a7.png;https://lebuto.ru/catalog/devochkam_1/kostyumy_komplekty_1/kostyumy_komplekty_prochie/kostyum_detsk_tiga_998965_krasn/;красный;80;95% хлопок 5% спандекс;;Девочкам;Костюмы, комплекты прочие
343;Костюм детск.TIGA В10 роз.;110::150::140::120::130;300;200;25;https://lebuto.ru/upload/iblock/fc3/8979efd5_b7e3_11e3_9ffd_000c29cc46f8_3a1632bb_febe_11e4_ae9c_000c29cc4602.jpeg;https://lebuto.ru/catalog/devochkam_1/kostyumy_komplekty_1/kostyumy_komplekty_prochie/kostyum_detsk_tiga_v10_roz/;розовый;;95% хлопок 5% спандекс;;Девочкам;Костюмы, комплекты прочие
344;Костюм детск.TIGA В18 роз/сер.;120::130;300;200;25;https://lebuto.ru/upload/iblock/a69/a691b449a9da6a4e903d0fe71778f0e7.png;https://lebuto.ru/catalog/devochkam_1/kostyumy_komplekty_1/kostyumy_komplekty_prochie/kostyum_detsk_tiga_v18_roz_ser/;розовый;;95% хлопок 5% спандекс;;Девочкам;Костюмы, комплекты прочие
345;Костюм детск.TIGA В19 роз/сер.;100::90::110::80;300;200;25;https://lebuto.ru/upload/iblock/426/426e8b6305b13957142a746cb12f4f7e.jpeg;https://lebuto.ru/catalog/devochkam_1/kostyumy_komplekty_1/kostyumy_komplekty_prochie/kostyum_detsk_tiga_v19_roz_ser/;мультиколор;78;95% хлопок 5% спандекс;;Девочкам;Костюмы, комплекты прочие
346;Костюм детск.XYY kids XYY-1295 роз.;2A;600;450;25;https://lebuto.ru/upload/iblock/1f7/1f7b9d07068ad1669b32186024c89e33.jpeg;https://lebuto.ru/catalog/devochkam_1/kostyumy_komplekty_1/kostyumy_komplekty_prochie/kostyum_detsk_xyy_kids_xyy_1295_roz/;розовый;85;95% хлопок 5% спандекс;;Девочкам;Костюмы, комплекты прочие
347;Костюм детский г/л HE HYTG320-25 Color:8853 Photo;98::104;3510;2808;20;https://lebuto.ru/upload/iblock/d15/51be2583_acd4_11e7_8967_000c29cc4602_0ca0dbd6_e93b_11e7_9fe4_000c29cc4602.jpeg;https://lebuto.ru/catalog/devochkam_1/gornolyzhnaya_odezhda_3/kostyum_detskiy_g_l_high_experience_hytg320_25_color_8853_photo/;цветная;;верх: 100% полиэстер, подклад: 100% полиэстер, наполнитель: 100% полиэстер;;Девочкам;Горнолыжная одежда
348;"Костюм жен. ""Normann"" оранж (енот оранж)";XS::S;1500;990;20;https://lebuto.ru/upload/iblock/86a/5ec4bd13_b7e3_11e3_9ffd_000c29cc46f8_b00a95bd_14f9_11e7_8ba8_000c29cc4602.jpeg;https://lebuto.ru/catalog/zhenskaya_odezhda_1/gornolyzhnaya_odezhda_1/kostyumy_gornolyzhnye_1/kostyum_zhen_normann_oranzh_enot_oranzh/;оранжевый;;ткань: 100% полиэстер, утеплитель: 100% холлофил, мех: енот;Костюм прогулочный ( не горнолыжный) утеплен синтепоном (100% холлофил) , ткань верха 100% полиэстер, мебраны нет Костюм большемерит Замеры по изделию: XS (46)/S(48) Брюки: пояс(резинка)-32/34 ширина бедер -54/56 длина изделия -105/107 Куртка: длина рукава -63/64 ширина груди -48/50 ширина бедер-51/52 длина спины -65/67 ;Женская одежда;Костюмы горнолыжные
349;Костюм женский Б/Н 177053 бледно-розовый;one size;4570;3023;33.85;https://lebuto.ru/upload/iblock/a2b/njvui6vlo4jjq1chtepdpf1jwym1a3ek/88b38555_12f1_11ed_812b_000c29cc4602_5f7d0d04_1c5c_11ed_812b_000c29cc4602.jpeg;https://lebuto.ru/catalog/zhenskaya_odezhda_1/kostyumy_1/kostyumy_zhenskie/kostyum_zhenskiy_b_n_177053_bledno_rozovyy/;св.розовый;;полиэстер;;Женская одежда;Костюмы женские
350;Костюм женский трикотажный АНИТА салатовый;44::46::48::50;;;;https://lebuto.ru/upload/iblock/be2/6etvwzs5rs3bd8mnjg48z733xszyko1b/de951f8f_10e7_11ef_8149_000c29cc4602_ce843faa_2a1a_11ef_814d_000c29cc4602.jpg;https://lebuto.ru/catalog/zhenskaya_odezhda_1/kostyumy_1/kostyumy_sportivnye_1/kostyum_zhenskiy_trikotazhnyy_anita_salatovyy/;салатовый;;100% хлопок;Стильный однотонный костюм выполнен их футера двух нитки без начеса. Комплект состоит из свитшота и брюк. Брюки с накладными боковыми карманами, низ брючин оформлен манжетами, пояс на резинке. Комплект удобен в носке и приятен к телу. Универсальный спортивный женский костюм идеальное решение для вашего гардероба. ;Женская одежда;Костюмы спортивные
351;Костюм женский трикотажный ВЛАДА черный;44::46::48::50;3500;3500;;https://lebuto.ru/upload/iblock/c0a/9d2hdyjlh4jayabrcmz47t4kaks6tr23/8422c5cd_10ec_11ef_8149_000c29cc4602_ec0ea6b8_1cc3_11ef_814b_000c29cc4602.jpg;https://lebuto.ru/catalog/zhenskaya_odezhda_1/kostyumy_1/kostyumy_sportivnye_1/kostyum_zhenskiy_trikotazhnyy_vlada_chernyy/;Черный;;100%полиэстер;Костюм выполнен из плотного стрейчевого трикотажа без начеса без утеплителя. Костюм женский состоит из толстовки и брюк свободного кроя. Толстовка-анорак с капюшоном регулирующимся шнурком, с карманом кенгуру. Широкие брюки с двумя боковыми карманами на молнии. Костюм женский хороший вариант для повседневной носки , для прогулок. За изделием легко ухаживать. Сезон теплая весна/осень, прохладное лето. ;Женская одежда;Костюмы спортивные
352;Костюм женский трикотажный ЛИНДА белый/т.синий;44::46;5000;5000;;https://lebuto.ru/upload/iblock/e52/9hzuw0ebu5udi2a8cb2ld0demm72bady/b4fdee34_10ea_11ef_8149_000c29cc4602_2e2e242a_1cc5_11ef_814b_000c29cc4602.jpg;https://lebuto.ru/catalog/zhenskaya_odezhda_1/kostyumy_1/kostyumy_sportivnye_1/kostyum_zhenskiy_trikotazhnyy_linda_belyy_t_siniy/;белый;;50%хлопок, 50%полиэстер; Костюм выполнен из материала - футер 2-х нитка с полиэстером, без начеса, без подкладки. В состав костюма входит олимпийка и брюки свободного кроя. Укороченная олимпийка детали: застежка на молнию, два боковых кармана на молнии, плечо спущенное. Широкие брюки с двумя боковыми карманами на молнии. Стильный, комфортный костюм позволит создать неповторимый образ, который будет привлекать восхищенные взгляды окружающих. ;Женская одежда;Костюмы спортивные
353;Костюм женский х/б THE ONE 885 св.серый;M;3900;2900;25.64;https://lebuto.ru/upload/iblock/bfa/854ec03d_f7e4_11ea_80e9_000c29cc4602_3a896efd_7685_11eb_80ec_000c29cc4602.jpeg;https://lebuto.ru/catalog/zhenskaya_odezhda_1/kostyumy_1/kostyumy_sportivnye_1/kostyum_zhenskiy_kh_b_the_one_885_sv_seryy/;св.серый;;хлопок;;Женская одежда;Костюмы спортивные
354;Костюм женский эластик РЕГИНА синий;44::46::48::50;3800;3800;;https://lebuto.ru/upload/iblock/c0b/newl5r6jh9bucetpml3d8ng91q5n90xc/e076927c_10ed_11ef_8149_000c29cc4602_49effe8f_1cc6_11ef_814b_000c29cc4602.jpg;https://lebuto.ru/catalog/zhenskaya_odezhda_1/kostyumy_1/kostyumy_sportivnye_1/kostyum_zhenskiy_elastik_regina_siniy/;Синий;;100% полиэстер;Спортивный костюм выполнен из эластичного материала без начеса без утеплителя. Костюм женский состоит из олимпийки и брюк свободного кроя. Олимпийка с застежкой на молнию, воротник стойка, спущенный рукав, два боковых кармана на молнии. Брюки с двумя боковыми карманами на молнии. Костюм женский хороший вариант для повседневной носки, для прогулок, для спорта. ;Женская одежда;Костюмы спортивные
355;Костюм Лидер М (черный);S::XL;2900;1500;23.53;https://lebuto.ru/upload/iblock/c2d/c2d5107b30437d973ea6c09903a635f4.jpeg;https://lebuto.ru/catalog/muzhskaya_odezhda_1/kostyumy/kostyumy_sportivnye/kostyum_lider_m_chernyy/;Черный;;100% полиэстер;;Мужская одежда;Костюмы спортивные
356;Костюм М черный;L;2900;1500;36.62;https://lebuto.ru/upload/iblock/856/e3f8fa79_b7e6_11e3_9ffd_000c29cc46f8_b105fe26_9076_11e8_9f15_000c29cc4602.jpeg;https://lebuto.ru/catalog/muzhskaya_odezhda_1/kostyumy/kostyumy_sportivnye/kostyum_m_chernyy/;Черный;;100% полиэстер;;Мужская одежда;Костюмы спортивные
357;Костюм подростковый г/л HE 1252-1 цвет №4014;146::164;4900;3920;19.52;https://lebuto.ru/upload/iblock/cc5/e76d4d19_2ee2_11eb_80e9_000c29cc4602_9b0a5fbc_3612_11eb_80eb_000c29cc4602.jpeg;https://lebuto.ru/catalog/devochkam_1/gornolyzhnaya_odezhda_3/kostyum_podrostkovyy_g_l_high_experience_1252_1_tsvet_4014/;цветная;;верх: 100% полиэстер, подклад: 100% полиэстер, наполнитель: 100% полиэстер;;Девочкам;Горнолыжная одежда
358;Костюм подростковый г/л HE 1255-1 цвет №4014;164::140::152::158;5500;4400;19.52;https://lebuto.ru/upload/iblock/87b/39ceaf66_2ee7_11eb_80e9_000c29cc4602_3fe0b408_3612_11eb_80eb_000c29cc4602.jpeg;https://lebuto.ru/catalog/devochkam_1/gornolyzhnaya_odezhda_3/kostyum_podrostkovyy_g_l_high_experience_1255_1_tsvet_4014/;цветная;;верх: 100% полиэстер, подклад: 100% полиэстер, наполнитель: 100% полиэстер;;Девочкам;Горнолыжная одежда
359;Костюм подростковый г/л HE TRH11095-1 цвет №4014;164;4900;3920;19.52;https://lebuto.ru/upload/iblock/b6d/nmlix6asg0vgyhg93wy9s0ebljqv9wgw/9ec364cf_5ca6_11ec_8109_000c29cc4602_06a84246_7c3d_11ec_8115_000c29cc4602.jpeg;https://lebuto.ru/catalog/devochkam_1/gornolyzhnaya_odezhda_3/kostyum_podrostkovyy_g_l_high_experience_trh11095_1_tsvet_4014/;розовый;65;;;Девочкам;Горнолыжная одежда
360;Костюм спортивный детский Merlion Niki, бирюзовый;32;1500;499;20.февр;https://lebuto.ru/upload/iblock/1a6/1a6d45e8f50120bdca4c14668db4c029.jpeg;https://lebuto.ru/catalog/devochkam_1/kostyumy_komplekty_1/kostyumy_komplekty_prochie/kostyum_sportivnyy_detskiy_merlion_niki_biryuzovyy/;бирюзовый;;Хлопок 70%, Полиэстер 30%;;Девочкам;Костюмы, комплекты прочие
361;Костюм спортивный детский Merlion Niki, желто-бирюзовый;28::30::32::34;1500;499;20.февр;https://lebuto.ru/upload/iblock/7db/7dbab76a26f465a5318ba8021d25b967.jpeg;https://lebuto.ru/catalog/devochkam_1/kostyumy_komplekty_1/kostyumy_komplekty_prochie/kostyum_sportivnyy_detskiy_merlion_niki_zhelto_biryuzovyy/;желтый;71;Хлопок 70%, Полиэстер 30%;;Девочкам;Костюмы, комплекты прочие
362;Костюм спортивный детский Merlion Niki, желто-серый;32::34::36;1500;499;20.февр;https://lebuto.ru/upload/iblock/80e/80e7fa4fb16c924845297ad45c0463d4.jpeg;https://lebuto.ru/catalog/devochkam_1/kostyumy_komplekty_1/kostyumy_komplekty_prochie/kostyum_sportivnyy_detskiy_merlion_niki_zhelto_seryy/;желтый;71;Хлопок 70%, Полиэстер 30%;;Девочкам;Костюмы, комплекты прочие
363;Костюм спортивный детский Merlion Niki, розовый;32::28;1500;499;20.февр;https://lebuto.ru/upload/iblock/ba6/beb55978_d684_11e3_91fe_000c29cc4602_6d86a273_fe06_11e4_ae9c_000c29cc4602.jpeg;https://lebuto.ru/catalog/devochkam_1/kostyumy_komplekty_1/kostyumy_komplekty_prochie/kostyum_sportivnyy_detskiy_merlion_niki_rozovyy/;розовый;;Хлопок 70%, Полиэстер 30%;;Девочкам;Костюмы, комплекты прочие
364;Костюм спортивный детский Merlion Niki, салатово/бирюзовый;28::32::34::36::30;1500;499;20.февр;https://lebuto.ru/upload/iblock/97f/97fcc0ebb7aa0c82d32e5b3db3f68d21.jpeg;https://lebuto.ru/catalog/devochkam_1/kostyumy_komplekty_1/kostyumy_komplekty_prochie/kostyum_sportivnyy_detskiy_merlion_niki_salatovo_biryuzovyy/;салатовый;;Хлопок 70%, Полиэстер 30%;;Девочкам;Костюмы, комплекты прочие
365;Костюм спортивный детский Merlion Niki, салатовый;28::30::32::36;1500;499;20.февр;https://lebuto.ru/upload/iblock/ecd/ecd4d8d44d043b3b4c956d0abffc1050.jpeg;https://lebuto.ru/catalog/devochkam_1/kostyumy_komplekty_1/kostyumy_komplekty_prochie/kostyum_sportivnyy_detskiy_merlion_niki_salatovyy/;салатовый;;Хлопок 70%, Полиэстер 30%;;Девочкам;Костюмы, комплекты прочие
366;Костюм спортивный ССМ синий (2 нашивки);3XL;1500;1200;28;https://lebuto.ru/upload/iblock/1c3/ngf3jchac9rp9majhc9bir728gjswo90/b38c737a_7604_11e5_bf6b_000c29cc4602_82fa78bf_c6d4_11ec_8121_000c29cc4602.jpeg;https://lebuto.ru/catalog/muzhskaya_odezhda_1/kostyumy/kostyumy_sportivnye/kostyum_sportivnyy_ssm_siniy_2_nashivki/;Синий;;верх: 100% полиэстер, подклад: 100% полиэстер, наполнитель: 100% холлофил;;Мужская одежда;Костюмы спортивные
367;Костюм спортивный ССМ синий (3 нашивки);XS::2XL::3XL;2500;1800;28;https://lebuto.ru/upload/iblock/03a/um2nlubt5se8q55qu1lgghhetdkmiari/921a419a_7604_11e5_bf6b_000c29cc4602_a6d75209_c6d4_11ec_8121_000c29cc4602.jpeg;https://lebuto.ru/catalog/muzhskaya_odezhda_1/kostyumy/kostyumy_sportivnye/kostyum_sportivnyy_ssm_siniy_3_nashivki/;Синий;;верх: 100% полиэстер, подклад: 100% полиэстер, наполнитель: 100% холлофил;;Мужская одежда;Костюмы спортивные
368;Костюм Т синий;XL::M::L;2900;1500;24.май;https://lebuto.ru/upload/iblock/1c0/rgjed4i76vrmt5rj4mumledzz0w3cqvp/d577d196_b7e2_11e3_9ffd_000c29cc46f8_cef82eba_e359_11e4_b152_000c29cc4602.jpeg;https://lebuto.ru/catalog/muzhskaya_odezhda_1/kostyumy/kostyumy_sportivnye/kostyum_t_siniy/;Синий;;100% полиэстер;;Мужская одежда;Костюмы спортивные
369;Костюм утепленный Fischer;XL::M::S::XS;1900;1500;24.май;https://lebuto.ru/upload/iblock/fd0/fd0a7e448bb15b7124e1b83cd417a4ed.jpeg;https://lebuto.ru/catalog/muzhskaya_odezhda_1/kostyumy/kostyumy_sportivnye/kostyum_fischer/;Синий;;верх: 100% полиэстер, подклад: хлопок, напонитель: 100% полиэстер;;Мужская одежда;Костюмы спортивные
370;Костюм х/б Brookc-1 Mercedes черный;S::XL;990;792;33.82;https://lebuto.ru/upload/iblock/619/d095e783_b7e6_11e3_9ffd_000c29cc46f8_8db7540b_9a08_11e4_a55e_000c29cc4602.jpeg;https://lebuto.ru/catalog/muzhskaya_odezhda_1/kostyumy/kostyumy_sportivnye/kostyum_kh_b_brookc_1_mercedes_chernyy/;Черный;;верх: 100% полиэстер, подклад: 100% полиэстер;;Мужская одежда;Костюмы спортивные
371;Купальник черн/стрейч;S::M;500;400;20;https://lebuto.ru/upload/iblock/184/ec4f34bb_765e_11e5_bf6b_000c29cc4602_591466db_b9c0_11ea_80e9_000c29cc4602.jpeg;https://lebuto.ru/catalog/zhenskaya_odezhda_1/mayki_topy_futbolki/kupalnik_chern_streych/;;;;;Женская одежда;Майки, топы, футболки
372;"Куртка ""DOROTI"" F4111C35M9/07/07";S;300;240;40.74;https://lebuto.ru/upload/iblock/3f9/a3mrd4h4xn3w78nahqq1i2ror3nhjvaj/79bc9376_8f02_472e_8891_bf34497d324f_0a5e0e95_9ad2_11ec_811e_000c29cc4602.jpeg;https://lebuto.ru/catalog/zhenskaya_odezhda_1/kurtki_1/kurtki_zhenskie/kurtka_doroti_f4111c35m9_07_07/;;;верх: 60% полиэстер 40% нейлон подклад: 100% полиэстер, наполнитель: 100% полиэстер;;Женская одежда;Куртки демисезонные
373;"куртка ""SARA"" F5111M45M9/17/15";M;300;240;22.22;https://lebuto.ru/upload/iblock/dbd/tn4eyjfs15a090sav5ufquh6d6fkjqmj/b5c64bb8_1a9a_461e_9b2b_16dc2c4fd725_5fb0c70b_a048_11ec_811e_000c29cc4602.jpeg;https://lebuto.ru/catalog/zhenskaya_odezhda_1/kurtki_1/kurtki_zhenskie/kurtka_sara_f5111m45m9_17_15/;;;100% полиэстер;;Женская одежда;Куртки демисезонные
374;Куртка Bka 6293 сиреневый;XS::S;990;790;20.июль;https://lebuto.ru/upload/iblock/045/c0d88a65_caf8_11e9_80dc_000c29cc4602_f8497a88_d54e_11e9_80dc_000c29cc4602.jpeg;https://lebuto.ru/catalog/zhenskaya_odezhda_1/kurtki_1/kurtki_zimnie_parki/kurtka_bershka_6293_sirenevyy/;сирень;;верх: 100% полиэстер, наполнитель: 100% полиэстер, подклад: 100% полиэстер;;Женская одежда;Куртки зимние, парки
375;Куртка BN 10093100947 Col.155;S::XS;2900;1900;34.48;https://lebuto.ru/upload/iblock/ea2/dbffc7f1_c1ca_11e6_b09a_000c29cc4602_fcae34e4_d73f_11e8_a291_000c29cc4602.jpeg;https://lebuto.ru/catalog/zhenskaya_odezhda_1/gornolyzhnaya_odezhda_1/kurtki_gornolyzhnye_2/kurtka_burton_10093100947_col_155/;мультиколор;;верх: 100% полиэстер, подклад: 100% полиэстер, наполнитель: 100% полиэстер;;Женская одежда;Куртки горнолыжные
376;Куртка BN 10093100947 Col.473;XS;2900;1900;34.48;https://lebuto.ru/upload/iblock/1a1/90cf4b47_a340_11e7_8967_000c29cc4602_b7e1d36d_cf68_11e7_9fe4_000c29cc4602.jpeg;https://lebuto.ru/catalog/zhenskaya_odezhda_1/gornolyzhnaya_odezhda_1/kurtki_gornolyzhnye_2/kurtka_burton_10093100947_col_473/;цветная;;100% полиэстер, наполнитель 100% полиэстер;;Женская одежда;Куртки горнолыжные
377;Куртка Brain М синяя;L;1000;750;20;https://lebuto.ru/upload/iblock/f47/f4709bf25f1e6a44e64d653131ace256.jpeg;https://lebuto.ru/catalog/muzhskaya_odezhda_1/kurtki/kurtki_muzhskie/kurtka_brain_m_sinyaya/;Синий;;100% полиэстер;;Мужская одежда;Куртки демисезонные
378;Куртка GS JK1503 color: 002;S::M::L;5900;4720;20;https://lebuto.ru/upload/iblock/5f5/31aa85f0_5a05_11eb_80eb_000c29cc4602_3ea921c9_613b_11eb_80eb_000c29cc4602.jpeg;https://lebuto.ru/catalog/muzhskaya_odezhda_1/gornolyzhnaya_odezhda/kurtki_gornolyzhnye/kurtka_gsou_snow_jk1503_color_002/;цветная;;верх: 100% полиэстер, наполнитель: 100% полиэстер, подклад: 100% полиэстер;;Мужская одежда;Куртки горнолыжные
379;Куртка GS JK401 color: 005;160::110::120::140;4950;3960;20;https://lebuto.ru/upload/iblock/f88/f2e43778_5a1d_11eb_80eb_000c29cc4602_dca8f820_9b50_11eb_80ed_000c29cc4602.jpeg;https://lebuto.ru/catalog/malchikam_1/gornolyzhnaya_odezhda_2/kurtka_gsou_snow_jk401_color_005/;зеленый;;верх: 100% полиэстер, наполнитель: 100% полиэстер, подклад: 100% полиэстер, опушка искусственный мех;;Мальчикам;Горнолыжная одежда
380;Куртка HE KM18142 цвет №1010;116::140::146::128::134;3432;2200;21.33;https://lebuto.ru/upload/iblock/f63/0f8d277c_c148_11e8_9f15_000c29cc4602_08f6d9ac_e23f_11e8_abe6_000c29cc4602.jpeg;https://lebuto.ru/catalog/devochkam_1/kurtki_plashchi_1/kurtki_zimnie_4/kurtka_detskaya_high_experience_km18142_tsvet_1010/;св.синий;;верх: 100% полиэстер, подклад: 100% полиэстер (флис спинка и грудка), наполнитель: 100% полиэстер (SUSTANS);;Девочкам;Куртки зимние
381;Куртка HE KM18142 цвет №1038;122::128::134::140::146;2200;1760;21.33;https://lebuto.ru/upload/iblock/c71/70cdd6d9_dbfd_11e8_abe6_000c29cc4602_2eb1e2a5_032e_11e9_bdcd_000c29cc4602.jpeg;https://lebuto.ru/catalog/devochkam_1/kurtki_plashchi_1/kurtki_zimnie_4/kurtka_detskaya_high_experience_km18142_tsvet_1038/;темно-синий;;верх: 100% полиэстер, подклад: 100% полиэстер (флис спинка и грудка), наполнитель: 100% полиэстер (SUSTANS);;Девочкам;Куртки зимние
382;Куртка HE KM18142 цвет №1043;116::146;2200;1760;21.33;https://lebuto.ru/upload/iblock/0d6/6316597d_c148_11e8_9f15_000c29cc4602_c0d1518c_e23e_11e8_abe6_000c29cc4602.jpeg;https://lebuto.ru/catalog/devochkam_1/kurtki_plashchi_1/kurtki_zimnie_4/kurtka_detskaya_high_experience_km18142_tsvet_1043/;бирюзовый;;верх: 100% полиэстер, подклад: 100% полиэстер (флис спинка и грудка), наполнитель: 100% полиэстер (SUSTANS);;Девочкам;Куртки зимние
383;Куртка MS 23K01Y Black;32::34::36::38::40;1500;1200;26.32;https://lebuto.ru/upload/iblock/202/490a5e20_bfe0_11e9_80da_000c29cc4602_953bdc45_2925_11ea_80e2_000c29cc4602.jpeg;https://lebuto.ru/catalog/zhenskaya_odezhda_1/kurtki_1/kurtki_zhenskie/kurtka_miss_selfridge_23k01y_black/;Черный;;верх: 100% полиэстер, подклад: 100% полиэстер, наполнитель: 100% полиэстер. ;;Женская одежда;Куртки демисезонные
384;Куртка S.M.N. 1902 color: 003;S::M;5900;4720;26.апр;https://lebuto.ru/upload/iblock/ae4/b766dbff_5a02_11eb_80eb_000c29cc4602_6dfb7731_6cf1_11eb_80eb_000c29cc4602.jpeg;https://lebuto.ru/catalog/muzhskaya_odezhda_1/gornolyzhnaya_odezhda/kurtki_gornolyzhnye/kurtka_s_m_n_1902_color_003/;цветная;;верх: 100% полиэстер, подклад: 100% полиэстер, наполнитель: 100% полиэстер;;Мужская одежда;Куртки горнолыжные
385;Куртка S.M.N. 190507 мех color: 50804;120::110::130;4900;3885;20.71;https://lebuto.ru/upload/iblock/498/fde8482c_5a19_11eb_80eb_000c29cc4602_a56d5cf5_9b50_11eb_80ed_000c29cc4602.jpeg;https://lebuto.ru/catalog/malchikam_1/gornolyzhnaya_odezhda_2/kurtka_s_m_n_190507_mekh_color_50804/;св.серый;;верх: 100% полиэстер, наполнитель: 100% полиэстер, подклад: 100% полиэстер, опушка искусственный мех;;Мальчикам;Горнолыжная одежда
386;Куртка S.M.N. MJ190116 color: 805;S::M;5900;4720;26.апр;https://lebuto.ru/upload/iblock/2de/b888411c_5a06_11eb_80eb_000c29cc4602_2d540db4_6cf2_11eb_80eb_000c29cc4602.jpeg;https://lebuto.ru/catalog/muzhskaya_odezhda_1/gornolyzhnaya_odezhda/kurtki_gornolyzhnye/kurtka_s_m_n_mj190116_color_805/;цветная;;верх: 100% полиэстер, подклад: 100% полиэстер, наполнитель: 100% полиэстер;;Мужская одежда;Куртки горнолыжные
387;Куртка S.M.N. MJ190116 color: 806;S::L;5900;4720;26.апр;https://lebuto.ru/upload/iblock/e6b/b8a4163f_5a03_11eb_80eb_000c29cc4602_13a82bf2_6cf2_11eb_80eb_000c29cc4602.jpeg;https://lebuto.ru/catalog/muzhskaya_odezhda_1/gornolyzhnaya_odezhda/kurtki_gornolyzhnye/kurtka_s_m_n_mj190116_color_806/;бирюзовый;;верх: 100% полиэстер, подклад: 100% полиэстер, наполнитель: 100% полиэстер;;Мужская одежда;Куртки горнолыжные
388;Куртка S.M.N. WJ190115 col: 702;XS::S::M::L;5500;4400;20.59;https://lebuto.ru/upload/iblock/881/ddd5d1fb_2a3b_11eb_80e9_000c29cc4602_a8e09bf2_2d63_11eb_80e9_000c29cc4602.jpeg;https://lebuto.ru/catalog/zhenskaya_odezhda_1/gornolyzhnaya_odezhda_1/kurtki_gornolyzhnye_2/kurtka_s_m_n_wj190115_col_702/;цветная;;верх: 100% полиэстер, подклад: 100% полиэстер, наполнитель: 100% полиэстер;;Женская одежда;Куртки горнолыжные
389;Куртка S.M.N. WJ190115 col: 705;XS::S;5500;4400;20.59;https://lebuto.ru/upload/iblock/13c/a478a97c_2a3c_11eb_80e9_000c29cc4602_743af8aa_2d63_11eb_80e9_000c29cc4602.jpeg;https://lebuto.ru/catalog/zhenskaya_odezhda_1/gornolyzhnaya_odezhda_1/kurtki_gornolyzhnye_2/kurtka_s_m_n_wj190115_col_705/;цветная;;верх: 100% полиэстер, подклад: 100% полиэстер, наполнитель: 100% полиэстер;;Женская одежда;Куртки горнолыжные
390;Куртка S.M.N. WJ190115 col: 710;L::XS::S::M::XL;5500;4400;20.59;https://lebuto.ru/upload/iblock/e4d/69e5736e_2a3c_11eb_80e9_000c29cc4602_f5b4f0da_2d63_11eb_80e9_000c29cc4602.jpeg;https://lebuto.ru/catalog/zhenskaya_odezhda_1/gornolyzhnaya_odezhda_1/kurtki_gornolyzhnye_2/kurtka_s_m_n_wj190115_col_710/;цветная;;верх: 100% полиэстер, подклад: 100% полиэстер, наполнитель: 100% полиэстер;;Женская одежда;Куртки горнолыжные
391;Куртка S.M.N. WJ190115 col: 711;XS::S;5500;4400;20.59;https://lebuto.ru/upload/iblock/1ec/27feabd0_2a3c_11eb_80e9_000c29cc4602_ffd07396_2d5f_11eb_80e9_000c29cc4602.jpeg;https://lebuto.ru/catalog/zhenskaya_odezhda_1/gornolyzhnaya_odezhda_1/kurtki_gornolyzhnye_2/kurtka_s_m_n_wj190115_col_711/;цветная;;верх: 100% полиэстер, подклад: 100% полиэстер, наполни тель: 100% полиэстер;;Женская одежда;Куртки горнолыжные
392;Куртка S.M.N. WJ190115 col: 712;S::XS;5500;4400;20.59;https://lebuto.ru/upload/iblock/9d0/82374314_2a3b_11eb_80e9_000c29cc4602_8a32545b_2d62_11eb_80e9_000c29cc4602.jpeg;https://lebuto.ru/catalog/zhenskaya_odezhda_1/gornolyzhnaya_odezhda_1/kurtki_gornolyzhnye_2/kurtka_s_m_n_wj190115_col_712/;цветная;;верх: 100% полиэстер, подклад: 100% полиэстер, наполнитель: 100% полиэстер;;Женская одежда;Куртки горнолыжные
393;Куртка SN 59355 зеленый;M::L;900;720;21.май;https://lebuto.ru/upload/iblock/285/hhslgxe2t7mvb3jzzgfesjbe2ll3a2ai/89f55250_66ec_11ec_8111_000c29cc4602_014f6c9f_6bf3_11ec_8112_000c29cc4602.jpeg;https://lebuto.ru/catalog/zhenskaya_odezhda_1/kurtki_1/kurtki_zimnie_parki/kurtka_sn_59355_zelenyy/;зеленый;;;;Женская одежда;Куртки зимние, парки
394;Куртка SN 59355 розовый;M::L;900;720;21.май;https://lebuto.ru/upload/iblock/b4d/muyi1mo3pwth9qh3grr679gkh52wai3x/56f6fc5e_66ec_11ec_8111_000c29cc4602_0b21c23f_6bf3_11ec_8112_000c29cc4602.jpeg;https://lebuto.ru/catalog/zhenskaya_odezhda_1/kurtki_1/kurtki_zimnie_parki/kurtka_sn_59355_rozovyy/;розовый;;;;Женская одежда;Куртки зимние, парки
395;Куртка SN 59355 черный;M::L;900;720;21.май;https://lebuto.ru/upload/iblock/25d/rqxv00h5n9as93ywbiu97mqhwmf8dr6r/774067c6_66eb_11ec_8111_000c29cc4602_164ecb62_6bf3_11ec_8112_000c29cc4602.jpeg;https://lebuto.ru/catalog/zhenskaya_odezhda_1/kurtki_1/kurtki_zimnie_parki/kurtka_sn_59355_chernyy/;Черный;;;;Женская одежда;Куртки зимние, парки
396;Куртка W 6048908 Color:S;L/40::XL/42;2200;1700;22.73;https://lebuto.ru/upload/iblock/cbc/cbc1cb756c8457aa55412128fa0d617f.jpeg;https://lebuto.ru/catalog/devochkam_1/kurtki_plashchi_1/kurtki_plashchi_dlya_devochek/kurtka_whs_6048908_color_s/;зеленый;;Верх: 100% полиэстер  Подклад: 100% полиамид  Наполнитель : 100% полиэстер;;Девочкам;Куртки, плащи для девочек
397;Куртка W 7758671 color: A;;2500;2000;;https://lebuto.ru/upload/iblock/5db/yweltxvizoq913vfmaz52d93uofcis7e/4496b809_0068_11ef_8146_000c29cc4602_80bffa2f_b9f7_11ef_816a_000c29cc4602.jpg;https://lebuto.ru/catalog/muzhskaya_odezhda_1/kurtki/kurtki_zimnie/kurtka_w_7758671_color_a/;;;;;Мужская одежда;Куртки зимние
398;Куртка WP 707602 color:B01;36/134;1900;1520;20.66;https://lebuto.ru/upload/iblock/96e/2e889a9f_a1cf_11e7_8967_000c29cc4602_29ff63c1_be0b_11e7_9fe4_000c29cc4602.jpeg;https://lebuto.ru/catalog/devochkam_1/kurtki_plashchi_1/kurtki_zimnie_4/kurtka_whs_poma_707602_color_b01/;Черный;;;;Девочкам;Куртки зимние
399;Куртка WR 308602 Color: L16;40/146;2500;1500;28.57;https://lebuto.ru/upload/iblock/55b/efaf37fd_07e0_11e8_9fe4_000c29cc4602_5f6948b8_79c5_11e8_9f15_000c29cc4602.jpeg;https://lebuto.ru/catalog/devochkam_1/kurtki_plashchi_1/kurtki_plashchi_dlya_devochek/kurtka_whs_roma_308602_color_l16/;голубой;;верх: 100% полиэстер, подклад: 100%полиэстер, наполнитель:100% полиэстер;;Девочкам;Куртки, плащи для девочек
400;Куртка WR 308602 Color: P03;40/146;2500;1500;28.57;https://lebuto.ru/upload/iblock/1f6/b2b04972_07e1_11e8_9fe4_000c29cc4602_8f16b97f_79c5_11e8_9f15_000c29cc4602.jpeg;https://lebuto.ru/catalog/devochkam_1/kurtki_plashchi_1/kurtki_plashchi_dlya_devochek/kurtka_whs_roma_308602_color_p03/;розовый;;верх: 100%полиэстер, подклад:100%полиэстер, наполнитель:100%полиэстер;;Девочкам;Куртки, плащи для девочек
401;Куртка WR 378104 Color: G06;42;1600;1280;20;https://lebuto.ru/upload/iblock/5d8/0f35c054_07e7_11e8_9fe4_000c29cc4602_ff6489b6_79c5_11e8_9f15_000c29cc4602.jpeg;https://lebuto.ru/catalog/zhenskaya_odezhda_1/kurtki_1/kurtki_zhenskie/kurtka_whs_roma_378104_color_g06/;желтый;;верх: 100% полиэстер, подклад: 100% полиэстер, утеплитель: 100% полиэстер;;Женская одежда;Куртки демисезонные
402;Куртка WR 510043 col: B01;48;5900;4720;31.59;https://lebuto.ru/upload/iblock/745/5262ffcb_0164_11eb_80e9_000c29cc4602_4a774099_18cd_11eb_80e9_000c29cc4602.jpeg;https://lebuto.ru/catalog/muzhskaya_odezhda_1/gornolyzhnaya_odezhda/kurtki_gornolyzhnye/kurtka_tisentele_510043_col_b01/;Черный;;верх: 100% полиэстер, подклад: 100% полиэстер, наполнитель: 100% полиэстер;;Мужская одежда;Куртки горнолыжные
403;Куртка WR 510043 col: L03;46;5900;4720;31.59;https://lebuto.ru/upload/iblock/bd8/fe602dcd_0163_11eb_80e9_000c29cc4602_5d8045e4_18cd_11eb_80e9_000c29cc4602.jpeg;https://lebuto.ru/catalog/muzhskaya_odezhda_1/gornolyzhnaya_odezhda/kurtki_gornolyzhnye/kurtka_tisentele_510043_col_l03/;темно-синий;;верх: 100% полиэстер, подклад: 100% полиэстер, наполнитель: 100% полиэстер;;Мужская одежда;Куртки горнолыжные
404;Куртка WR 510047 color: L03;48::46;5900;4720;31.59;https://lebuto.ru/upload/iblock/6c9/f1f7af36_09fa_11eb_80e9_000c29cc4602_67081fe0_2323_11eb_80e9_000c29cc4602.jpeg;https://lebuto.ru/catalog/muzhskaya_odezhda_1/gornolyzhnaya_odezhda/kurtki_gornolyzhnye/kurtka_whs_roma_510047_color_l03/;темно-синий;;верх: 100% полиэстер, наполнитель: 100% полиэстер. подклад: 100% полиэстер;;Мужская одежда;Куртки горнолыжные
405;Куртка WR 550066 color: L03;42::44::46;5500;4400;36.23;https://lebuto.ru/upload/iblock/a0f/e7c1fee0_06db_11eb_80e9_000c29cc4602_72c70f1b_18cd_11eb_80e9_000c29cc4602.jpeg;https://lebuto.ru/catalog/zhenskaya_odezhda_1/gornolyzhnaya_odezhda_1/kurtki_gornolyzhnye_2/kurtka_whs_roma_550066_color_l03/;темно-синий;;верх: 100% полиэстер, наполнитель: 100% полиэстер, подклад: 100% полиэстер;;Женская одежда;Куртки горнолыжные
406;Куртка WR 551066 color: P14;46::42::44;4900;3920;36.23;https://lebuto.ru/upload/iblock/882/aykse0aocyaffd19sdn6gzxz1pqud032/f74b4f24_2677_11ec_80fe_000c29cc4602_c76311c5_49dc_11ec_8101_000c29cc4602.jpeg;https://lebuto.ru/catalog/zhenskaya_odezhda_1/gornolyzhnaya_odezhda_1/kurtki_gornolyzhnye_2/kurtka_whs_roma_551066_color_p14/;цветная;;верх: 100% полиэстер, подклад: 100% полиэстер, наполнитель: 100% полиэстер;;Женская одежда;Куртки горнолыжные
407;Куртка WR 568043 color: L03;;5900;4720;;https://lebuto.ru/upload/iblock/bc8/nj8v5tc5cfgnx6l2fw0e3m69vo1td01p/29c6f37c_0071_11ef_8146_000c29cc4602_24f9d6c0_b9f8_11ef_816a_000c29cc4602.jpg;https://lebuto.ru/catalog/muzhskaya_odezhda_1/gornolyzhnaya_odezhda/kurtki_gornolyzhnye/kurtka_wr_568043_color_l03/;;;;;Мужская одежда;Куртки горнолыжные
408;Куртка WR 751306 color: G07;42::44::50::52;4900;3920;33.56;https://lebuto.ru/upload/iblock/5b8/avkg58xo93w4pu73kt8zaiza2lqn7bzp/25452606_2675_11ec_80fe_000c29cc4602_c1f97221_34d9_11ec_8101_000c29cc4602.jpeg;https://lebuto.ru/catalog/zhenskaya_odezhda_1/gornolyzhnaya_odezhda_1/kurtki_gornolyzhnye_2/kurtka_whs_roma_751306_color_g07/;св.зелёный;;;;Женская одежда;Куртки горнолыжные
409;Куртка WR 759334 color: J01;42::44::46::48::50;990;792;20;https://lebuto.ru/upload/iblock/b84/521591c2_93ef_11e9_80d7_000c29cc4602_f4f02d11_b8ea_11e9_80da_000c29cc4602.jpeg;https://lebuto.ru/catalog/zhenskaya_odezhda_1/kurtki_1/kurtki_zimnie_parki/kurtka_whs_roma_759334_color_j01/;золотой;;верх: 100% нейлон, подклад: 100% полиэстер, наполнитель: 100% полиэстер;;Женская одежда;Куртки зимние, парки
410;Куртка WR 770804 color: Y03;38/140::40/146::42/152;4000;3200;20;https://lebuto.ru/upload/iblock/fff/ba61491a_e1d1_11ea_80e9_000c29cc4602_f8c0d583_0219_11eb_80e9_000c29cc4602.jpeg;https://lebuto.ru/catalog/devochkam_1/kurtki_plashchi_1/kurtki_plashchi_dlya_devochek/kurtka_whs_roma_770804_color_y03/;желтый;;верх: 100% полиэстер, подклад: 100% полиэстер, наполнитель: 100% полиэстер;;Девочкам;Куртки, плащи для девочек
411;Куртка WR 779812 col: H01;42/152;1900;1520;21.67;https://lebuto.ru/upload/iblock/f2c/9f47d5fd_caf0_11e9_80dc_000c29cc4602_80b187aa_b469_11ea_80e9_000c29cc4602.jpeg;https://lebuto.ru/catalog/devochkam_1/kurtki_plashchi_1/kurtki_zimnie_4/kurtka_whs_roma_779812_col_h01/;св.серый;;верх: 100% полиэстер, подклад: 100% полиэстер(флис спинка), наполнитель: 100% полиэстер, опушка: искусственный мех);;Девочкам;Куртки зимние
412;Куртка WR 779812 col: P03;38::40::42::44;1900;1520;21.67;https://lebuto.ru/upload/iblock/1c2/e40c7374_caf0_11e9_80dc_000c29cc4602_9ff05714_b469_11ea_80e9_000c29cc4602.jpeg;https://lebuto.ru/catalog/devochkam_1/kurtki_plashchi_1/kurtki_zimnie_4/kurtka_whs_roma_779812_col_p03/;розовый;;верх: 100% полиэстер, подклад: 100% полиэстер(флис спинка), наполнитель: 100% полиэстер, опушка: искусственный мех);;Девочкам;Куртки зимние
413;Куртка Z&I 135 черный;S::M::L;700;560;20;https://lebuto.ru/upload/iblock/79b/ef0284ec_d2df_11e9_80dc_000c29cc4602_cc3e6e7f_2923_11ea_80e2_000c29cc4602.jpeg;https://lebuto.ru/catalog/zhenskaya_odezhda_1/kurtki_1/kurtki_zimnie_parki/kurtka_z_i_135_chernyy/;Черный;;верх: 100% полиэстер, подклад: 100% полиэстер, наполнитель: 100% полиэстер. опушка: искусственный мех;;Женская одежда;Куртки зимние, парки
414;Куртка Z&I 898 синий;S;700;560;42.9;https://lebuto.ru/upload/iblock/155/f40b7b89_bd88_11e9_80da_000c29cc4602_c399fad0_c7e8_11e9_80dc_000c29cc4602.jpeg;https://lebuto.ru/catalog/zhenskaya_odezhda_1/kurtki_1/kurtki_zhenskie/kurtka_z_i_898_siniy/;Синий;;верх: 100% полиэстер, подклад: 100% полиэстер, наполнитель: 100% полиэстер;;Женская одежда;Куртки демисезонные
415;Куртка Z&I 898 темно-зеленый;S;700;560;42.9;https://lebuto.ru/upload/iblock/8ff/b095aa56_bd88_11e9_80da_000c29cc4602_ec57593e_c7e8_11e9_80dc_000c29cc4602.jpeg;https://lebuto.ru/catalog/zhenskaya_odezhda_1/kurtki_1/kurtki_zhenskie/kurtka_z_i_898_temno_zelenyy/;т.зеленый;;верх: 100% полиэстер, подклад: 100% полиэстер, наполнитель: 100% полиэстер;;Женская одежда;Куртки демисезонные
416;Куртка Z&I 899 черный;S::M;700;560;42.9;https://lebuto.ru/upload/iblock/13f/fd97cc69_bd87_11e9_80da_000c29cc4602_dba327f1_c7e7_11e9_80dc_000c29cc4602.jpeg;https://lebuto.ru/catalog/zhenskaya_odezhda_1/kurtki_1/kurtki_zhenskie/kurtka_z_i_899_chernyy/;Черный;;верх: 100% полиэстер, подклад: 100% полиэстер;;Женская одежда;Куртки демисезонные
417;Куртка Б/Н 2150 к/з коричневый;S::M::L;1000;800;20;https://lebuto.ru/upload/iblock/1f1/ou973skp2zqa4pum16yrdbkw86eqts9j/6de53472_b630_11ec_811f_000c29cc4602_5938648d_b717_11ec_811f_000c29cc4602.jpeg;https://lebuto.ru/catalog/zhenskaya_odezhda_1/kurtki_1/kurtki_zhenskie/kurtka_b_n_2150_k_z_korichnevyy/;коричневый;;;;Женская одежда;Куртки демисезонные
418;Куртка детская HE KM18150-15 цвет №8113;98;950;760;19.23;https://lebuto.ru/upload/iblock/0c2/02c85180_dbfd_11e8_abe6_000c29cc4602_78e67c5d_032e_11e9_bdcd_000c29cc4602.jpeg;https://lebuto.ru/catalog/devochkam_1/kurtki_plashchi_1/kurtki_zimnie_4/kurtka_detskaya_high_experience_km18150_15_tsvet_8113/;темно-синий;;верх: 100% полиэстер, подклад: 100% полиэстер ( флис на спинке и груди), наполнитель: 100% полиэстер (SUSTANS);;Девочкам;Куртки зимние
419;Куртка жен. B 75029 темно-синий;M::L::XL::2XL::S;5500;4400;38.98;https://lebuto.ru/upload/iblock/a0d/650988ff_bfd8_11e8_9f15_000c29cc4602_b8c7536d_d66f_11e8_a291_000c29cc4602.jpeg;https://lebuto.ru/catalog/zhenskaya_odezhda_1/gornolyzhnaya_odezhda_1/kurtki_gornolyzhnye_2/kurtka_zhen_b_75029_temno_siniy/;темно-синий;;верх: 100% полиэстер, подклад: 100% полиэстер, наполнитель: 100% полиэстер, опушка: енот;;Женская одежда;Куртки горнолыжные
420;Куртка жен. GS W'S JK 1798 color: 081;XS::S;3900;3120;47.12;https://lebuto.ru/upload/iblock/f22/f223354cd8f3359f03629a7a8abbb515.jpeg;https://lebuto.ru/catalog/zhenskaya_odezhda_1/gornolyzhnaya_odezhda_1/kurtki_gornolyzhnye_2/kurtka_zhen_gsou_snow_w_s_jk_1798_color_081/;оранжевый;;верх: 100% полиэстер, подклад: 100% полиэстер, наполнитель: 100% полиэстер;;Женская одежда;Куртки горнолыжные
421;Куртка жен. GS W'S JK 1798 color: 082;XS;3900;3120;38.98;https://lebuto.ru/upload/iblock/a48/a48fdb16cc55fb3e01f1f3f47385f283.jpeg;https://lebuto.ru/catalog/zhenskaya_odezhda_1/gornolyzhnaya_odezhda_1/kurtki_gornolyzhnye_2/kurtka_zhen_gsou_snow_w_s_jk_1798_color_082/;голубой;;верх: 100% полиэстер, подклад: 100% полиэстер, наполнитель: 100% полиэстер;;Женская одежда;Куртки горнолыжные
422;Куртка жен. Luiza (черный);S::M::XS;900;700;41.67;https://lebuto.ru/upload/iblock/b4f/b4f7e10b0b08a0922f98be232a0b8fb2.jpeg;https://lebuto.ru/catalog/zhenskaya_odezhda_1/kurtki_1/kurtki_zhenskie/kurtka_zhen_luiza_chernyy/;Черный;;Материал верха - 100% полиамид, наполнитель - 100% холлофил;;Женская одежда;Куртки демисезонные
423;Куртка женская 2в1 WT 552036 color: B01;42::46::50::52::44;5900;4720;28.сент;https://lebuto.ru/upload/iblock/07f/mlxry719z0hnwoitedpfhhxtyubg9hsk/79454a17_3961_11ed_812b_000c29cc4602_6f97910f_550e_11ed_812c_000c29cc4602.jpeg;https://lebuto.ru/catalog/zhenskaya_odezhda_1/gornolyzhnaya_odezhda_1/kurtki_gornolyzhnye_2/kurtka_zhenskaya_2v1_whs_tisentele_552036_color_b01/;Черный;;;;Женская одежда;Куртки горнолыжные
424;Куртка женская 2в1 WT 552036 color: G17;44::46::50::52::42::48;5900;4720;28.сент;https://lebuto.ru/upload/iblock/07a/nendc8dcngw4bdeylrd4pr8pnwh1zwii/cce60323_3960_11ed_812b_000c29cc4602_39b3a113_8501_11ed_812d_000c29cc4602.jpeg;https://lebuto.ru/catalog/zhenskaya_odezhda_1/gornolyzhnaya_odezhda_1/kurtki_gornolyzhnye_2/kurtka_zhenskaya_2v1_whs_tisentele_552036_color_g17/;бирюзовый;;;;Женская одежда;Куртки горнолыжные
425;Куртка женская 2в1 WT 552036 color: P03;42::48::52;5900;4720;28.сент;https://lebuto.ru/upload/iblock/983/x3llwuwskinno8pr1mli29ivzarfpftw/bdf386fe_3975_11ed_812b_000c29cc4602_a0b56226_550e_11ed_812c_000c29cc4602.jpeg;https://lebuto.ru/catalog/zhenskaya_odezhda_1/gornolyzhnaya_odezhda_1/kurtki_gornolyzhnye_2/kurtka_zhenskaya_2v1_whs_tisentele_552036_color_p03/;розовый;;;;Женская одежда;Куртки горнолыжные
426;Куртка женская 2в1 WT 552036 color: Y06;46::42::44::48::50::52;5900;4720;28.сент;https://lebuto.ru/upload/iblock/27a/x2evep064015gpht847ssvelvjrcy1o4/68850e9d_3976_11ed_812b_000c29cc4602_4b44d948_8501_11ed_812d_000c29cc4602.jpeg;https://lebuto.ru/catalog/zhenskaya_odezhda_1/gornolyzhnaya_odezhda_1/kurtki_gornolyzhnye_2/kurtka_zhenskaya_2v1_whs_tisentele_552036_color_y06/;желтый;;;;Женская одежда;Куртки горнолыжные
427;Куртка женская 791530N11C (14-1, желтый);44::46::48::50::52::54;900;720;21.май;https://lebuto.ru/upload/iblock/963/d640e222_e13c_11e7_9fe4_000c29cc4602_2a0c143e_746b_11e8_9f15_000c29cc4602.jpeg;https://lebuto.ru/catalog/zhenskaya_odezhda_1/kurtki_1/kurtki_zhenskie/kurtka_791530n11c_14_1_zheltyy/;желтый;;;;Женская одежда;Куртки демисезонные
428;Куртка женская ATH B8514 col: 111;42;1900;29;20;https://lebuto.ru/upload/iblock/a7a/4697dc4b_d464_11e9_80dc_000c29cc4602_1fc44434_e013_11e9_80dd_000c29cc4602.jpeg;https://lebuto.ru/catalog/zhenskaya_odezhda_1/kurtki_1/kurtki_zimnie_parki/kurtka_zhenskaya_azimuth_b8514_col_111/;св.зелёный;;;;Женская одежда;Куртки зимние, парки
429;Куртка женская GS SMN-1901026 col: 910;M::XS::S::L;5500;4400;31.59;https://lebuto.ru/upload/iblock/d21/5caa7464_09c6_11ea_80e0_000c29cc4602_44397f3e_14e7_11ea_80e0_000c29cc4602.jpeg;https://lebuto.ru/catalog/zhenskaya_odezhda_1/gornolyzhnaya_odezhda_1/kurtki_gornolyzhnye_2/kurtka_zhenskaya_gsou_snow_smn_1901026_col_910/;белый;;верх: 100% полиэстер, подклад: 100% полиэстер, наполнитель: 100% полиэстер;;Женская одежда;Куртки горнолыжные
430;Куртка женская GS SMN-1901026 col: 912;L::XS::S;5500;4400;31.59;https://lebuto.ru/upload/iblock/119/226d755f_09c6_11ea_80e0_000c29cc4602_e73fc75e_14e6_11ea_80e0_000c29cc4602.jpeg;https://lebuto.ru/catalog/zhenskaya_odezhda_1/gornolyzhnaya_odezhda_1/kurtki_gornolyzhnye_2/kurtka_zhenskaya_gsou_snow_smn_1901026_col_912/;белый;;верх: 100% полиэстер, подклад: 100% полиэстер, наполнитель: 100% полиэстер;;Женская одежда;Куртки горнолыжные
431;Куртка женская GS SMN-1901026 col: 913;S::XS::M::L;5500;4400;31.59;https://lebuto.ru/upload/iblock/6d8/dbdf5b36_09c5_11ea_80e0_000c29cc4602_1665b6dc_14e7_11ea_80e0_000c29cc4602.jpeg;https://lebuto.ru/catalog/zhenskaya_odezhda_1/gornolyzhnaya_odezhda_1/kurtki_gornolyzhnye_2/kurtka_zhenskaya_gsou_snow_smn_1901026_col_913/;цветная;;верх: 100% полиэстер, подклад: 100% полиэстер, наполнитель: 100% полиэстер;;Женская одежда;Куртки горнолыжные
432;Куртка женская HE 11663 цвет №1006;S;1500;990;21.авг;https://lebuto.ru/upload/iblock/e1a/4ed52127_4d5f_11ea_80e2_000c29cc4602_f37ec1fe_95bd_11ea_80e7_000c29cc4602.jpeg;https://lebuto.ru/catalog/zhenskaya_odezhda_1/kurtki_1/kurtki_zhenskie/kurtka_zhenskaya_high_experience_11663_tsvet_1006/;темно-синий;;верх: 100% полиэстер, наполнитель: 100% полиэстер, подклад: 100% полиэстер;;Женская одежда;Куртки демисезонные
433;Куртка женская HE 11663 цвет №1063;S::M;1500;990;21.авг;https://lebuto.ru/upload/iblock/ef0/9ad81990_4d5f_11ea_80e2_000c29cc4602_066ec09a_95be_11ea_80e7_000c29cc4602.jpeg;https://lebuto.ru/catalog/zhenskaya_odezhda_1/kurtki_1/kurtki_zhenskie/kurtka_zhenskaya_high_experience_11663_tsvet_1063/;Синий;;верх: 100% полиэстер, наполнитель: 100% полиэстер, подклад: 100% полиэстер;;Женская одежда;Куртки демисезонные
434;Куртка женская HE 11663 цвет №4059;S::M;3800;990;21.авг;https://lebuto.ru/upload/iblock/f42/e0dc4067_4d5f_11ea_80e2_000c29cc4602_62bb440f_6d81_11ea_80e2_000c29cc4602.jpeg;https://lebuto.ru/catalog/zhenskaya_odezhda_1/kurtki_1/kurtki_zhenskie/kurtka_zhenskaya_high_experience_11663_tsvet_4059/;розовый;;верх: 100% полиэстер, наполнитель: 100% полиэстер, подклад: 100% полиэстер;;Женская одежда;Куртки демисезонные
435;Куртка женская HE 11663 цвет №6011;S::M;1500;990;21.авг;https://lebuto.ru/upload/iblock/c70/4478ac81_4d60_11ea_80e2_000c29cc4602_097658e4_77c6_11ea_80e2_000c29cc4602.jpeg;https://lebuto.ru/catalog/zhenskaya_odezhda_1/kurtki_1/kurtki_zhenskie/kurtka_zhenskaya_high_experience_11663_tsvet_6011/;зеленый;;верх: 100% полиэстер, наполнитель: 100% полиэстер, подклад: 100% полиэстер;;Женская одежда;Куртки демисезонные
436;Куртка женская HE 9201 цвет №1003;S;5500;4400;36.23;https://lebuto.ru/upload/iblock/ecd/e84a1096_c8a7_11e9_80dc_000c29cc4602_ccf6bd63_ce18_11e9_80dc_000c29cc4602.jpeg;https://lebuto.ru/catalog/zhenskaya_odezhda_1/gornolyzhnaya_odezhda_1/kurtki_gornolyzhnye_2/kurtka_zhenskaya_high_experience_9201_tsvet_1003/;бирюзовый;;верх: 100% полиэстер, наполнитель: 100% полиэстер, подклад: 100% полиэстер;;Женская одежда;Куртки горнолыжные
437;Куртка женская HE 9219 цвет №1003 енот;S::M;5900;4720;31.59;https://lebuto.ru/upload/iblock/26d/97a2e14b_bcb7_11e9_80da_000c29cc4602_cfd96ea0_c8a8_11e9_80dc_000c29cc4602.jpeg;https://lebuto.ru/catalog/zhenskaya_odezhda_1/gornolyzhnaya_odezhda_1/kurtki_gornolyzhnye_2/kurtka_zhenskaya_high_experience_9219_tsvet_1003/;бирюзовый;;верх: 100% полиэстер, подклад: 100% полиэстер, наполнитель: 100% полиэстер, мех: енот;;Женская одежда;Куртки горнолыжные
438;Куртка женская HE 9219 цвет №2029 енот;L::XL;5900;4720;31.59;https://lebuto.ru/upload/iblock/8ec/55825252_1bec_11ea_80e0_000c29cc4602_63205b6f_27c2_11ea_80e2_000c29cc4602.jpeg;https://lebuto.ru/catalog/zhenskaya_odezhda_1/gornolyzhnaya_odezhda_1/kurtki_gornolyzhnye_2/kurtka_zhenskaya_high_experience_9219_tsvet_2029_enot/;св.серый;;верх: 100% полиэстер, подклад: 100% полиэстер, наполнитель: 100% полиэстер, мех: енот;;Женская одежда;Куртки горнолыжные
439;Куртка женская HE 9219 цвет №4017 б/м;S;4900;3120;47.12;https://lebuto.ru/upload/iblock/eaf/59550dbc_1bed_11ea_80e0_000c29cc4602_215ffb8f_27bd_11ea_80e2_000c29cc4602.jpeg;https://lebuto.ru/catalog/zhenskaya_odezhda_1/gornolyzhnaya_odezhda_1/kurtki_gornolyzhnye_2/kurtka_zhenskaya_high_experience_9219_tsvet_4017_b_m/;фиолетовый;;верх: 100% полиэстер, подклад: 100% полиэстер, наполнитель: 100% полиэстер;;Женская одежда;Куртки горнолыжные
440;Куртка женская HE 9219 цвет №5012 б/м;S;4900;3120;47.12;https://lebuto.ru/upload/iblock/43d/d3cfddbc_1bec_11ea_80e0_000c29cc4602_f5c2074a_27bc_11ea_80e2_000c29cc4602.jpeg;https://lebuto.ru/catalog/zhenskaya_odezhda_1/gornolyzhnaya_odezhda_1/kurtki_gornolyzhnye_2/kurtka_zhenskaya_high_experience_9219_tsvet_5012_b_m/;желтый;;верх: 100% полиэстер, подклад: 100% полиэстер, наполнитель: 100% полиэстер;;Женская одежда;Куртки горнолыжные
441;Куртка женская HE 9251 цвет №0 чернобурка;S::XL;7800;6240;21.21;https://lebuto.ru/upload/iblock/982/cbad8c45_efc4_11e9_80dd_000c29cc4602_de6c0bd3_ff94_11e9_80df_000c29cc4602.jpeg;https://lebuto.ru/catalog/zhenskaya_odezhda_1/gornolyzhnaya_odezhda_1/kurtki_gornolyzhnye_2/kurtka_zhenskaya_high_experience_9251_tsvet_0_chernoburka/;Черный;;Верх:полиэстер,Подклад:полиэстер,Наполнитель:полиэстер;;Женская одежда;Куртки горнолыжные
442;Куртка женская HE 9257 цвет №01;XL::S::2XL;6900;4400;36.23;https://lebuto.ru/upload/iblock/901/0adc7186_f171_11e9_80dd_000c29cc4602_ab5bb3da_1bee_11ea_80e0_000c29cc4602.jpeg;https://lebuto.ru/catalog/zhenskaya_odezhda_1/gornolyzhnaya_odezhda_1/kurtki_gornolyzhnye_2/kurtka_zhenskaya_high_experience_9257_tsvet_01/;белый;;;;Женская одежда;Куртки горнолыжные
443;Куртка женская HE 9257 цвет №4042;S::XL::2XL;6900;4400;36.23;https://lebuto.ru/upload/iblock/1b5/1610a0fa_bcb8_11e9_80da_000c29cc4602_923fc515_c8a9_11e9_80dc_000c29cc4602.jpeg;https://lebuto.ru/catalog/zhenskaya_odezhda_1/gornolyzhnaya_odezhda_1/kurtki_gornolyzhnye_2/kurtka_zhenskaya_high_experience_9257_tsvet_4042/;розовый;;;;Женская одежда;Куртки горнолыжные
444;Куртка женская HE 9257 цвет №6003;M::S;5500;3280;40.36;https://lebuto.ru/upload/iblock/44a/83d1bed3_1bdb_11ea_80e0_000c29cc4602_14193f5c_27c2_11ea_80e2_000c29cc4602.jpeg;https://lebuto.ru/catalog/zhenskaya_odezhda_1/gornolyzhnaya_odezhda_1/kurtki_gornolyzhnye_2/kurtka_zhenskaya_high_experience_9257_tsvet_6003/;св.зелёный;;верх: 100% полиэстер, подклад: 100% полиэстер, наполнитель: 100% полиэстер;;Женская одежда;Куртки горнолыжные
445;Куртка женская HE 9260 цвет №500 енот;XL::S;5900;4720;36.23;https://lebuto.ru/upload/iblock/742/445d5b5a_1bdc_11ea_80e0_000c29cc4602_3f091cd0_4662_11ea_80e2_000c29cc4602.jpeg;https://lebuto.ru/catalog/zhenskaya_odezhda_1/gornolyzhnaya_odezhda_1/kurtki_gornolyzhnye_2/kurtka_zhenskaya_high_experience_9260_tsvet_500_enot/;Синий;;верх: 100% полиэстер, наполнитель: 100% полиэстер, подклад: 100% полиэстер;;Женская одежда;Куртки горнолыжные
446;Куртка женская HE 9263 цвет №01;L::S::M::2XL;6900;4720;31.59;https://lebuto.ru/upload/iblock/bce/8c5aa1d0_c8a7_11e9_80dc_000c29cc4602_2e1a09ef_ce19_11e9_80dc_000c29cc4602.jpeg;https://lebuto.ru/catalog/zhenskaya_odezhda_1/gornolyzhnaya_odezhda_1/kurtki_gornolyzhnye_2/kurtka_zhenskaya_high_experience_9263_tsvet_01/;белый;;Верх:полиэстер,Подклад:полиэстер,Наполнитель:полиэстер;;Женская одежда;Куртки горнолыжные
447;Куртка женская HE 9263 цвет №1044;M::S::L::XL;6900;4720;31.59;https://lebuto.ru/upload/iblock/844/20dbfc54_43fa_11ea_80e2_000c29cc4602_1385dcaa_a250_11eb_80ed_000c29cc4602.jpeg;https://lebuto.ru/catalog/zhenskaya_odezhda_1/gornolyzhnaya_odezhda_1/kurtki_gornolyzhnye_2/kurtka_zhenskaya_high_experience_9263_tsvet_1044/;голубой;;Верх:полиэстер,Подклад:полиэстер,Наполнитель:полиэстер;;Женская одежда;Куртки горнолыжные
448;Куртка женская HE 9263 цвет №4043;M::S::L::2XL;6900;4720;31.59;https://lebuto.ru/upload/iblock/1e4/a29e34cb_f0ad_11e9_80dd_000c29cc4602_fb97f8ee_ff94_11e9_80df_000c29cc4602.jpeg;https://lebuto.ru/catalog/zhenskaya_odezhda_1/gornolyzhnaya_odezhda_1/kurtki_gornolyzhnye_2/kurtka_zhenskaya_high_experience_9263_tsvet_4043/;св.розовый;;Верх:полиэстер,Подклад:полиэстер,Наполнитель:полиэстер;;Женская одежда;Куртки горнолыжные
449;Куртка женская HE 9286 цвет №4042;L::M::2XL;4900;3920;38.98;https://lebuto.ru/upload/iblock/a6e/6580fedf_43fb_11ea_80e2_000c29cc4602_2fff6764_a250_11eb_80ed_000c29cc4602.jpeg;https://lebuto.ru/catalog/zhenskaya_odezhda_1/gornolyzhnaya_odezhda_1/kurtki_gornolyzhnye_2/kurtka_zhenskaya_high_experience_9286_tsvet_4042/;розовый;;Верх:полиэстер,Подклад:полиэстер,Наполнитель:полиэстер;;Женская одежда;Куртки горнолыжные
450;Куртка женская HE RH11009 цвет №2035;S::L;6900;4720;31.59;https://lebuto.ru/upload/iblock/c0e/g88yo533gqyrzx10gkrooo7r9fa72hp3/569ee8fc_469b_11ec_8101_000c29cc4602_ca3f01a4_49d8_11ec_8101_000c29cc4602.jpeg;https://lebuto.ru/catalog/zhenskaya_odezhda_1/gornolyzhnaya_odezhda_1/kurtki_gornolyzhnye_2/kurtka_zhenskaya_high_experience_rh11009_tsvet_2035/;темно-синий;;;;Женская одежда;Куртки горнолыжные
451;Куртка женская HE RH11012 цвет №1067 енот;2XL::M::S;5900;4720;30.67;https://lebuto.ru/upload/iblock/715/d8d6gbo3sbfewqdrytpf91qxy3enzq2g/2c32034f_438f_11ec_8101_000c29cc4602_a9ba665b_49d8_11ec_8101_000c29cc4602.jpeg;https://lebuto.ru/catalog/zhenskaya_odezhda_1/gornolyzhnaya_odezhda_1/kurtki_gornolyzhnye_2/kurtka_zhenskaya_high_experience_rh11012_tsvet_1067_enot/;бирюзовый;;;;Женская одежда;Куртки горнолыжные
452;Куртка женская HE RH11012 цвет №4012 енот;M::L::S::2XL;5900;4720;30.67;https://lebuto.ru/upload/iblock/10d/jt37jv3ryad0unva8ba3fjbtrch5rmjm/92d20e38_4392_11ec_8101_000c29cc4602_34f0e2b3_49d9_11ec_8101_000c29cc4602.jpeg;https://lebuto.ru/catalog/zhenskaya_odezhda_1/gornolyzhnaya_odezhda_1/kurtki_gornolyzhnye_2/kurtka_zhenskaya_high_experience_rh11012_tsvet_4012_enot/;сирень;;;;Женская одежда;Куртки горнолыжные
453;Куртка женская HE RH11012 цвет №4058 енот;S;5900;4720;30.67;https://lebuto.ru/upload/iblock/9b4/fl27puu9vzad70shf9r88ntp5lj2ivxc/0b068a0e_4393_11ec_8101_000c29cc4602_3fedb2d3_49d9_11ec_8101_000c29cc4602.jpeg;https://lebuto.ru/catalog/zhenskaya_odezhda_1/gornolyzhnaya_odezhda_1/kurtki_gornolyzhnye_2/kurtka_zhenskaya_high_experience_rh11012_tsvet_4058_enot/;св.розовый;;;;Женская одежда;Куртки горнолыжные
454;Куртка женская HE RH11024 цвет №2029;S::2XL;6900;4720;31.59;https://lebuto.ru/upload/iblock/a3d/ah9upe4tbvx4s2mlgveyw6gf0j0c8blu/d27a7f2c_4685_11ec_8101_000c29cc4602_54c193cf_49d9_11ec_8101_000c29cc4602.jpeg;https://lebuto.ru/catalog/zhenskaya_odezhda_1/gornolyzhnaya_odezhda_1/kurtki_gornolyzhnye_2/kurtka_zhenskaya_high_experience_rh11024_tsvet_2029/;цветная;;;;Женская одежда;Куртки горнолыжные
455;Куртка женская HE RH11088 цвет №5012;S::2XL;4900;3920;31.59;https://lebuto.ru/upload/iblock/357/foe2i5vfwgy31rq6hsllogxtztvq6h5w/3c952f6e_5ca7_11ec_8109_000c29cc4602_10de8bd3_7c3d_11ec_8115_000c29cc4602.jpeg;https://lebuto.ru/catalog/zhenskaya_odezhda_1/gornolyzhnaya_odezhda_1/kurtki_gornolyzhnye_2/kurtka_zhenskaya_high_experience_rh11088_tsvet_5012/;желтый;;;;Женская одежда;Куртки горнолыжные
456;Куртка женская HE RH13010 цвет №6046;S::M::XL::2XL::L;6900;4720;31.59;https://lebuto.ru/upload/iblock/f32/tl1bar82qxab052bj9pp6778nzx6qzgd/854796b8_276c_11ed_812b_000c29cc4602_eb2b09f4_3fcc_11ed_812b_000c29cc4602.jpeg;https://lebuto.ru/catalog/zhenskaya_odezhda_1/gornolyzhnaya_odezhda_1/kurtki_gornolyzhnye_2/kurtka_zhenskaya_high_experience_rh13010_tsvet_6046/;зеленый;;;;Женская одежда;Куртки горнолыжные
457;Куртка женская HE RH13066 цвет №2029;S::2XL::M::L::XL;6900;4720;31.59;https://lebuto.ru/upload/iblock/43d/8gsjrkt4bhoplx4iuq7u4xz3rsviail4/e4b8d7c2_276b_11ed_812b_000c29cc4602_0bf672cf_3fcd_11ed_812b_000c29cc4602.jpeg;https://lebuto.ru/catalog/zhenskaya_odezhda_1/gornolyzhnaya_odezhda_1/kurtki_gornolyzhnye_2/kurtka_zhenskaya_high_experience_rh13066_tsvet_2029/;св.серый;;;;Женская одежда;Куртки горнолыжные
458;Куртка женская Merlion Femista (серо/бежевый узор);XS;900;700;40;https://lebuto.ru/upload/iblock/ba8/8b41ce1a_42e3_11e4_ad65_000c29cc4602_5f2ce2fb_5127_11e5_80e9_000c29cc4602.jpeg;https://lebuto.ru/catalog/zhenskaya_odezhda_1/kurtki_1/kurtki_zhenskie/kurtka_zhenskaya_merlion_femista_sero_bezhevyy_uzor/;Серый;;Материал верха: 100% полиэстер, подклад: 100% полиэстер, утеплитель: 100% холлофил;;Женская одежда;Куртки демисезонные
459;Куртка женская Merlion Femista (т. серый узор);XS;900;700;40;https://lebuto.ru/upload/iblock/5c7/c4a0b583_42e3_11e4_ad65_000c29cc4602_80402ebb_5127_11e5_80e9_000c29cc4602.jpeg;https://lebuto.ru/catalog/zhenskaya_odezhda_1/kurtki_1/kurtki_zhenskie/kurtka_zhenskaya_merlion_femista_t_seryy_uzor/;т.серый;;верх: 100% полиэстер, наполнитель: 100% полиэстер, подклад: 100% полиэстер;;Женская одежда;Куртки демисезонные
460;Куртка женская Merlion Olivia бордо;S;2450;950;61.22;https://lebuto.ru/upload/iblock/be6/afa11cac_eb50_11e5_894d_000c29cc4602_3f37e92c_f62b_11e5_894d_000c29cc4602.jpeg;https://lebuto.ru/catalog/zhenskaya_odezhda_1/kurtki_1/kurtki_zhenskie/kurtka_zhenskaya_merlion_olivia_bordo/;бордовый;;100% полиэстер;;Женская одежда;Куртки демисезонные
461;Куртка женская Merlion Olivia красный;S;2950;950;67.8;https://lebuto.ru/upload/iblock/09d/0a495ae7_f18e_11e5_894d_000c29cc4602_c785890b_fbb2_11e5_894d_000c29cc4602.jpeg;https://lebuto.ru/catalog/zhenskaya_odezhda_1/kurtki_1/kurtki_zhenskie/kurtka_zhenskaya_merlion_olivia_krasnyy/;красный;;100% полиэстер;;Женская одежда;Куртки демисезонные
462;Куртка женская Merlion Olivia малиновый;S;900;700;67.8;https://lebuto.ru/upload/iblock/83a/83ac3e7ed26189ee9b53ee0cd9383c11.jpeg;https://lebuto.ru/catalog/zhenskaya_odezhda_1/kurtki_1/kurtki_zhenskie/kurtka_zhenskaya_merlion_olivia_malinovyy/;темно-красный;;100% полиэстер;;Женская одежда;Куртки демисезонные
463;Куртка женская Merlion SISLEY (белый);XS;900;700;36.67;https://lebuto.ru/upload/iblock/af2/af26639392d91fa07454ff9b93670636.jpeg;https://lebuto.ru/catalog/zhenskaya_odezhda_1/kurtki_1/kurtki_zhenskie/kurtka_zhenskaya_merlion_sisley_belyy/;белый;;100% нейлон, наполнитель: 100% холлофайбер;;Женская одежда;Куртки демисезонные
464;Куртка женская Merlion SISLEY (голубой);XS;900;700;36.67;https://lebuto.ru/upload/iblock/b7e/b7e8af0b9e773a0f020095ad5d7fe59c.jpeg;https://lebuto.ru/catalog/zhenskaya_odezhda_1/kurtki_1/kurtki_zhenskie/kurtka_zhenskaya_merlion_sisley_goluboy/;голубой;;100% нейлон , наполнитель : 100% холлофайбер;;Женская одежда;Куртки демисезонные
465;Куртка женская Merlion SISLEY (зеленый);XS;1500;950;36.67;https://lebuto.ru/upload/iblock/92c/92c7dad073b51a47fef4a331580c328a.jpeg;https://lebuto.ru/catalog/zhenskaya_odezhda_1/kurtki_1/kurtki_zhenskie/kurtka_zhenskaya_merlion_sisley_zelenyy/;зеленый;;100% нейлон, наполнитель: 100% холлофайбер;;Женская одежда;Куртки демисезонные
466;Куртка женская S.M.N. SMN-1901 col: 074;L::XS::S::M::XL;4900;3920;31.59;https://lebuto.ru/upload/iblock/314/97af7e8d_d5ec_11e9_80dc_000c29cc4602_563be7eb_e00d_11e9_80dd_000c29cc4602.jpeg;https://lebuto.ru/catalog/zhenskaya_odezhda_1/gornolyzhnaya_odezhda_1/kurtki_gornolyzhnye_2/kurtka_s_m_n_smn_1901_col_074/;цветная;;верх: 100% полиэстер, подклад: 100% полиэстер, наполнитель: 100% полиэстер;;Женская одежда;Куртки горнолыжные
467;Куртка женская WR 5510110 col: Z08;46::44::50::52;5500;4400;31.59;https://lebuto.ru/upload/iblock/185/scix5aw01m16a8gtyfl3ho927gn300uz/6df5bc91_4753_11ec_8101_000c29cc4602_1c06151c_505f_11ec_8101_000c29cc4602.jpeg;https://lebuto.ru/catalog/zhenskaya_odezhda_1/gornolyzhnaya_odezhda_1/kurtki_gornolyzhnye_2/kurtka_zhenskaya_whs_roma_5510110_col_z08/;сирень;;;;Женская одежда;Куртки горнолыжные
468;Куртка женская WR 5510144 col: K02;46::50::52::42;6900;4720;31.59;https://lebuto.ru/upload/iblock/817/yckf80bxv2rmq8avz6kva34tth85sgmq/f39aaf25_4752_11ec_8101_000c29cc4602_fb1eb4da_7454_11ec_8115_000c29cc4602.jpeg;https://lebuto.ru/catalog/zhenskaya_odezhda_1/gornolyzhnaya_odezhda_1/kurtki_gornolyzhnye_2/kurtka_zhenskaya_whs_roma_5510144_col_k02/;бежевый;;;;Женская одежда;Куртки горнолыжные
469;Куртка женская WR 5510148 col: K02;::::::;6900;4720;;https://lebuto.ru/upload/iblock/e64/g4yxyeb7h45wrdohhuqvjb33i8cxuh9d/fecae898_1365_11ef_8149_000c29cc4602_79f97e85_b6b4_11ef_8169_000c29cc4602.jpg;https://lebuto.ru/catalog/zhenskaya_odezhda_1/gornolyzhnaya_odezhda_1/kurtki_gornolyzhnye_2/kurtka_zhenskaya_wr_5510148_col_k02/;;;;;Женская одежда;Куртки горнолыжные
470;Куртка женская WR 551040B col: H43;54::58;5500;4400;31.59;https://lebuto.ru/upload/iblock/ed8/67hju0tpmn9m9e0nlvhsg8i437i2t02k/a37d389f_4833_11ec_8101_000c29cc4602_f4c63b4d_4a09_11ec_8101_000c29cc4602.jpeg;https://lebuto.ru/catalog/zhenskaya_odezhda_1/gornolyzhnaya_odezhda_1/kurtki_gornolyzhnye_2/kurtka_zhenskaya_whs_roma_551040b_col_h43/;цветная;;;;Женская одежда;Куртки горнолыжные
471;Куртка женская WR 551076 col: H51;46::42::44::48::50::52;5500;4400;35.07;https://lebuto.ru/upload/iblock/a1b/9zl5nlr8z05xyou851dj53wu5uvgg3vo/4b59597c_4834_11ec_8101_000c29cc4602_72394d6b_4a08_11ec_8101_000c29cc4602.jpeg;https://lebuto.ru/catalog/zhenskaya_odezhda_1/gornolyzhnaya_odezhda_1/kurtki_gornolyzhnye_2/kurtka_zhenskaya_whs_roma_551076_col_h51/;желтый;;;;Женская одежда;Куртки горнолыжные
472;Куртка женская WR 551076B col: H55;54;6900;4720;31.59;https://lebuto.ru/upload/iblock/3a4/t83kvo8zt1weuv9axad4jgykxkzajket/192889b8_4835_11ec_8101_000c29cc4602_7bf3112f_4a08_11ec_8101_000c29cc4602.jpeg;https://lebuto.ru/catalog/zhenskaya_odezhda_1/gornolyzhnaya_odezhda_1/kurtki_gornolyzhnye_2/kurtka_zhenskaya_whs_roma_551076b_col_h55/;розовый;;;;Женская одежда;Куртки горнолыжные
473;Куртка женская WR 552006 color: G17;42::52::44;4900;3920;39.71;https://lebuto.ru/upload/iblock/1f5/gxr8l2s8qvpx210ttnudv1s2b3i3c5cw/79294649_2760_11ed_812b_000c29cc4602_e29057f2_2845_11ed_812b_000c29cc4602.jpeg;https://lebuto.ru/catalog/zhenskaya_odezhda_1/gornolyzhnaya_odezhda_1/kurtki_gornolyzhnye_2/kurtka_zhenskaya_whs_roma_552006_color_g17/;бирюзовый;;;;Женская одежда;Куртки горнолыжные
474;Куртка женская WR 552006 color: P06;42::44::48::50;4900;3920;39.71;https://lebuto.ru/upload/iblock/401/660mwh5kx1uy33qj9q49vbmnl5hnasg7/07bdea42_2760_11ed_812b_000c29cc4602_3f47d550_2846_11ed_812b_000c29cc4602.jpeg;https://lebuto.ru/catalog/zhenskaya_odezhda_1/gornolyzhnaya_odezhda_1/kurtki_gornolyzhnye_2/kurtka_zhenskaya_whs_roma_552006_color_p06/;св.розовый;50;;;Женская одежда;Куртки горнолыжные
475;Куртка женская WR 552506 color: L19;42::46::50::52;5500;4400;31.59;https://lebuto.ru/upload/iblock/a32/f576lwqgg0b5cdaqqiyuz57e80lsaiv8/a7b026f0_3984_11ed_812b_000c29cc4602_dd40ebf7_550e_11ed_812c_000c29cc4602.jpeg;https://lebuto.ru/catalog/zhenskaya_odezhda_1/gornolyzhnaya_odezhda_1/kurtki_gornolyzhnye_2/kurtka_zhenskaya_whs_roma_552506_color_l19/;голубой;;;;Женская одежда;Куртки горнолыжные
476;Куртка женская WR 552506 color: P15;42::50::44::46::52;5500;4400;31.59;https://lebuto.ru/upload/iblock/dc8/8hstv3xn500ps3s2un7w0wlcsn60gl5p/3113209d_3985_11ed_812b_000c29cc4602_f05f001f_550e_11ed_812c_000c29cc4602.jpeg;https://lebuto.ru/catalog/zhenskaya_odezhda_1/gornolyzhnaya_odezhda_1/kurtki_gornolyzhnye_2/kurtka_zhenskaya_whs_roma_552506_color_p15/;св.розовый;;;;Женская одежда;Куртки горнолыжные
477;Куртка женская WR 552506 color: R02;42;6900;4240;38.55;https://lebuto.ru/upload/iblock/d83/qjkdoy41vt1ayua1rg3yi0u4eb5fqq52/2d0494e1_3984_11ed_812b_000c29cc4602_6b18c309_5f2f_11ed_812c_000c29cc4602.jpeg;https://lebuto.ru/catalog/zhenskaya_odezhda_1/gornolyzhnaya_odezhda_1/kurtki_gornolyzhnye_2/kurtka_zhenskaya_whs_roma_552506_color_r02/;красный;;;;Женская одежда;Куртки горнолыжные
478;Куртка женская WR 552506 color: Y03;42::44::46::50;5500;4400;31.59;https://lebuto.ru/upload/iblock/54a/1oy1t7djyoob0yduke2lz490b1ww4h9l/c557c5e6_3983_11ed_812b_000c29cc4602_6a3c9f2d_550f_11ed_812c_000c29cc4602.jpeg;https://lebuto.ru/catalog/zhenskaya_odezhda_1/gornolyzhnaya_odezhda_1/kurtki_gornolyzhnye_2/kurtka_zhenskaya_whs_roma_552506_color_y03/;желтый;;;;Женская одежда;Куртки горнолыжные
479;Куртка женская WR 552512 color: G25;50::52::44::46;5500;4400;31.59;https://lebuto.ru/upload/iblock/78a/m30hrqvlehbg827z8tali3ju5uuaezx1/d81aea37_395c_11ed_812b_000c29cc4602_a73b8534_9156_11ed_812d_000c29cc4602.jpeg;https://lebuto.ru/catalog/zhenskaya_odezhda_1/gornolyzhnaya_odezhda_1/kurtki_gornolyzhnye_2/kurtka_zhenskaya_whs_roma_552512_color_g25/;бирюзовый;;;;Женская одежда;Куртки горнолыжные
480;Куртка женская WR 552512 color: Y03;42::52::46;5500;4400;31.59;https://lebuto.ru/upload/iblock/88c/rrp4effdkf1kuon943r5oobm0n10gq3s/639ee93c_395c_11ed_812b_000c29cc4602_76f7b2d4_7158_11ed_812d_000c29cc4602.jpeg;https://lebuto.ru/catalog/zhenskaya_odezhda_1/gornolyzhnaya_odezhda_1/kurtki_gornolyzhnye_2/kurtka_zhenskaya_whs_roma_552512_color_y03/;желтый;;;;Женская одежда;Куртки горнолыжные
481;Куртка женская WR 552512 color: Z08;42::44::46::50::52;5500;4400;31.59;https://lebuto.ru/upload/iblock/953/upy3trr40dd6v31txgnuqtgad7fcgi1h/c8ec210e_3981_11ed_812b_000c29cc4602_df214693_550f_11ed_812c_000c29cc4602.jpeg;https://lebuto.ru/catalog/zhenskaya_odezhda_1/gornolyzhnaya_odezhda_1/kurtki_gornolyzhnye_2/kurtka_zhenskaya_whs_roma_552512_color_z08/;сирень;;;;Женская одежда;Куртки горнолыжные
482;Куртка женская WR 552544 color: L19;42::46::44::48;5500;4400;31.59;https://lebuto.ru/upload/iblock/a66/ko2x8d3ec1buq6waiqx7fthq5p39600g/786bbb82_2ce6_11ed_812b_000c29cc4602_fda2416b_550f_11ed_812c_000c29cc4602.jpeg;https://lebuto.ru/catalog/zhenskaya_odezhda_1/gornolyzhnaya_odezhda_1/kurtki_gornolyzhnye_2/kurtka_zhenskaya_whs_roma_552544_color_l19/;голубой;;;;Женская одежда;Куртки горнолыжные
483;Куртка женская WR 552544 color: P15;44::46::42::48::50::52;5500;4400;31.59;https://lebuto.ru/upload/iblock/981/7o2zhnv26aa1aue749gz3y7l2ijybxxv/7229362c_3982_11ed_812b_000c29cc4602_2367151b_5510_11ed_812c_000c29cc4602.jpeg;https://lebuto.ru/catalog/zhenskaya_odezhda_1/gornolyzhnaya_odezhda_1/kurtki_gornolyzhnye_2/kurtka_zhenskaya_whs_roma_552544_color_p15/;св.розовый;;;;Женская одежда;Куртки горнолыжные
484;Куртка женская WR 552544 color: Z09;42::44::46::48::50::52;5500;4400;31.59;https://lebuto.ru/upload/iblock/1e7/5op51cd4x1rnjo5iud4o0mo1hqaio69p/f9e0b172_3982_11ed_812b_000c29cc4602_45e56444_5510_11ed_812c_000c29cc4602.jpeg;https://lebuto.ru/catalog/zhenskaya_odezhda_1/gornolyzhnaya_odezhda_1/kurtki_gornolyzhnye_2/kurtka_zhenskaya_whs_roma_552544_color_z09/;фиолетовый;;;;Женская одежда;Куртки горнолыжные
485;Куртка женская WR 559032 col: L08;42;4900;3920;43.05;https://lebuto.ru/upload/iblock/ec9/348280f2_caec_11e9_80dc_000c29cc4602_44cd2b34_ddd0_11e9_80dd_000c29cc4602.jpeg;https://lebuto.ru/catalog/zhenskaya_odezhda_1/gornolyzhnaya_odezhda_1/kurtki_gornolyzhnye_2/kurtka_whs_roma_559032_col_l08/;голубой;;верх: 100%полиэстер, наполнитель: 100% полиэстер, подклад: 100% полиэстер;;Женская одежда;Куртки горнолыжные
486;Куртка женская WR 559040 color: B01;46::42::44::48;3900;3120;43.05;https://lebuto.ru/upload/iblock/ff8/99d02de0_b74c_11e9_80da_000c29cc4602_294258d8_c3db_11e9_80dc_000c29cc4602.jpeg;https://lebuto.ru/catalog/zhenskaya_odezhda_1/gornolyzhnaya_odezhda_1/kurtki_gornolyzhnye_2/kurtka_whs_roma_559040_color_b01/;Черный;;верх: 100% полиэстер, подклад: 100% полиэстер, наполнитель: 100% полиэстер;;Женская одежда;Куртки горнолыжные
487;Куртка женская WR 559040 color: P03;46::42::44;4900;3920;43.05;https://lebuto.ru/upload/iblock/419/57b5d2bf_b74c_11e9_80da_000c29cc4602_86f5e9ef_c8a8_11e9_80dc_000c29cc4602.jpeg;https://lebuto.ru/catalog/zhenskaya_odezhda_1/gornolyzhnaya_odezhda_1/kurtki_gornolyzhnye_2/kurtka_whs_roma_559040_color_p03/;розовый;;верх: 100% полиэстер, подклад: 100% полиэстер, наполнитель: 100% полиэстер;;Женская одежда;Куртки горнолыжные
488;Куртка женская WR 559040 color: Y03;44::42::46;4900;3920;43.05;https://lebuto.ru/upload/iblock/ed7/b7866174_b74b_11e9_80da_000c29cc4602_ae71c327_c8a8_11e9_80dc_000c29cc4602.jpeg;https://lebuto.ru/catalog/zhenskaya_odezhda_1/gornolyzhnaya_odezhda_1/kurtki_gornolyzhnye_2/kurtka_whs_roma_559040_color_y03/;желтый;;верх: 100% полиэстер, подклад: 100% полиэстер. наполнитель: 100% полиэстер;;Женская одежда;Куртки горнолыжные
489;Куртка женская WR 559092 col: 9087 Navy;44/M::42/S::46/L::50/2XL;4900;3920;38.98;https://lebuto.ru/upload/iblock/095/560fe9e2_caf1_11e9_80dc_000c29cc4602_9fc11861_da96_11e9_80dd_000c29cc4602.jpeg;https://lebuto.ru/catalog/zhenskaya_odezhda_1/gornolyzhnaya_odezhda_1/kurtki_gornolyzhnye_2/kurtka_whs_roma_559092_col_9087_navy/;темно-синий;;верх: 100% полиэстер, наполнитель: 100% полиэстер, подклад: 100% полиэстер;;Женская одежда;Куртки горнолыжные
490;Куртка женская WR 620704 col: H03;42::44::46;2500;2000;20;https://lebuto.ru/upload/iblock/de8/9e7b908a_4c9c_11ea_80e2_000c29cc4602_69d61264_95be_11ea_80e7_000c29cc4602.jpeg;https://lebuto.ru/catalog/zhenskaya_odezhda_1/kurtki_1/kurtki_zhenskie/kurtka_zhenskaya_whs_roma_620704_col_h03/;св.серый;;верх: 100% полиэстер, наполнитель: 100% полиэстер, подклад: 100% полиэстер;;Женская одежда;Куртки демисезонные
491;Куртка женская WR 620704 col: L19;42::44::46::48;2500;2000;20;https://lebuto.ru/upload/iblock/2b7/56bd0874_4c9c_11ea_80e2_000c29cc4602_79de4ffa_95be_11ea_80e7_000c29cc4602.jpeg;https://lebuto.ru/catalog/zhenskaya_odezhda_1/kurtki_1/kurtki_zhenskie/kurtka_zhenskaya_whs_roma_620704_col_l19/;голубой;;верх: 100% полиэстер, наполнитель: 100% полиэстер, подклад: 100% полиэстер;;Женская одежда;Куртки демисезонные
492;Куртка женская WR 750334 color: P06;42;3900;3120;47.12;https://lebuto.ru/upload/iblock/1e4/9d7d5d73_e1d2_11ea_80e9_000c29cc4602_42e5154c_0c45_11eb_80e9_000c29cc4602.jpeg;https://lebuto.ru/catalog/zhenskaya_odezhda_1/gornolyzhnaya_odezhda_1/kurtki_gornolyzhnye_2/kurtka_zhenskaya_whs_roma_750334_color_p06/;св.розовый;;;;Женская одежда;Куртки горнолыжные
493;Куртка женская WR 7513110 col: K03;52;3500;2800;0;https://lebuto.ru/upload/iblock/fa5/axsidj5lzi84lghr28hlbo4ivtpadool/a069a518_4772_11ec_8101_000c29cc4602_3ac63e8b_4a0b_11ec_8101_000c29cc4602.jpeg;https://lebuto.ru/catalog/zhenskaya_odezhda_1/kurtki_1/kurtki_zimnie_parki/kurtka_zhenskaya_whs_roma_7513110_col_k03/;бежевый;;;;Женская одежда;Куртки зимние, парки
494;Куртка женская WR 7513112 col: B01;42;2900;2300;0;https://lebuto.ru/upload/iblock/5c6/jvd6jistgtgcve3bp5ca9gxh2m9tc0dm/a829d225_46b9_11ec_8101_000c29cc4602_42c3a6a7_49de_11ec_8101_000c29cc4602.jpeg;https://lebuto.ru/catalog/zhenskaya_odezhda_1/kurtki_1/kurtki_zimnie_parki/kurtka_zhenskaya_whs_roma_7513112_col_b01/;Черный;;;;Женская одежда;Куртки зимние, парки
495;Куртка женская WR 7513112 col: W01;44::52::46::48::50;2900;1900;0;https://lebuto.ru/upload/iblock/a6a/8bsn7igc9puq3evd14d5qcr59v66zv1p/a6db09e1_4773_11ec_8101_000c29cc4602_4a44d7d1_49de_11ec_8101_000c29cc4602.jpeg;https://lebuto.ru/catalog/zhenskaya_odezhda_1/kurtki_1/kurtki_zimnie_parki/kurtka_zhenskaya_whs_roma_7513112_col_w01/;белый;;;;Женская одежда;Куртки зимние, парки
496;Куртка женская WR 7513116 col: B01;44::52;3500;2800;0;https://lebuto.ru/upload/iblock/c8c/olyzcul13ye34lm20mkly0yaz0mzd0te/2df31ba0_46b8_11ec_8101_000c29cc4602_2a821929_49db_11ec_8101_000c29cc4602.jpeg;https://lebuto.ru/catalog/zhenskaya_odezhda_1/kurtki_1/kurtki_zimnie_parki/kurtka_zhenskaya_whs_roma_7513116_col_b01/;Черный;;;;Женская одежда;Куртки зимние, парки
497;Куртка женская WR 7513116 col: O04;42;3500;2800;0;https://lebuto.ru/upload/iblock/97d/r7om37ukag4nkkp6octziwk6whiq9016/f76067de_46b8_11ec_8101_000c29cc4602_15386a22_49db_11ec_8101_000c29cc4602.jpeg;https://lebuto.ru/catalog/zhenskaya_odezhda_1/kurtki_1/kurtki_zimnie_parki/kurtka_zhenskaya_whs_roma_7513116_col_o04/;розовый;;;;Женская одежда;Куртки зимние, парки
498;Куртка женская Б/Н 66103 зеленый;XS::S::M::L;1600;1280;33.9;https://lebuto.ru/upload/iblock/473/lh1vpsxr4htl97sdcez3eegt2ip7mkf5/a7a581dc_12e9_11ed_812b_000c29cc4602_78a2947e_1c5c_11ed_812b_000c29cc4602.jpeg;https://lebuto.ru/catalog/zhenskaya_odezhda_1/kurtki_1/kurtki_zhenskie/kurtka_zhenskaya_b_n_66103_zelenyy/;зеленый;;;;Женская одежда;Куртки демисезонные
499;Куртка женская Б/Н 66103 фиолетовый;XS::S;1600;1280;33.9;https://lebuto.ru/upload/iblock/83b/3pj0wtdwtmki2dje6qfyqy9t3olhrjwm/3f70425d_12e9_11ed_812b_000c29cc4602_82a31bda_1c5c_11ed_812b_000c29cc4602.jpeg;https://lebuto.ru/catalog/zhenskaya_odezhda_1/kurtki_1/kurtki_zhenskie/kurtka_zhenskaya_b_n_66103_fioletovyy/;фиолетовый;;;;Женская одежда;Куртки демисезонные
500;Куртка женская Б/Н 66103 черный;S::M::L;1600;1280;33.9;https://lebuto.ru/upload/iblock/62e/nbfpwj4wl2082t0hm0kff2uknrqtldl8/f73adc18_12e9_11ed_812b_000c29cc4602_8e91386c_1c5c_11ed_812b_000c29cc4602.jpeg;https://lebuto.ru/catalog/zhenskaya_odezhda_1/kurtki_1/kurtki_zhenskie/kurtka_zhenskaya_b_n_66103_chernyy/;Черный;;;;Женская одежда;Куртки демисезонные
501;Куртка женская г/л GS W'S JK 1801 col: LDP;M::XS;4900;3920;38.98;https://lebuto.ru/upload/iblock/666/47b92249_d5fa_11e9_80dc_000c29cc4602_41a8ffc3_e043_11e9_80dd_000c29cc4602.jpeg;https://lebuto.ru/catalog/zhenskaya_odezhda_1/gornolyzhnaya_odezhda_1/kurtki_gornolyzhnye_2/kurtka_zhenskaya_g_l_gsou_snow_w_s_jk_1801_col_ldp/;белый;;верх: 100% полиэстер, наполнитель: 100% полиэстер, подклад: 100% полиэстер;;Женская одежда;Куртки горнолыжные
502;Куртка женская ЛЭЙЛА, бордовый;42::44::46::48::50::52;4900;2900;;https://lebuto.ru/upload/iblock/d88/bvp2toxp6siwcwtwsdr73lp0fbgxzjnq/6fe8af48_cbff_11ee_813c_000c29cc4602_9e416076_5b98_11ef_8157_000c29cc4602.jpg;https://lebuto.ru/catalog/zhenskaya_odezhda_1/kurtki_1/kurtki_zimnie_parki/kurtka_zhenskaya_leyla_bordovyy/;бордовый;;Верх: 100% полиамид (нейлон), подклад: 100% полиэстер, наполнитель: 100% лебединый пух синтетический;;Женская одежда;Куртки зимние, парки
503;Куртка женская ЛЭЙЛА, светло-серый;42::44::46::48::50::52;4900;2900;;https://lebuto.ru/upload/iblock/ffb/dvvnfdrdfc0ox056s9z1hcuhieabjnaa/1a2eff79_cbff_11ee_813c_000c29cc4602_c32ca2f9_5b97_11ef_8157_000c29cc4602.jpg;https://lebuto.ru/catalog/zhenskaya_odezhda_1/kurtki_1/kurtki_zimnie_parki/kurtka_zhenskaya_leyla_svetlo_seryy/;св.серый;;Верх: 100% полиамид (нейлон), подклад: 100% полиэстер, наполнитель: 100% лебединый пух синтетический;;Женская одежда;Куртки зимние, парки
504;Куртка женская ЛЭЙЛА, светло-синий;42::44::46::48::50::52;4900;2900;;https://lebuto.ru/upload/iblock/42b/5tztni4frpc8ith1n0scontwtg6amxtw/d0c7f96b_cbfe_11ee_813c_000c29cc4602_47e4201d_5b98_11ef_8157_000c29cc4602.jpg;https://lebuto.ru/catalog/zhenskaya_odezhda_1/kurtki_1/kurtki_zimnie_parki/kurtka_zhenskaya_leyla_svetlo_siniy/;св.синий;;Верх: 100% полиамид (нейлон), подклад: 100% полиэстер, наполнитель: 100% лебединый пух синтетический;;Женская одежда;Куртки зимние, парки
505;Куртка женская ЛЭЙЛА, серый;42::44::46::48::50::52;4900;2900;;https://lebuto.ru/upload/iblock/063/hs2e4use6sst4s9uk006yyb5fzjw0nw9/51b3b236_cbff_11ee_813c_000c29cc4602_9c691c48_5b97_11ef_8157_000c29cc4602.jpg;https://lebuto.ru/catalog/zhenskaya_odezhda_1/kurtki_1/kurtki_zimnie_parki/kurtka_zhenskaya_leyla_seryy/;Серый;;Верх: 100% полиамид (нейлон), подклад: 100% полиэстер, наполнитель: 100% лебединый пух синтетический;;Женская одежда;Куртки зимние, парки
506;Куртка женская ЛЭЙЛА, темно-синий;42::44::46::48::50::52;4900;2900;;https://lebuto.ru/upload/iblock/190/4cvfconklcd21ua8sm2qwopw0zkb9jnm/098948f2_cb25_11ee_813c_000c29cc4602_fee21801_5b96_11ef_8157_000c29cc4602.jpg;https://lebuto.ru/catalog/zhenskaya_odezhda_1/kurtki_1/kurtki_zimnie_parki/kurtka_zhenskaya_leyla_temno_siniy/;темно-синий;;Верх: 100% Poliamid (Nylon), подклад: 100% Poliester, наполнитель: 100% Swans down sintetik;;Женская одежда;Куртки зимние, парки
507;Куртка женская ЛЭЙЛА, черный;42::44::46::48::50::52;4900;2900;;https://lebuto.ru/upload/iblock/9fc/kko6sfno2yie31yk3hff6cy8tvbql5l7/7bfc504f_cbff_11ee_813c_000c29cc4602_ad3f6244_5b96_11ef_8157_000c29cc4602.jpg;https://lebuto.ru/catalog/zhenskaya_odezhda_1/kurtki_1/kurtki_zimnie_parki/kurtka_zhenskaya_leyla_chernyy/;Черный;;Верх: 100% полиамид (нейлон), подклад: 100% полиэстер, наполнитель: 100% лебединый пух синтетический;;Женская одежда;Куртки зимние, парки
508;Куртка женская Рианна, красный;S;2500;1800;;https://lebuto.ru/upload/iblock/a9e/zc3nhoosithahtsp3zhvhvwgxrywfmza/14784d6d_884c_11ee_8133_000c29cc4602_3f91531e_f0a2_11ee_8143_000c29cc4602.jpg;https://lebuto.ru/catalog/zhenskaya_odezhda_1/kurtki_1/kurtki_zhenskie/kurtka_zhenskaya_rianna_krasnyy/;красный;;ткань верха-100% полиамид (нейлон), подклад-100% полиэстер, утеплитель - 100% лебяжий пух синтетический;Стильная комфортная легкая куртка-трансформер со съемными рукавами на молнии станет любимой моделью в гардеробе весной и осенью. Куртка прямого кроя представляет собой идеальное сочетание классики и спорта. Укороченная куртка выполнена из ветро-влагозащитного текстиля, утеплена синтетическим наполнителем. Детали: застежка на молнию закрыта планкой на кнопках рукава с манжетами на резинке воротник стойка два удобных кармана с мягкой велюровой подкладкой застежка на молнию и внутренний накладной карман на липе утяжка по низу изделия. Приобретая женскую куртку-трансформер UNIQA, вы получаете куртку и стильный жилет. Демисезонная стеганая короткая куртка сделает ваш повседневный образ ярким, стильным, привлекательным.;Женская одежда;Куртки демисезонные
509;Куртка зимняя AK 18401 милитари зеленый;52::50;2900;2320;20;https://lebuto.ru/upload/iblock/5eb/74f497f0_fa0e_11e9_80df_000c29cc4602_2b05424e_1a66_11ea_80e0_000c29cc4602.jpeg;https://lebuto.ru/catalog/muzhskaya_odezhda_1/kurtki/kurtki_zimnie/kurtka_zimnyaya_ak_18401_militari_zelenyy/;т.зеленый;;100% полиэстер;;Мужская одежда;Куртки зимние
510;Куртка зимняя женская Acne Studios 54687 черный;S;3900;2900;20.62;https://lebuto.ru/upload/iblock/ae2/abca3da1_cb5e_11e7_9fe4_000c29cc4602_709c7827_fb33_11e7_9fe4_000c29cc4602.jpeg;https://lebuto.ru/catalog/zhenskaya_odezhda_1/kurtki_1/kurtki_zimnie_parki/kurtka_zimnyaya_zhenskaya_acne_studios_54687_chernyy/;Черный;;верх: 100% полиэстер, подклад: 100% полиэстер, наполнитель: 90% пух, 10% перо, опушка : енот;;Женская одежда;Куртки зимние, парки
511;Куртка зимняя женская G Sotirya (синий);XS::S;1500;990;;https://lebuto.ru;https://lebuto.ru/catalog/zhenskaya_odezhda_1/kurtki_1/kurtki_zimnie_parki/kurtka_zimnyaya_zhenskaya_g_sotirya_siniy/;Синий;;Материал верха: 100% полиэстер, подклад: 100% полиэстер, наполнитель: 100% холлофайбер;;Женская одежда;Куртки зимние, парки
512;Куртка зимняя женская Merlion ASTARTA (бело/серый принт);XS;1300;900;66.1;https://lebuto.ru/upload/iblock/a34/8d6ca7a0_5a4c_11e4_9d7f_000c29cc4602_14ce7641_4f9b_11e5_80e9_000c29cc4602.jpeg;https://lebuto.ru/catalog/zhenskaya_odezhda_1/kurtki_1/kurtki_zimnie_parki/kurtka_zimnyaya_zhenskaya_merlion_astarta_belo_seryy_print/;Серый;;Материал верха: 100% полиэстер, подклад: 100% полиэстер, наполнитель: 100% холлофайбер;;Женская одежда;Куртки зимние, парки
513;Куртка зимняя женская Merlion ASTARTA (серо/белый принт);XS::S;1300;900;49.15;https://lebuto.ru/upload/iblock/ee2/ee24ca7ab8d4d0c38ba04f48c2eea684.jpeg;https://lebuto.ru/catalog/zhenskaya_odezhda_1/kurtki_1/kurtki_zimnie_parki/kurtka_zimnyaya_zhenskaya_merlion_astarta_sero_belyy_print/;серый, белый;;Материал верха: 100% полиэстер, подклад: 100% полиэстер, наполнитель: 100% холлофайбер;;Женская одежда;Куртки зимние, парки
514;Куртка зимняя женская Merlion Bella (розовый принт);XS;1100;750;31.82;https://lebuto.ru/upload/iblock/45a/45a538c3e2eecbd96055a3366d2e1244.jpeg;https://lebuto.ru/catalog/zhenskaya_odezhda_1/kurtki_1/kurtki_zimnie_parki/kurtka_zimnyaya_zhenskaya_merlion_bella_rozovyy_print/;розовый;;100% полиэстер, наполнитель: 100% холлофайбер;;Женская одежда;Куртки зимние, парки
515;Куртка зимняя женская Merlion CHARLIS (серо/белый принт);XS;1000;750;31.82;https://lebuto.ru/upload/iblock/fa6/39edf7df_b7e4_11e3_9ffd_000c29cc46f8_8b206371_26de_11e4_ad65_000c29cc4602.jpeg;https://lebuto.ru/catalog/zhenskaya_odezhda_1/kurtki_1/kurtki_zimnie_parki/kurtka_zimnyaya_zhenskaya_merlion_charlis_sero_belyy_print/;серый, белый;;Материал верха: 100% полиэстер, подклад: 100% полиэстер, утеплитель: 100% холлофайбер;;Женская одежда;Куртки зимние, парки
516;Куртка зимняя женская Merlion В535 (св.бежевый);XS;1100;750;31.82;https://lebuto.ru/upload/iblock/a87/a87ffa2d51c034774dd96de455a283c3.jpeg;https://lebuto.ru/catalog/zhenskaya_odezhda_1/kurtki_1/kurtki_zimnie_parki/kurtka_zimnyaya_zhenskaya_merlion_v535_sv_bezhevyy/;бежевый;;Материал верха: 100% полиэстер, подклад: 100% полиэстер, утеплитель: 100% холлофайбер;;Женская одежда;Куртки зимние, парки
517;Куртка зимняя женская Merlion Хизер (золото);42::44;1100;750;31.82;https://lebuto.ru/upload/iblock/88c/88c4021d3aec67b8e1ba810449a8c7cd.jpeg;https://lebuto.ru/catalog/zhenskaya_odezhda_1/kurtki_1/kurtki_zimnie_parki/kurtka_zimnyaya_zhenskaya_merlion_khizer_zoloto/;золотой;;Ткань верха: 100% полиэстер подклад: 100% полиэстер утеплитель: 100% холофайбер;;Женская одежда;Куртки зимние, парки
518;Куртка зимняя женская PDA 374548 черный мех чернобурка;L::M;5900;4720;20;https://lebuto.ru/upload/iblock/ace/04af6f9f_fa10_11e9_80df_000c29cc4602_56cf8b5e_05dc_11ea_80df_000c29cc4602.jpeg;https://lebuto.ru/catalog/zhenskaya_odezhda_1/kurtki_1/kurtki_zimnie_parki/kurtka_zimnyaya_zhenskaya_prada_374548_chernyy_mekh_chernoburka/;Черный;;верх: 100% полиэстер, подклад: 100% полиэстер, наполнитель: 100% полиэстер, опушка из чернобурки;;Женская одежда;Куртки зимние, парки
519;Куртка зимняя женская SGE SICB-T102/01;42::48;3500;2800;20.май;https://lebuto.ru/upload/iblock/57d/1t1m54unajfwg9shpaq3nhi6c6n6kjav/c9d6ae44_3b97_11ec_8101_000c29cc4602_d2ca71ee_49e1_11ec_8101_000c29cc4602.jpeg;https://lebuto.ru/catalog/zhenskaya_odezhda_1/kurtki_1/kurtki_zimnie_parki/kurtka_zimnyaya_zhenskaya_sge_sicb_t102_01/;белый;;;;Женская одежда;Куртки зимние, парки
520;Куртка зимняя женская SGE SICB-T102/1744;44::42;3900;2900;20.май;https://lebuto.ru/upload/iblock/565/2jkxgt8yi0qf2sbum8a71f2vcwe1p71b/5dd9300d_3b98_11ec_8101_000c29cc4602_d9162bd2_49e1_11ec_8101_000c29cc4602.jpeg;https://lebuto.ru/catalog/zhenskaya_odezhda_1/kurtki_1/kurtki_zimnie_parki/kurtka_zimnyaya_zhenskaya_sge_sicb_t102_1744/;коралловый;60;;;Женская одежда;Куртки зимние, парки
521;Куртка зимняя женская SGE SICB-T103/5394;44;3900;2900;20;https://lebuto.ru/upload/iblock/154/eaco9eafm6q165ub54ii3jbwtzknx98f/cc75ebe2_388a_11ec_8101_000c29cc4602_93668e83_49e1_11ec_8101_000c29cc4602.jpeg;https://lebuto.ru/catalog/zhenskaya_odezhda_1/kurtki_1/kurtki_zimnie_parki/kurtka_zimnyaya_zhenskaya_sge_sicb_t103_5394/;св.серый;;;;Женская одежда;Куртки зимние, парки
522;Куртка зимняя женская SGE SICB-T103/6347;50;3900;2900;20;https://lebuto.ru/upload/iblock/f88/4iajh2c3jytj7t3i00w9kw6jsre4xq4x/38aaa89a_388a_11ec_8101_000c29cc4602_8a9b257d_49e1_11ec_8101_000c29cc4602.jpeg;https://lebuto.ru/catalog/zhenskaya_odezhda_1/kurtki_1/kurtki_zimnie_parki/kurtka_zimnyaya_zhenskaya_sge_sicb_t103_6347/;молочный;;;;Женская одежда;Куртки зимние, парки
523;Куртка зимняя женская SGE SICB-T103/91;46::48::50::42;4900;3920;20;https://lebuto.ru/upload/iblock/ba9/u9fyt5dse3a084vnokqvzihpf2odg5dr/8c200e7c_3888_11ec_8101_000c29cc4602_9b7709cd_49e1_11ec_8101_000c29cc4602.jpeg;https://lebuto.ru/catalog/zhenskaya_odezhda_1/kurtki_1/kurtki_zimnie_parki/kurtka_zimnyaya_zhenskaya_sge_sicb_t103_91/;Черный;;;;Женская одежда;Куртки зимние, парки
524;Куртка зимняя женская SGE SICB-T310/1725;48::42::46::50::44;3500;2800;20;https://lebuto.ru/upload/iblock/fbd/kof485belotxhzx3esvy173ttuq15tyy/948dcaf6_3887_11ec_8101_000c29cc4602_f07c5a77_49e1_11ec_8101_000c29cc4602.jpeg;https://lebuto.ru/catalog/zhenskaya_odezhda_1/kurtki_1/kurtki_zimnie_parki/kurtka_zimnyaya_zhenskaya_sge_sicb_t310_1725/;красный;;;;Женская одежда;Куртки зимние, парки
525;Куртка зимняя женская SGE SICB-T310/91;44::50::42::46::48;3500;2800;20;https://lebuto.ru/upload/iblock/848/t1mikwvakwulj5777czn2gz3j06ppacl/05fad0cc_3887_11ec_8101_000c29cc4602_02115781_49e2_11ec_8101_000c29cc4602.jpeg;https://lebuto.ru/catalog/zhenskaya_odezhda_1/kurtki_1/kurtki_zimnie_parki/kurtka_zimnyaya_zhenskaya_sge_sicb_t310_91/;Черный;;;;Женская одежда;Куртки зимние, парки
526;Куртка зимняя женская SGE SICB-T323/1725;46::42::50;3900;2900;20;https://lebuto.ru/upload/iblock/ed3/l85l8vwmfbaz0xa9npr57mw2shk9uch5/03f3009e_3b99_11ec_8101_000c29cc4602_163b6179_49e2_11ec_8101_000c29cc4602.jpeg;https://lebuto.ru/catalog/zhenskaya_odezhda_1/kurtki_1/kurtki_zimnie_parki/kurtka_zimnyaya_zhenskaya_sge_sicb_t323_1725/;красный;;;;Женская одежда;Куртки зимние, парки
527;Куртка зимняя женская SGE SICB-T706/1734;50;3900;3120;20;https://lebuto.ru/upload/iblock/2fc/b74uiugsxe8i32agjgqduiregovbqxuh/65f21187_3889_11ec_8101_000c29cc4602_26f3b7cd_49e2_11ec_8101_000c29cc4602.jpeg;https://lebuto.ru/catalog/zhenskaya_odezhda_1/kurtki_1/kurtki_zimnie_parki/kurtka_zimnyaya_zhenskaya_sge_sicb_t706_1734/;св.розовый;;;;Женская одежда;Куртки зимние, парки
528;Куртка зимняя женская SGE SICB-T763/9589;44;4500;3600;0;https://lebuto.ru/upload/iblock/109/fah19you1f1ldly3jyxe3xdot11vyeuw/5c868bc9_3b83_11ec_8101_000c29cc4602_bb9d2eeb_49e1_11ec_8101_000c29cc4602.jpeg;https://lebuto.ru/catalog/zhenskaya_odezhda_1/kurtki_1/kurtki_zimnie_parki/kurtka_zimnyaya_zhenskaya_sge_sicb_t763_9589/;Серый;;Состав: верх: 100% полиэстер, наполнитель: 100% полиэстер, подклад: 100% полиэстер.;;Женская одежда;Куртки зимние, парки
529;Куртка зимняя женская SGE SICB-T911F/01 енот;42::44::50::48;3900;2000;0;https://lebuto.ru/upload/iblock/3d5/m25j40okhdyi7bpm3kml9qgpoq1ca12d/c974af3c_3b82_11ec_8101_000c29cc4602_692fcbfb_49e2_11ec_8101_000c29cc4602.jpeg;https://lebuto.ru/catalog/zhenskaya_odezhda_1/kurtki_1/kurtki_zimnie_parki/kurtka_zimnyaya_zhenskaya_sge_sicb_t911f_01_enot/;белый;;;;Женская одежда;Куртки зимние, парки
530;Куртка зимняя женская SGE SICB-T911F/91 енот;42::50::44::46;4900;3120;0;https://lebuto.ru/upload/iblock/0d3/k8uoz3to3doxjzcmo2dhne16j4h3ntlj/258c1f41_3b82_11ec_8101_000c29cc4602_6f6edb1a_49e2_11ec_8101_000c29cc4602.jpeg;https://lebuto.ru/catalog/zhenskaya_odezhda_1/kurtki_1/kurtki_zimnie_parki/kurtka_zimnyaya_zhenskaya_sge_sicb_t911f_91_enot/;Черный;;Состав: верх: 100% нейлон, подклад: 100% нейлон, наполнитель: 100% полиэстер, опушка: натуральный енот.;;Женская одежда;Куртки зимние, парки
531;Куртка зимняя женская VERONIKA (черный/ экокожа);XS;1000;750;31.82;https://lebuto.ru/upload/iblock/a17/z3g59zttx4uvh55t86q8h5zqlsds7ng3/84462e06_b7e2_11e3_9ffd_000c29cc46f8_325355db_a3ff_11ec_811e_000c29cc4602.jpeg;https://lebuto.ru/catalog/zhenskaya_odezhda_1/kurtki_1/kurtki_zimnie_parki/kurtka_zimnyaya_zhenskaya_veronika_chernyy_ekokozha_/;Черный;;материал верха - экокожа, наполнитель холлофайбер;;Женская одежда;Куртки зимние, парки
532;Куртка зимняя муж. A Ron (терракот);S;1500;990;34;https://lebuto.ru/upload/iblock/5dc/0cb2aeb3_40eb_4498_bf69_e361077263e1_01cfbc1e_14bb_11e9_9d72_000c29cc4602.jpeg;https://lebuto.ru/catalog/muzhskaya_odezhda_1/kurtki/kurtki_zimnie/kurtka_zimnyaya_muzh_a_ron_terrakot/;терракот;;100% полиэстер, наполнитель холлофайбер;;Мужская одежда;Куртки зимние
533;Куртка зимняя муж.S F 621D240UA color: BI-42 енот;S/46;8900;6400;28.сент;https://lebuto.ru/upload/iblock/e7e/1rv40rv1swkt5q7fcik7jok9vktabjkb/ecabe8ee_32df_11ec_8101_000c29cc4602_21550c6a_3404_11ec_8101_000c29cc4602.jpeg;https://lebuto.ru/catalog/muzhskaya_odezhda_1/kurtki/kurtki_zimnie/kurtka_zimnyaya_muzh_shark_force_621d240ua_color_bi_42_enot/;темно-синий;;верх:100%полиэстер,подклад: 60%полиэстер, 40% хлопок. наполнитель: 100%полиэстер (синтепух) опушка нат.енот;;Мужская одежда;Куртки зимние
534;Куртка зимняя муж.S F 821D193U color: DX-42;XS/44;4900;3900;30.67;https://lebuto.ru/upload/iblock/a37/6hb8zgmqnqymhb18qh1wijsm3b9c3scl/92802e63_32de_11ec_8101_000c29cc4602_a7484216_3404_11ec_8101_000c29cc4602.jpeg;https://lebuto.ru/catalog/muzhskaya_odezhda_1/kurtki/kurtki_zimnie/kurtka_zimnyaya_muzh_shark_force_821d193u_color_dx_42/;Черный;;верх: 100% полиэстер,подкладка: 100% полиэстер.наполнитель: 100% полиэстер (синтепух);;Мужская одежда;Куртки зимние
535;Куртка зимняя муж.S F 821D215U color: DH-112 енот;XS/44;8900;6400;28.сент;https://lebuto.ru/upload/iblock/89f/cl1967ea0vg29vxargui0jns59jwo2mi/005d0fc4_15fb_11ec_80f7_000c29cc4602_e3ba33a1_229c_11ec_80fe_000c29cc4602.jpeg;https://lebuto.ru/catalog/muzhskaya_odezhda_1/kurtki/kurtki_zimnie/kurtka_zimnyaya_muzh_shark_force_821d215u_color_dh_112/;темно-серый;;верх: 100% полиэстер , подклад: 60% полиэстер 40% хлопок, напонитель: 100% полиэстер, опушка: натуральный енот;;Мужская одежда;Куртки зимние
536;Куртка зимняя муж.S F 821D215U color: DH-42 енот;XS/44;5900;4720;28.сент;https://lebuto.ru/upload/iblock/022/f7ogyalo9p95zz3wrfyjq6pynlp9729i/6666e149_15fa_11ec_80f7_000c29cc4602_9b1922da_22a0_11ec_80fe_000c29cc4602.jpeg;https://lebuto.ru/catalog/muzhskaya_odezhda_1/kurtki/kurtki_zimnie/kurtka_zimnyaya_muzh_shark_force_821d215u_color_dh_42/;темно-синий;;верх: 100% полиэстер , подклад: 60% полиэстер 40% хлопок, напонитель: 100% полиэстер, опушка: натуральный енот;;Мужская одежда;Куртки зимние
537;Куртка зимняя муж.S F AW3173UA col: DG59 (red);S/46;4900;3900;31.59;https://lebuto.ru/upload/iblock/748/b9f8481d_0203_11eb_80e9_000c29cc4602_84eed0b9_1839_11eb_80e9_000c29cc4602.jpeg;https://lebuto.ru/catalog/muzhskaya_odezhda_1/kurtki/kurtki_zimnie/kurtka_zimnyaya_muzh_shark_force_aw3173ua_col_dg59_red/;красный;;верх: 85% полиэстер 15% хлопок, подклад: 100% полиэстер, наполнитель: 100% полиэстер;;Мужская одежда;Куртки зимние
538;Куртка зимняя муж.S F AW3173UA col: DG952 (blue);S/46;4900;3900;31.59;https://lebuto.ru/upload/iblock/e24/d7726da6_0169_11eb_80e9_000c29cc4602_951396d4_1839_11eb_80e9_000c29cc4602.jpeg;https://lebuto.ru/catalog/muzhskaya_odezhda_1/kurtki/kurtki_zimnie/kurtka_zimnyaya_muzh_shark_force_aw3173ua_col_dg952_blue/;Синий;;верх: 85% полиэстер 15% хлопок, подклад: 100% полиэстер, наполнитель: 100% полиэстер;;Мужская одежда;Куртки зимние
539;Куртка зимняя муж.S F AW8135U color: DG90 енот;S/46;6900;5500;26.97;https://lebuto.ru/upload/iblock/7f5/438x1zep35c807sdk6qqivgi1tj3w3bw/6bfe586d_15fc_11ec_80f7_000c29cc4602_c691ac93_229a_11ec_80fe_000c29cc4602.jpeg;https://lebuto.ru/catalog/muzhskaya_odezhda_1/kurtki/kurtki_zimnie/kurtka_zimnyaya_muzh_shark_force_aw8135u_color_dg90/;Черный;;верх: 85% полиэстер 15% хлопок, подклад: 100% полиэстер, напонитель: 100% полиэстер, опушка: натуральный енот;;Мужская одежда;Куртки зимние
540;Куртка зимняя муж.S F AW8142U col: BF-42 (black blue) енот;3XL/56::S/46::M/48;6900;5520;29.89;https://lebuto.ru/upload/iblock/d63/29562206_fbec_11ea_80e9_000c29cc4602_551d5f1f_1367_11eb_80e9_000c29cc4602.jpeg;https://lebuto.ru/catalog/muzhskaya_odezhda_1/kurtki/kurtki_zimnie/kurtka_zimnyaya_muzh_shark_force_aw8142u_col_bf_42_black_blue_enot/;Черный;;верх: 82% полиэстер 18% хлопок, наполнитель: 100% полиэстер, подклад: 100% полиэстер, 100% нейлон, опушка: енот;;Мужская одежда;Куртки зимние
541;Куртка зимняя муж.S F AW817-20U col: HR981 (black blue) енот;S/46;6900;5520;23.июнь;https://lebuto.ru/upload/iblock/587/4ad9dade_feef_11ea_80e9_000c29cc4602_92ead973_1433_11eb_80e9_000c29cc4602.jpeg;https://lebuto.ru/catalog/muzhskaya_odezhda_1/kurtki/kurtki_zimnie/kurtka_zimnyaya_muzh_shark_force_aw817_20u_col_hr981_black_blue_enot/;темно-синий;;верх: 82% полиэстер 18% хлопок, наполнитель: 100% полиэстер, подклад: 100% полиэстер, 100% нейлон, опушка: енот;;Мужская одежда;Куртки зимние
542;Куртка зимняя муж.S F SU17288 col.HR981AF14;44;5500;4400;32.58;https://lebuto.ru/upload/iblock/660/791c24cf_ba5e_11e8_9f15_000c29cc4602_034b5f8e_cd38_11e8_a291_000c29cc4602.jpeg;https://lebuto.ru/catalog/muzhskaya_odezhda_1/kurtki/kurtki_zimnie/kurtka_zimnyaya_muzh_shark_force_u17288_col_hr981af14/;темно-синий;;Верх: 80% полиэстер, 20% хлопок, подклад: 100% нейлон, наполнитель: 100% полиэстер;;Мужская одежда;Куртки зимние
543;Куртка зимняя муж.S F SU19702 col: HR981 енот;44::46::56;6900;5520;23.23;https://lebuto.ru/upload/iblock/099/vjqbqu3odmhu9085haka7yh4yvablysj/969d3bd2_fbeb_11ea_80e9_000c29cc4602_18d741c7_1367_11eb_80e9_000c29cc4602.jpeg;https://lebuto.ru/catalog/muzhskaya_odezhda_1/kurtki/kurtki_zimnie/kurtka_zimnyaya_muzh_shark_force_su19702_col_hr981_enot/;темно-синий;;верх: 80% полиэстер, подклад: 100% полиэстер, наполнитель: 100% полиэстер, опушка: натуральный енот;;Мужская одежда;Куртки зимние
544;Куртка зимняя муж.S F SU19709 col: HR981 енот;XS/44;4900;3920;23.июнь;https://lebuto.ru/upload/iblock/fcf/12fc4ec7_c89e_11e9_80dc_000c29cc4602_35503211_cfc1_11e9_80dc_000c29cc4602.jpeg;https://lebuto.ru/catalog/muzhskaya_odezhda_1/kurtki/kurtki_zimnie/kurtka_zimnyaya_muzh_shark_force_su19709_col_hr981/;темно-синий;;верх: 80% полиэстер, 20% хлопок, наполнитель: 100% полиэстер. подклад: 100% полиэстер;;Мужская одежда;Куртки зимние
545;Куртка зимняя муж.S F SU19720 col: CD-43;46;2800;2240;42.86;https://lebuto.ru/upload/iblock/838/7413bf31_cfa1_11e9_80dc_000c29cc4602_bd6d0804_da97_11e9_80dd_000c29cc4602.jpeg;https://lebuto.ru/catalog/muzhskaya_odezhda_1/kurtki/kurtki_zimnie/kurtka_zimnyaya_muzh_shark_force_su19720_col_cd_43/;темно-синий;;верх: 100% полиэстер, подклад: полиэстер/нейлон, наполнитель: 100% полиэстер;;Мужская одежда;Куртки зимние
546;Куртка зимняя муж.S F SU19810 col: BF-42 енот;54::56::46::48;6900;4720;32.58;https://lebuto.ru/upload/iblock/524/6de6b4f2_e66a_11e9_80dd_000c29cc4602_84cd645b_9f36_11ea_80e7_000c29cc4602.jpeg;https://lebuto.ru/catalog/muzhskaya_odezhda_1/kurtki/kurtki_zimnie/kurtka_zimnyaya_muzh_shark_force_su19810_col_bf_42_enot/;Черный;;верх: 82% полиэстер 18% хлопок, подклад: 100% полиэстер, наполнитель: 100% полиэстер, опушка: енот;;Мужская одежда;Куртки зимние
547;Куртка зимняя муж.S F SU19815 BF-11 енот;46;5500;4400;32.58;https://lebuto.ru/upload/iblock/525/82450e0b_e664_11e9_80dd_000c29cc4602_fb6f0ea1_0f50_11ea_80e0_000c29cc4602.jpeg;https://lebuto.ru/catalog/muzhskaya_odezhda_1/kurtki/kurtki_zimnie/kurtka_zimnyaya_muzh_shark_force_su19815_bf_11_enot/;Черный;;;;Мужская одежда;Куртки зимние
548;Куртка зимняя муж.S F SU19815 BF-42 енот;46;5500;4400;32.58;https://lebuto.ru/upload/iblock/7a1/7b1d2c1c_e671_11e9_80dd_000c29cc4602_f261982c_ef31_11e9_80dd_000c29cc4602.jpeg;https://lebuto.ru/catalog/muzhskaya_odezhda_1/kurtki/kurtki_zimnie/kurtka_zimnyaya_muzh_shark_force_su19815_bf_42_enot/;Черный;;;;Мужская одежда;Куртки зимние
549;Куртка зимняя муж.SF 821D238U color: DX-1 енот;L/50::4XL/58::XS/44::S/46;5500;4400;23.июнь;https://lebuto.ru/upload/iblock/5c4/am2p3beo8kqwg1cj1410t427gw963u4p/e505cc57_3233_11ec_8101_000c29cc4602_42caa404_3276_11ec_8101_000c29cc4602.jpeg;https://lebuto.ru/catalog/muzhskaya_odezhda_1/kurtki/kurtki_zimnie/kurtka_zimnyaya_muzh_shark_force_821d238u_color_dx_1_enot/;Черный;;верх:100%полиэстер, подклад:100%полиэстер, наполнитель 100%полиэстер(синтепух);;Мужская одежда;Куртки зимние
550;Куртка зимняя мужская K.W. 131M color:1 енот;48/M;4900;3900;31.59;https://lebuto.ru/upload/iblock/849/zdnt4w2496lowgdn5jij1f7jgludgdf3/73ded670_12db_11ed_812b_000c29cc4602_dce1eda3_1d55_11ed_812b_000c29cc4602.jpeg;https://lebuto.ru/catalog/muzhskaya_odezhda_1/kurtki/kurtki_zimnie/kurtka_zimnyaya_muzhskaya_k_w_131m_color_1_enot/;Черный;;;;Мужская одежда;Куртки зимние
551;Куртка зимняя мужская K.W. 335M color:1 енот;48/M;4900;3920;31.59;https://lebuto.ru/upload/iblock/9d2/3dubgcvvneypvi2br7gfzk7hk4vo1c8q/91f0cd3d_12dc_11ed_812b_000c29cc4602_a38a1ef9_6a67_11ed_812c_000c29cc4602.jpeg;https://lebuto.ru/catalog/muzhskaya_odezhda_1/kurtki/kurtki_zimnie/kurtka_zimnyaya_muzhskaya_k_w_335m_color_1_enot/;Черный;;;;Мужская одежда;Куртки зимние
552;Куртка зимняя мужская K.W. 515 color:1;46/S;3200;2500;20;https://lebuto.ru/upload/iblock/dc8/y98kalzsh783uo75950flmtcniqqs87f/7703d9dc_12dd_11ed_812b_000c29cc4602_513d8e28_1d56_11ed_812b_000c29cc4602.jpeg;https://lebuto.ru/catalog/muzhskaya_odezhda_1/kurtki/kurtki_zimnie/kurtka_zimnyaya_muzhskaya_k_w_515_color_1/;Черный;;;;Мужская одежда;Куртки зимние
553;Куртка зимняя мужская Merlion Floyd (т.синий);M;2500;1100;47.37;https://lebuto.ru/upload/iblock/ee7/266aaac5_52c5_11ea_80e2_000c29cc4602_494d3395_f6fa_11ea_80e9_000c29cc4602.jpeg;https://lebuto.ru/catalog/muzhskaya_odezhda_1/kurtki/kurtki_zimnie/kurtka_zimnyaya_muzhskaya_merlion_floyd_t_siniy/;темно-синий;;верх: 100% полиэстер, подклад: 100% полиэстер, наполнитель: 100% холлофайбер;;Мужская одежда;Куртки зимние
554;Куртка зимняя мужская Merlion Roman (т.серый);M;2000;1600;35.35;https://lebuto.ru/upload/iblock/d41/5dcf7892_512a_11ea_80e2_000c29cc4602_3b6da964_5c2e_11ea_80e2_000c29cc4602.jpeg;https://lebuto.ru/catalog/muzhskaya_odezhda_1/kurtki/kurtki_zimnie/kurtka_zimnyaya_muzhskaya_merlion_roman_t_seryy/;темно-серый;;верх: 95% полиэстер, 5% эластан, подклад: 100% полиэстер, наполнитель: биопух(100% холлофайбер);;Мужская одежда;Куртки зимние
555;Куртка зимняя мужская Merlion КАРАТ (экокожа/черный);S;1500;990;34;https://lebuto.ru/upload/iblock/ecf/ecf541cf8474e1dff886cd1d2244576a.jpeg;https://lebuto.ru/catalog/muzhskaya_odezhda_1/kurtki/kurtki_zimnie/kurtka_zimnyaya_muzhskaya_merlion_karat_ekokozha_chernyy_/;Черный;;материал верха - экокожа, наполнитель холлофайбер;;Мужская одежда;Куртки зимние
556;Куртка зимняя мужская Swix ELIASE (синий);S;1350;950;23.52;https://lebuto.ru/upload/iblock/e2b/e485480a_49d1_11e4_9d7f_000c29cc4602_36156dad_6272_11e5_bf6b_000c29cc4602.jpeg;https://lebuto.ru/catalog/muzhskaya_odezhda_1/kurtki/kurtki_zimnie/kurtka_zimnyaya_muzhskaya_swix_eliase_siniy/;Синий;;Ткань верха: 100% полиэстер подклад: 100% полиэстер утеплитель: 100% холлофайбер;;Мужская одежда;Куртки зимние
557;Куртка зимняя мужская Tiger W (черный клетка);S;1500;990;34;https://lebuto.ru/upload/iblock/f29/f29feb4bff4c06f290d540d1607364fa.jpeg;https://lebuto.ru/catalog/muzhskaya_odezhda_1/kurtki/kurtki_zimnie/kurtka_zimnyaya_muzhskaya_tiger_whs_chernyy_kletka/;Черный;;Ткань верха: 100% полиэстер подклад: 100% полиэстер утеплитель: 100% холлофайбер;;Мужская одежда;Куртки зимние
558;Куртка зимняя мужская W Ron (теракотт);S;1500;990;34;https://lebuto.ru/upload/iblock/eda/eda96dbd2b83191ee1fe9d10566b4628.jpeg;https://lebuto.ru/catalog/muzhskaya_odezhda_1/kurtki/kurtki_zimnie/kurtka_zimnyaya_muzhskaya_whs_ron_terakott/;оранжевый;;100% полиэстер, наполнитель холлофайбер;;Мужская одежда;Куртки зимние
559;Куртка зимняя подростковая Merlion Dionis-2 (хакки);46::48;2100;1250;40.48;https://lebuto.ru/upload/iblock/52c/12tsffresnob2d0mgx6z0p9wcwnpad5x/39edf7c2_b7e4_11e3_9ffd_000c29cc46f8_c8b425a4_f54d_11e4_ae9c_000c29cc4602.jpeg;https://lebuto.ru/catalog/malchikam_1/kurtki_plashchi/kurtki_zimnie_3/kurtka_zimnyaya_podrostkovaya_merlion_dionis_2_khakki_/;хаки;;100% полиэстер, наполнитель холлофайбер;;Мальчикам;Куртки зимние
560;Куртка зимняя подростковая Merlion Greg (голубой клетка);46;2100;1250;40.48;https://lebuto.ru/upload/iblock/406/7z7sgegg6ucre8a54988rlcqm1zdsciy/33b7e107_b7e4_11e3_9ffd_000c29cc46f8_657a2610_654f_11ec_8110_000c29cc4602.jpeg;https://lebuto.ru/catalog/malchikam_1/kurtki_plashchi/kurtki_zimnie_3/kurtka_zimnyaya_podrostkovaya_merlion_greg_goluboy_kletka_/;голубой;;100% полиэстер, наполнитель холлофайбер;;Мальчикам;Куртки зимние
561;Куртка к/з AB 1934 бледно-розовый;M;2400;1400;41.67;https://lebuto.ru/upload/iblock/a3b/8d10f0f0_14a7_11e9_9d72_000c29cc4602_924ac2bf_2dd5_11e9_9d72_000c29cc4602.jpeg;https://lebuto.ru/catalog/zhenskaya_odezhda_1/kurtki_1/kurtki_zhenskie/kurtka_k_z_aftf_basic_1934_bledno_rozovyy/;св.розовый;;100% полиэстер;;Женская одежда;Куртки демисезонные
562;Куртка мужская GS M'S JK 501 col: 004;M::S;5900;4720;37.07;https://lebuto.ru/upload/iblock/32d/ee56a392_d5eb_11e9_80dc_000c29cc4602_27721b03_e043_11e9_80dd_000c29cc4602.jpeg;https://lebuto.ru/catalog/muzhskaya_odezhda_1/gornolyzhnaya_odezhda/kurtki_gornolyzhnye/kurtka_gsou_snow_m_s_jk_501_col_004/;хаки;;;;Мужская одежда;Куртки горнолыжные
563;Куртка мужская HE 13002 цвет №5046;S;5900;4720;43.19;https://lebuto.ru/upload/iblock/4e7/3b1qmk60bbtny1ggvybmux9wa1c96c4g/170c0cf8_276d_11ed_812b_000c29cc4602_2a7661bc_3fcd_11ed_812b_000c29cc4602.jpeg;https://lebuto.ru/catalog/muzhskaya_odezhda_1/gornolyzhnaya_odezhda/kurtki_gornolyzhnye/kurtka_muzhskaya_high_experience_13002_tsvet_5046/;Черный;;;;Мужская одежда;Куртки горнолыжные
564;Куртка мужская HE MH13001 цвет №0;S;5900;4720;43.19;https://lebuto.ru/upload/iblock/acb/611ck7n4fjgn4mteq2qysebtsel2ux1d/f3ca48c3_3b05_11ed_812b_000c29cc4602_837008eb_8501_11ed_812d_000c29cc4602.jpeg;https://lebuto.ru/catalog/muzhskaya_odezhda_1/gornolyzhnaya_odezhda/kurtki_gornolyzhnye/kurtka_muzhskaya_high_experience_mh13001_tsvet_0/;Черный;;;;Мужская одежда;Куртки горнолыжные
565;"Куртка мужская Merlion ""Gerald"" (черный)";S;1350;950;20.69;https://lebuto.ru/upload/iblock/740/894c0eb7_3b38_11ea_80e2_000c29cc4602_2833f94e_3dc6_11ea_80e2_000c29cc4602.jpeg;https://lebuto.ru/catalog/muzhskaya_odezhda_1/kurtki/kurtki_zimnie/kurtka_muzhskaya_merlion_gerald_chernyy/;Черный;;верх: 100% полиэстер, подклад: 100% полиэстер, наполнитель: 100% холлофайбер;;Мужская одежда;Куртки зимние
566;Куртка мужская Merlion М-2949 (черный клетка);S::M;2900;2320;20;https://lebuto.ru/upload/iblock/a3a/c2640a5e_5fe7_11e4_9d80_000c29cc4602_6ed5f7ad_9fb2_11e4_a55e_000c29cc4602.jpeg;https://lebuto.ru/catalog/muzhskaya_odezhda_1/kurtki/kurtki_muzhskie/kurtka_muzhskaya_merlion_m_2949_chernyy_kletka/;Черный;;100% полиэстер, наполнитель холлофайбер;;Мужская одежда;Куртки демисезонные
567;Куртка мужская Merlion МЭТЬЮ (темно-синий);S::M::L;4500;2500;48.89;https://lebuto.ru/upload/iblock/a6e/pe3msew12c2m3vpocqr6whnh1gbuqn1b/e866ecdc_d771_11ed_812d_000c29cc4602_c1608b5e_47b8_11ee_8130_000c29cc4602.jpeg;https://lebuto.ru/catalog/muzhskaya_odezhda_1/kurtki/kurtki_muzhskie/kurtka_muzhskaya_merlion_metyu_temno_siniy/;темно-синий;;Куртка на молнии  ткань верха: 100% полиэстер, подклад: 100% полиэстер, наполнитель: 100%полиэстер(биопух);;Мужская одежда;Куртки демисезонные
568;Куртка мужская Merlion МЭТЬЮ (черный);S::M;4500;2500;48.89;https://lebuto.ru/upload/iblock/0be/u350cak1y7e621knjp7a86rrvnija9kd/9c10d00d_d770_11ed_812d_000c29cc4602_338356ab_5212_11ee_8130_000c29cc4602.jpeg;https://lebuto.ru/catalog/muzhskaya_odezhda_1/kurtki/kurtki_muzhskie/kurtka_muzhskaya_merlion_metyu_chernyy/;Черный;;Куртка на молнии  ткань верха: 100% полиэстер, подклад: 100% полиэстер, наполнитель: 100%полиэстер(биопух);;Мужская одежда;Куртки демисезонные
569;Куртка мужская Sge SICBM-A513/91;50;4900;3920;31.59;https://lebuto.ru/upload/iblock/145/83114222_fbd6_11ea_80e9_000c29cc4602_ee48b291_084d_11eb_80e9_000c29cc4602.jpeg;https://lebuto.ru/catalog/muzhskaya_odezhda_1/kurtki/kurtki_zimnie/kurtka_muzhskaya_snowimage_sicbm_a513_91/;Черный;;;;Мужская одежда;Куртки зимние
570;Куртка мужская WR 511019 col: H16;46;5900;4720;33.56;https://lebuto.ru/upload/iblock/60b/lo08gfzdc2503p4kcdk7r5zg42aaogav/e9966823_4763_11ec_8101_000c29cc4602_f345a94d_505e_11ec_8101_000c29cc4602.jpeg;https://lebuto.ru/catalog/muzhskaya_odezhda_1/gornolyzhnaya_odezhda/kurtki_gornolyzhnye/kurtka_muzhskaya_whs_roma_511019_col_h16/;цветная;;;;Мужская одежда;Куртки горнолыжные
571;Куртка мужская WR 511019 col: H17;46::48;5900;4720;33.56;https://lebuto.ru/upload/iblock/df4/r3eyznymqmcpk4bpf6qfzmovucpvarc2/6f69be69_4763_11ec_8101_000c29cc4602_faa659d9_505e_11ec_8101_000c29cc4602.jpeg;https://lebuto.ru/catalog/muzhskaya_odezhda_1/gornolyzhnaya_odezhda/kurtki_gornolyzhnye/kurtka_muzhskaya_whs_roma_511019_col_h17/;цветная;;;;Мужская одежда;Куртки горнолыжные
572;Куртка мужская WR 512003 color: B01;46::50;5900;4720;31.59;https://lebuto.ru/upload/iblock/3f4/dx692g1rsojac6wbpdgoy0p20ic7a73l/d85debec_275b_11ed_812b_000c29cc4602_583bce63_4396_11ed_812b_000c29cc4602.jpeg;https://lebuto.ru/catalog/muzhskaya_odezhda_1/gornolyzhnaya_odezhda/kurtki_gornolyzhnye/kurtka_muzhskaya_whs_roma_512003_color_b01/;Черный;;;;Мужская одежда;Куртки горнолыжные
573;Куртка мужская WR 512003 color: Y03;46::48::50;5900;4720;31.59;https://lebuto.ru/upload/iblock/60b/pp61f21o53wo3o45jh5b3bixzuxvd23f/6b66099c_275b_11ed_812b_000c29cc4602_5a327366_3fcd_11ed_812b_000c29cc4602.jpeg;https://lebuto.ru/catalog/muzhskaya_odezhda_1/gornolyzhnaya_odezhda/kurtki_gornolyzhnye/kurtka_muzhskaya_whs_roma_512003_color_y03/;желтый;;;;Мужская одежда;Куртки горнолыжные
574;Куртка мужская WR 512501 color: B01;48::46;5900;4720;31.59;https://lebuto.ru/upload/iblock/bbc/s8l3gdjqzyifwrvgvsiqr293q9c9wrb1/3881c1d5_3977_11ed_812b_000c29cc4602_bd291309_7158_11ed_812d_000c29cc4602.jpeg;https://lebuto.ru/catalog/muzhskaya_odezhda_1/gornolyzhnaya_odezhda/kurtki_gornolyzhnye/kurtka_muzhskaya_whs_roma_512501_color_b01/;Черный;50;;;Мужская одежда;Куртки горнолыжные
575;Куртка мужская WR 512501 color: H01;46::48;5900;4720;31.59;https://lebuto.ru/upload/iblock/396/mnroq7um8of0sttu4p6in9afh1of5mwb/bbca79ef_3977_11ed_812b_000c29cc4602_ce6978c6_7158_11ed_812d_000c29cc4602.jpeg;https://lebuto.ru/catalog/muzhskaya_odezhda_1/gornolyzhnaya_odezhda/kurtki_gornolyzhnye/kurtka_muzhskaya_whs_roma_512501_color_h01/;темно-серый;;;;Мужская одежда;Куртки горнолыжные
576;Куртка мужская WR 512501 color: Y03;48::46;5900;4720;31.59;https://lebuto.ru/upload/iblock/975/yka06lir106za5q4fturppim620crkwp/06e08463_396e_11ed_812b_000c29cc4602_d446a67c_9157_11ed_812d_000c29cc4602.jpeg;https://lebuto.ru/catalog/muzhskaya_odezhda_1/gornolyzhnaya_odezhda/kurtki_gornolyzhnye/kurtka_muzhskaya_whs_roma_512501_color_y03/;желтый;;;;Мужская одежда;Куртки горнолыжные
577;Куртка мужская WR 512509 color: L03;46::48;5900;4720;31.59;https://lebuto.ru/upload/iblock/cd3/sc53rmasqr4yg790wszlearqh9qpi4eg/e3b2b7f5_2ce5_11ed_812b_000c29cc4602_b9f1689c_8501_11ed_812d_000c29cc4602.jpeg;https://lebuto.ru/catalog/muzhskaya_odezhda_1/gornolyzhnaya_odezhda/kurtki_gornolyzhnye/kurtka_muzhskaya_whs_roma_512509_color_l03/;темно-синий;;;;Мужская одежда;Куртки горнолыжные
578;Куртка мужская WR 512519 color: K02;46::48;5900;4720;31.59;https://lebuto.ru/upload/iblock/511/oupki79qtmipc0lbj3qya41zuwi90usq/1fb34ab5_2ce5_11ed_812b_000c29cc4602_fabfa9b6_7158_11ed_812d_000c29cc4602.jpeg;https://lebuto.ru/catalog/muzhskaya_odezhda_1/gornolyzhnaya_odezhda/kurtki_gornolyzhnye/kurtka_muzhskaya_whs_roma_512519_color_k02/;бежевый;;;;Мужская одежда;Куртки горнолыжные
579;Куртка мужская WR 519039 color: L03;46::48;5900;4720;31.59;https://lebuto.ru/upload/iblock/f64/8571373e_af7c_11e9_80da_000c29cc4602_c2a8e4b0_9b28_11ea_80e7_000c29cc4602.jpeg;https://lebuto.ru/catalog/muzhskaya_odezhda_1/gornolyzhnaya_odezhda/kurtki_gornolyzhnye/kurtka_muzhskaya_whs_roma_519039_color_l03/;темно-синий;;верх: 100% полиэстер, подклад: 100% полиэстер, наполнитель: 100% полиэстер;;Мужская одежда;Куртки горнолыжные
580;Куртка мужская WR 519047 color: 8409 Blue;46/S;5900;4720;33.56;https://lebuto.ru/upload/iblock/b35/bb651e07_b747_11e9_80da_000c29cc4602_8c65eed9_c3da_11e9_80dc_000c29cc4602.jpeg;https://lebuto.ru/catalog/muzhskaya_odezhda_1/gornolyzhnaya_odezhda/kurtki_gornolyzhnye/kurtka_whs_roma_519047_color_8409_blue/;Синий;;верх: 100% полиэстер, подклад: 100% полиэстер, наполнитель: 100% полиэстер;;Мужская одежда;Куртки горнолыжные
581;Куртка мужская WR 519049 color: 8087 Navy;50/L::46/S::48/M;5900;4720;31.59;https://lebuto.ru/upload/iblock/661/da6d4447_af6b_11e9_80da_000c29cc4602_73a66cda_3da1_11ea_80e2_000c29cc4602.jpeg;https://lebuto.ru/catalog/muzhskaya_odezhda_1/gornolyzhnaya_odezhda/kurtki_gornolyzhnye/kurtka_muzhskaya_whs_roma_519049_color_8087_navy/;темно-синий;;верх: 100% полиэстер, подклад: 100% полиэстер, наполнитель: 100% полиэстер;;Мужская одежда;Куртки горнолыжные
582;Куртка мужская WR 519049 color: Red;46/S;5900;4720;43.19;https://lebuto.ru/upload/iblock/02c/6a9c1f1e_af6b_11e9_80da_000c29cc4602_5f797d14_3da1_11ea_80e2_000c29cc4602.jpeg;https://lebuto.ru/catalog/muzhskaya_odezhda_1/gornolyzhnaya_odezhda/kurtki_gornolyzhnye/kurtka_muzhskaya_whs_roma_519049_color_red/;красный;;верх: 100% полиэстер, подклад: 100% полиэстер, наполнитель: 100% полиэстер;;Мужская одежда;Куртки горнолыжные
583;Куртка мужская WR 519079 col: 9014 Black;46/S;5900;4720;43.19;https://lebuto.ru/upload/iblock/9f5/5e060b79_cae7_11e9_80dc_000c29cc4602_bb5f81ec_da96_11e9_80dd_000c29cc4602.jpeg;https://lebuto.ru/catalog/muzhskaya_odezhda_1/gornolyzhnaya_odezhda/kurtki_gornolyzhnye/kurtka_whs_roma_519079_col_9014_black/;Черный;;верх: 100% полиэстер подклад: 100% полиэстер наполнитель: 100% полиэстер;;Мужская одежда;Куртки горнолыжные
584;Куртка мужская WR 568029 Color:8087 Navy;46;5900;4720;31.59;https://lebuto.ru/upload/iblock/d30/33896e50_9acf_11e8_9f15_000c29cc4602_ea730818_a9cf_11e8_9f15_000c29cc4602.jpeg;https://lebuto.ru/catalog/muzhskaya_odezhda_1/gornolyzhnaya_odezhda/kurtki_gornolyzhnye/kurtka_muzhskaya_whs_roma_568029_color_8087_navy/;темно-синий;;верх: 100% полиэстер, подклад: 100% полиэстер, наполнитель: 100% полиэстер;;Мужская одежда;Куртки горнолыжные
585;Куртка мужская WR 610505 col: L03;48;3900;2550;34.62;https://lebuto.ru/upload/iblock/fcf/8b3d6293_40c7_11ea_80e2_000c29cc4602_6334767a_4d7b_11ea_80e2_000c29cc4602.jpeg;https://lebuto.ru/catalog/muzhskaya_odezhda_1/kurtki/kurtki_muzhskie/kurtka_muzhskaya_whs_roma_610505_col_l03/;темно-синий;;верх: 100% полиэстер, наполнитель: 100% полиэстер, подклад: 100% полиэстер;;Мужская одежда;Куртки демисезонные
586;Куртка мужская WR 7113109 color: K02;46;4000;3200;25.42;https://lebuto.ru/upload/iblock/d18/gk43i1xh9ql1i1afn1lvle7bk3fd0m0o/1d5ed48a_280e_11ec_80fe_000c29cc4602_6107b29d_34db_11ec_8101_000c29cc4602.jpeg;https://lebuto.ru/catalog/muzhskaya_odezhda_1/kurtki/kurtki_zimnie/kurtka_muzhskaya_whs_roma_7113109_color_k02/;бежевый;;;;Мужская одежда;Куртки зимние
587;Куртка мужская WR 7113109 color: Y04;46;4000;3200;25.42;https://lebuto.ru/upload/iblock/6b0/633gaehi59fstt2o005vij78392gk1f5/358b6763_280d_11ec_80fe_000c29cc4602_69ac0b61_34db_11ec_8101_000c29cc4602.jpeg;https://lebuto.ru/catalog/muzhskaya_odezhda_1/kurtki/kurtki_zimnie/kurtka_muzhskaya_whs_roma_7113109_color_y04/;желтый;;;;Мужская одежда;Куртки зимние
588;Куртка мужская WR 711323 color: G02;46;5900;4400;25.42;https://lebuto.ru/upload/iblock/6fa/lda7yxlovxr1vpz2q9j90x0af3xabwhg/03d72ae2_32ff_11ec_8101_000c29cc4602_c039f5f1_340c_11ec_8101_000c29cc4602.jpeg;https://lebuto.ru/catalog/muzhskaya_odezhda_1/kurtki/kurtki_zimnie/kurtka_muzhskaya_whs_roma_711323_color_g02/;т.зеленый;;;;Мужская одежда;Куртки зимние
589;Куртка мужская WR 712713 color: B01;46;5900;2960;33.56;https://lebuto.ru/upload/iblock/bbd/b5hu5tmg5yl9b0zcg4v8swyetv1eqgm7/3d8659ab_1a06_11ed_812b_000c29cc4602_aa706dd4_4396_11ed_812b_000c29cc4602.jpeg;https://lebuto.ru/catalog/muzhskaya_odezhda_1/kurtki/kurtki_zimnie/kurtka_muzhskaya_whs_roma_712713_color_b01/;Черный;;;;Мужская одежда;Куртки зимние
590;Куртка мужская WR 712713 color: H01;46;3700;2960;20;https://lebuto.ru/upload/iblock/1bd/fo6ojrt1st1htdkcav9z6xy1xgq31sz5/dad27593_1a05_11ed_812b_000c29cc4602_ba7418b4_4396_11ed_812b_000c29cc4602.jpeg;https://lebuto.ru/catalog/muzhskaya_odezhda_1/kurtki/kurtki_zimnie/kurtka_muzhskaya_whs_roma_712713_color_h01/;темно-серый;;;;Мужская одежда;Куртки зимние
591;Куртка мужская WT 712205 color: B01;46;2900;2000;45.76;https://lebuto.ru/upload/iblock/400/qd6u532v3nilrrtah19of2p70j2w2kpa/a4008489_1a02_11ed_812b_000c29cc4602_d9a53071_4396_11ed_812b_000c29cc4602.jpeg;https://lebuto.ru/catalog/muzhskaya_odezhda_1/kurtki/kurtki_zimnie/kurtka_muzhskaya_whs_tisentele_712205_color_b01/;Черный;;;;Мужская одежда;Куртки зимние
592;Куртка мужская г/л GS M'S JK 18119 col: ARG;M::L;5900;4720;37.07;https://lebuto.ru/upload/iblock/6e7/pdhowd83hapwpe0khhh1xjew27up4zwg/6cf27ee9_292b_11ea_80e2_000c29cc4602_8e85e045_2b34_11ec_8100_000c29cc4602.jpeg;https://lebuto.ru/catalog/muzhskaya_odezhda_1/gornolyzhnaya_odezhda/kurtki_gornolyzhnye/kurtka_muzhskaya_g_l_gsou_snow_m_s_jk_18119_col_arg/;хаки;;Верх:полиэстер,Подклад:полиэстер,Наполнитель:Полиэстер;;Мужская одежда;Куртки горнолыжные
593;Куртка мужская г/л GS M'S JK 1816 col: 063;L;5900;4720;37.07;https://lebuto.ru/upload/iblock/977/e70882c3_c544_11e8_a291_000c29cc4602_9f6c41ab_d2b9_11e8_a291_000c29cc4602.jpeg;https://lebuto.ru/catalog/muzhskaya_odezhda_1/gornolyzhnaya_odezhda/kurtki_gornolyzhnye/kurtka_muzhskaya_g_l_gsou_snow_m_s_jk_1816_col_063/;цветная;;;;Мужская одежда;Куртки горнолыжные
594;Куртка подростковая HE HYTG326-7 цвет №8115;134;950;760;27.14;https://lebuto.ru/upload/iblock/41c/5a110e11_c14a_11e8_9f15_000c29cc4602_db4083b7_dd8b_11e8_abe6_000c29cc4602.jpeg;https://lebuto.ru/catalog/devochkam_1/kurtki_plashchi_1/kurtki_zimnie_4/kurtka_podrostkovaya_high_experience_hytg326_7_tsvet_8115/;цветная;;;;Девочкам;Куртки зимние
595;"Куртка пуховая мужская Merlion ""2203М"" (красный)";XL;5900;4720;20;https://lebuto.ru/upload/iblock/8c5/nzibc8p1igvuojbaxpmjvc6wm7wdjd58/559495c0_12e3_11ed_812b_000c29cc4602_d080434a_2e92_11ed_812b_000c29cc4602.jpeg;https://lebuto.ru/catalog/muzhskaya_odezhda_1/kurtki/kurtki_zimnie/kurtka_pukhovaya_muzhskaya_merlion_2203m_krasnyy/;красный;;верх: 83% полиэстер, 17% коттон подклад: 100% нейлон трикотажный мех: 100% полиэстер утеплитель: гусиный пух 90/10;;Мужская одежда;Куртки зимние
596;"Куртка пуховая мужская Merlion ""2203М"" (темно-синий)";M;5900;4720;20;https://lebuto.ru/upload/iblock/8b7/trrcuc4m1hnnjmyh93pbk0fcqyyvo423/1f0c7468_12e2_11ed_812b_000c29cc4602_fd0d42b4_2e92_11ed_812b_000c29cc4602.jpeg;https://lebuto.ru/catalog/muzhskaya_odezhda_1/kurtki/kurtki_zimnie/kurtka_pukhovaya_muzhskaya_merlion_2203m_temno_siniy/;Т.синий;;верх: 60% полиэстер, 40% коттон подклад: 100% нейлон трикотажный мех: 100% полиэстер утеплитель: гусиный пух 90/10;;Мужская одежда;Куртки зимние
597;"Куртка пуховая мужская Merlion ""2203М"" (черный)";M;5900;4500;20;https://lebuto.ru/upload/iblock/2ca/yl15ppnjrhhnqvovjg9fgwj13s0ju03i/0cfdd61b_12e3_11ed_812b_000c29cc4602_12c11847_2e93_11ed_812b_000c29cc4602.jpeg;https://lebuto.ru/catalog/muzhskaya_odezhda_1/kurtki/kurtki_zimnie/kurtka_pukhovaya_muzhskaya_merlion_2203m_chernyy/;Черный;;верх: 83% полиэстер, 17% коттон подклад: 100% нейлон трикотажный мех: 100% полиэстер утеплитель: гусиный пух 90/10;;Мужская одежда;Куртки зимние
598;Маска LIDAKIS S1317;one size;500;400;31.58;https://lebuto.ru/upload/iblock/baf/6205422e_d921_11e9_80dd_000c29cc4602_d76962e2_0d07_11ea_80e0_000c29cc4602.jpeg;https://lebuto.ru/catalog/aksessuary_1/maski_gornolyzhnye/maska_lidakis_s1317/;зеленый;;100% полиэстер;;Аксессуары;Маски горнолыжные
599;Маска LIDAKIS S1417;one size;500;400;31.58;https://lebuto.ru/upload/iblock/a67/9ba7b735_d91f_11e9_80dd_000c29cc4602_1960b745_0d0c_11ea_80e0_000c29cc4602.jpeg;https://lebuto.ru/catalog/aksessuary_1/maski_gornolyzhnye/maska_lidakis_s1417/;св.зелёный;;100% полиэстер;;Аксессуары;Маски горнолыжные
600;Маска LIDAKIS S1719;one size;500;400;31.58;https://lebuto.ru/upload/iblock/b51/0084df4d_afc3_11e7_8967_000c29cc4602_68647f96_0d03_11ea_80e0_000c29cc4602.jpeg;https://lebuto.ru/catalog/aksessuary_1/maski_gornolyzhnye/maska_lidakis_s1719/;;;100% полиэстер;;Аксессуары;Маски горнолыжные
601;Маска LIDAKIS S1720;one size;500;400;31.58;https://lebuto.ru/upload/iblock/c60/09c0022d_afc2_11e7_8967_000c29cc4602_e479b6e8_0d06_11ea_80e0_000c29cc4602.jpeg;https://lebuto.ru/catalog/aksessuary_1/maski_gornolyzhnye/maska_lidakis_s1720/;;;100% полиэстер;;Аксессуары;Маски горнолыжные
602;Маска LIDAKIS S1722;one size;500;400;31.58;https://lebuto.ru/upload/iblock/0bd/92008b28_afc2_11e7_8967_000c29cc4602_92ddc033_0d04_11ea_80e0_000c29cc4602.jpeg;https://lebuto.ru/catalog/aksessuary_1/maski_gornolyzhnye/maska_lidakis_s1722/;;;100% полиэстер;;Аксессуары;Маски горнолыжные
603;Маска X-P 219956 черный;one size;300;240;40;https://lebuto.ru/upload/iblock/205/013d0d17_d91a_11e9_80dd_000c29cc4602_c88752f5_0d10_11ea_80e0_000c29cc4602.jpeg;https://lebuto.ru/catalog/aksessuary_1/maski_gornolyzhnye/maska_x_ports_219956_chernyy/;Черный;;100% полиэстер;;Аксессуары;Маски горнолыжные
604;Маска Б/Н 44002 св.серо-черный;one size;300;240;40;https://lebuto.ru/upload/iblock/151/126544b1_5ae7_11eb_80eb_000c29cc4602_a164409f_5af0_11eb_80eb_000c29cc4602.jpeg;https://lebuto.ru/catalog/aksessuary_1/maski_gornolyzhnye/maska_b_n_44002_sv_sero_chernyy/;св.серый;;100% полиэстер;;Аксессуары;Маски горнолыжные
605;Маска Б/Н 44002 хаки-черный;one size;300;240;40;https://lebuto.ru/upload/iblock/907/46c187f2_5ae6_11eb_80eb_000c29cc4602_4e249baf_5af0_11eb_80eb_000c29cc4602.jpeg;https://lebuto.ru/catalog/aksessuary_1/maski_gornolyzhnye/maska_b_n_44002_khaki_chernyy/;хаки;;100% полиэстер;;Аксессуары;Маски горнолыжные
606;Маска Б/Н 5296-051;one size;400;320;40;https://lebuto.ru/upload/iblock/3b9/93807aed_5ad8_11eb_80eb_000c29cc4602_41ab9af7_5aec_11eb_80eb_000c29cc4602.jpeg;https://lebuto.ru/catalog/aksessuary_1/maski_gornolyzhnye/maska_b_n_5296_051/;цветная;;100% полиэстер;;Аксессуары;Маски горнолыжные
607;Маска Б/Н 5296-054;one size;400;320;40;https://lebuto.ru/upload/iblock/2b5/34cb1ffe_5ada_11eb_80eb_000c29cc4602_5f113696_5aec_11eb_80eb_000c29cc4602.jpeg;https://lebuto.ru/catalog/aksessuary_1/maski_gornolyzhnye/maska_b_n_5296_054/;желтый;;100% полиэстер;;Аксессуары;Маски горнолыжные
608;Маска Б/Н 5296-056;one size;400;320;40;https://lebuto.ru/upload/iblock/a9b/c709cadd_5ada_11eb_80eb_000c29cc4602_7dcf8960_5aec_11eb_80eb_000c29cc4602.jpeg;https://lebuto.ru/catalog/aksessuary_1/maski_gornolyzhnye/maska_b_n_5296_056/;Черный;;100% полиэстер;;Аксессуары;Маски горнолыжные
609;Маска Б/Н 5296-057;one size;400;320;40;https://lebuto.ru/upload/iblock/e0a/16b083a5_5adb_11eb_80eb_000c29cc4602_8e1df8c0_5aec_11eb_80eb_000c29cc4602.jpeg;https://lebuto.ru/catalog/aksessuary_1/maski_gornolyzhnye/maska_b_n_5296_057/;Черный;;100% полиэстер;;Аксессуары;Маски горнолыжные
610;Маска Б/Н 5296-058;one size;400;320;40;https://lebuto.ru/upload/iblock/31f/72fabf41_5adb_11eb_80eb_000c29cc4602_b7c08a3d_5aec_11eb_80eb_000c29cc4602.jpeg;https://lebuto.ru/catalog/aksessuary_1/maski_gornolyzhnye/maska_b_n_5296_058/;темно-синий;;100% полиэстер;;Аксессуары;Маски горнолыжные
611;Мяч для настольного тенниса BUTTERFLY G40 White (3pcs);one size;70;50;16.43;https://lebuto.ru/upload/iblock/ae6/320efef0_5f48_11e9_a6d6_000c29cc4602_5b587721_6588_11e9_80d2_000c29cc4602.jpeg;https://lebuto.ru/catalog/aksessuary_1/tennis_nastolnyy/myach_dlya_nastolnogo_tennisa_butterfly_g40_white_3pcs/;белый;;;;Аксессуары;Теннис настольный
612;Намотка для ракеток Y 77258 голубой;one size;70;59;15.71;https://lebuto.ru/upload/iblock/7bf/8a91a99f_5f4c_11e9_a6d6_000c29cc4602_12cb5245_6588_11e9_80d2_000c29cc4602.jpeg;https://lebuto.ru/catalog/aksessuary_1/badminton/namotka_dlya_raketok_yonex_77258_goluboy/;голубой;;;;Аксессуары;Бадминтон
613;Намотка для ракеток Y 77258 желтый;one size;70;59;15.71;https://lebuto.ru/upload/iblock/2f1/9e7e5b6f_5f4c_11e9_a6d6_000c29cc4602_1ac0556b_6588_11e9_80d2_000c29cc4602.jpeg;https://lebuto.ru/catalog/aksessuary_1/badminton/namotka_dlya_raketok_yonex_77258_zheltyy/;желтый;;;;Аксессуары;Бадминтон
614;Намотка для ракеток Y 77258 розовый;one size;70;59;15.71;https://lebuto.ru/upload/iblock/bf9/07eb82be_5f4d_11e9_a6d6_000c29cc4602_2288a2d4_6588_11e9_80d2_000c29cc4602.jpeg;https://lebuto.ru/catalog/aksessuary_1/badminton/namotka_dlya_raketok_yonex_77258_rozovyy/;розовый;;;;Аксессуары;Бадминтон
615;Намотка для ракеток Y 77258 сиреневый;one size;70;59;15.71;https://lebuto.ru/upload/iblock/774/f093acae_5f4c_11e9_a6d6_000c29cc4602_2a15ba14_6588_11e9_80d2_000c29cc4602.jpeg;https://lebuto.ru/catalog/aksessuary_1/badminton/namotka_dlya_raketok_yonex_77258_sirenevyy/;сирень;;;;Аксессуары;Бадминтон
616;Носки A S21489 бирюзовый;38-42;100;80;20.май;https://lebuto.ru/upload/iblock/bad/c5f7897b_2e1b_11eb_80e9_000c29cc4602_e9643ab2_2e30_11eb_80e9_000c29cc4602.jpeg;https://lebuto.ru/catalog/aksessuary_1/noskii/noski_a_s21489_biryuzovyy/;бирюзовый;;70% хлопок 28% полиэстер 2% эластан;;Аксессуары;Носки
617;Носки A S21489 зеленый;38-42;100;80;20.май;https://lebuto.ru/upload/iblock/511/59e68253_2e1c_11eb_80e9_000c29cc4602_09a5ff1e_2e31_11eb_80e9_000c29cc4602.jpeg;https://lebuto.ru/catalog/aksessuary_1/noskii/noski_a_s21489_zelenyy/;зеленый;;70% хлопок 28% полиэстер 2% эластан;;Аксессуары;Носки
618;Носки A S21489 розовый;38-42;100;80;20.май;https://lebuto.ru/upload/iblock/c63/d722732e_2e1c_11eb_80e9_000c29cc4602_24edbbd1_2e31_11eb_80e9_000c29cc4602.jpeg;https://lebuto.ru/catalog/aksessuary_1/noskii/noski_a_s21489_rozovyy/;розовый;;70% хлопок 28% полиэстер 2% эластан;;Аксессуары;Носки
619;Носки A S21489 черный;38-42;100;80;20.май;https://lebuto.ru/upload/iblock/0dc/bbb156c9_2e1d_11eb_80e9_000c29cc4602_3157b619_2e31_11eb_80e9_000c29cc4602.jpeg;https://lebuto.ru/catalog/aksessuary_1/noskii/noski_a_s21489_chernyy/;Черный;64;70% хлопок 28% полиэстер 2% эластан;;Аксессуары;Носки
620;Носки BGA 01274-011;one size;100;80;44.67;https://lebuto.ru/upload/iblock/f31/0xfyvtay00nqn0p8d4cy7m5hvjl3wr2l/fb5f4793_a8d4_11ec_811f_000c29cc4602_62f449e1_aa96_11ec_811f_000c29cc4602.jpeg;https://lebuto.ru/catalog/aksessuary_1/noskii/noski_bga_01274_011/;цветная;;;;Аксессуары;Носки
621;Носки BGA 77492 розовый;one size;100;80;20;https://lebuto.ru/upload/iblock/b4a/4c1d78f9_cb06_11ea_80e9_000c29cc4602_4a34e597_12aa_11eb_80e9_000c29cc4602.jpeg;https://lebuto.ru/catalog/aksessuary_1/noskii/noski_balenciaga_77492_rozovyy/;розовый;69;88% хлопок 10% полиамид 2% эластан;;Аксессуары;Носки
622;Носки C 07712 серо-синий;04.окт;100;80;20;https://lebuto.ru/upload/iblock/db1/8e69b5bb_2eeb_11eb_80e9_000c29cc4602_5e6b5c87_6123_11eb_80eb_000c29cc4602.jpeg;https://lebuto.ru/catalog/aksessuary_1/noskii/noski_columbia_07712_sero_siniy/;темно-синий;;хлопок, полиэстер;;Аксессуары;Носки
623;Носки Ct A310-4 бежево-коричневый;L;100;80;20;https://lebuto.ru/upload/iblock/7f8/d823a1fd_2ef2_11eb_80e9_000c29cc4602_bb784896_6124_11eb_80eb_000c29cc4602.jpeg;https://lebuto.ru/catalog/aksessuary_1/noskii/noski_carhartt_a310_4_bezhevo_korichnevyy/;бежевый;;65% полиэстер 20% акрил 8% шерсть 5% нейлон 2% спандекс;;Аксессуары;Носки
624;Носки Ct A310-4 коричнево-бежевый;L;100;80;20;https://lebuto.ru/upload/iblock/89a/eb8c06df_2ef2_11eb_80e9_000c29cc4602_e044fd82_6124_11eb_80eb_000c29cc4602.jpeg;https://lebuto.ru/catalog/aksessuary_1/noskii/noski_carhartt_a310_4_korichnevo_bezhevyy/;коричневый;;65% полиэстер 20% акрил 8% шерсть 5% нейлон 2% спандекс;;Аксессуары;Носки
625;Носки Ct A310-4 т.сине-св.серый;L;100;80;20;https://lebuto.ru/upload/iblock/44e/01b2fa22_2ef3_11eb_80e9_000c29cc4602_fd046b61_6124_11eb_80eb_000c29cc4602.jpeg;https://lebuto.ru/catalog/aksessuary_1/noskii/noski_carhartt_a310_4_t_sine_sv_seryy/;темно-синий;;65% полиэстер 20% акрил 8% шерсть 5% нейлон 2% спандекс;;Аксессуары;Носки
626;Носки Ln 29577 черно-серый;39-45;100;80;20;https://lebuto.ru/upload/iblock/5e0/bb7a2mhr89c08bx6pmpl6ueffpf16yra/e6345ac8_6eee_11ed_812d_000c29cc4602_f27731f1_7325_11ed_812d_000c29cc4602.jpeg;https://lebuto.ru/catalog/aksessuary_1/noskii/noski_ln_29577_cherno_seryy/;Черный;;;;Аксессуары;Носки
627;Носки Mu 59013 желтый;one size;100;80;20;https://lebuto.ru/upload/iblock/94b/77fa0782_338f_11eb_80e9_000c29cc4602_0faef956_611e_11eb_80eb_000c29cc4602.jpeg;https://lebuto.ru/catalog/aksessuary_1/noskii/noski_miu_miu_59013_zheltyy/;желтый;;95% хлопок 5% эластан;;Аксессуары;Носки
628;Носки Mu 59013 розовый;one size;100;80;20;https://lebuto.ru/upload/iblock/9fa/475031c5_338f_11eb_80e9_000c29cc4602_44977335_611e_11eb_80eb_000c29cc4602.jpeg;https://lebuto.ru/catalog/aksessuary_1/noskii/noski_miu_miu_59013_rozovyy/;розовый;;95% хлопок 5% эластан;;Аксессуары;Носки
629;Носки N 78437-14;one size;100;80;20;https://lebuto.ru/upload/iblock/79c/1bf6f04e_ca5e_11ea_80e9_000c29cc4602_ab47cece_12ad_11eb_80e9_000c29cc4602.jpeg;https://lebuto.ru/catalog/aksessuary_1/noskii/noski_n_78437_14/;желтый;;48% полиэстер 33% хлопок 16% нейлон 3% спандекс;;Аксессуары;Носки
630;Носки N SX4792 св.серый;one size;100;50;45;https://lebuto.ru/upload/iblock/df5/5cb26b7d_2e27_11eb_80e9_000c29cc4602_53581b54_2e32_11eb_80e9_000c29cc4602.jpeg;https://lebuto.ru/catalog/aksessuary_1/noskii/noski_n_sx4792_sv_seryy/;св.серый;;85% хлопок 10% полиэстер 5% эластан;;Аксессуары;Носки
631;Носки POLO R.L. 03169 св.серо-красный;one size;100;80;20;https://lebuto.ru/upload/iblock/5b1/dz2gtrqf8mmql27yrhswi2f0zf1innzp/d7656f81_90bd_11ed_812d_000c29cc4602_3e661391_ace8_11ed_812d_000c29cc4602.jpeg;https://lebuto.ru/catalog/aksessuary_1/noskii/noski_polo_r_l_03169_sv_sero_krasnyy/;св.серый;;70% хлопок 30% полиэстер;;Аксессуары;Носки
632;Носки POLO R.L. 20519 бело-синий;one size;100;80;;https://lebuto.ru/upload/iblock/b94/cqnccgowe81vchnhq40zasume5se2zxv/55cf2ec9_90bf_11ed_812d_000c29cc4602_f3b9a695_b9ee_11ef_816a_000c29cc4602.jpg;https://lebuto.ru/catalog/aksessuary_1/noskii/noski_polo_r_l_20519_belo_siniy/;белый;;;;Аксессуары;Носки
633;Носки POLO R.L. 24682 бордовый;one size;100;80;20;https://lebuto.ru/upload/iblock/f07/yvhxqlvgz5s31mvygr2x77g8t5stxamk/57f5434b_90c1_11ed_812d_000c29cc4602_f3e6e56e_ace8_11ed_812d_000c29cc4602.jpeg;https://lebuto.ru/catalog/aksessuary_1/noskii/noski_polo_r_l_24682_bordovyy/;бордовый;;70% хлопок 30% полиэстер;;Аксессуары;Носки
634;Носки POLO R.L. 47621 темно-синий;one size;100;80;20;https://lebuto.ru/upload/iblock/aa8/z502cn6157ca7zpofolljvzz3t0d6g5t/e30d7e1d_90c3_11ed_812d_000c29cc4602_f58d3321_ace9_11ed_812d_000c29cc4602.jpeg;https://lebuto.ru/catalog/aksessuary_1/noskii/noski_polo_r_l_47621_temno_siniy/;темно-синий;;70% хлопок 30% полиэстер;;Аксессуары;Носки
635;Носки POLO R.L. 55507 черный;one size;100;80;;https://lebuto.ru/upload/iblock/84e/kja64c67uwt4vd3eymm1umbage0pohtq/a8e9205b_90c0_11ed_812d_000c29cc4602_e7cc5330_b9ed_11ef_816a_000c29cc4602.jpg;https://lebuto.ru/catalog/aksessuary_1/noskii/noski_polo_r_l_55507_chernyy/;Черный;;;;Аксессуары;Носки
636;Носки POLO R.L. 66012 св.серый;one size;100;80;20;https://lebuto.ru/upload/iblock/e85/372vpjf07zuzwpbutmewzuf25st380ir/546e5d8c_90c3_11ed_812d_000c29cc4602_5b19408d_ace9_11ed_812d_000c29cc4602.jpeg;https://lebuto.ru/catalog/aksessuary_1/noskii/noski_polo_r_l_66012_sv_seryy/;св.серый;;70% хлопок 30% полиэстер;;Аксессуары;Носки
637;Носки S 138603 белый;авг.13;100;80;20;https://lebuto.ru/upload/iblock/bad/4ef50685_ea7e_11e9_80dd_000c29cc4602_e2742d90_173a_11ea_80e0_000c29cc4602.jpeg;https://lebuto.ru/catalog/aksessuary_1/noskii/noski_stussy_138603_belyy/;белый;;Хлопок 80%, Полиамид 17%, Эластан 3%;;Аксессуары;Носки
638;Носки S 138707 белый;авг.13;100;80;20;https://lebuto.ru/upload/iblock/52b/d2561572_ea7e_11e9_80dd_000c29cc4602_4475cfbe_173b_11ea_80e0_000c29cc4602.jpeg;https://lebuto.ru/catalog/aksessuary_1/noskii/noski_stussy_138707_belyy/;белый;;Хлопок 80%, Полиамид 17%, Эластан 3%;;Аксессуары;Носки
639;Носки S 138707 черный;авг.13;100;80;20;https://lebuto.ru/upload/iblock/134/ed03b2f6_ea7e_11e9_80dd_000c29cc4602_6242b9eb_173b_11ea_80e0_000c29cc4602.jpeg;https://lebuto.ru/catalog/aksessuary_1/noskii/noski_stussy_138707_chernyy/;Черный;;Хлопок 80%, Полиамид 17%, Эластан 3%;;Аксессуары;Носки
640;Носки TNF 90218 белый;one size;100;80;46.67;https://lebuto.ru/upload/iblock/93a/55b9ed4f_2e30_11eb_80e9_000c29cc4602_0e01ae9e_2e36_11eb_80e9_000c29cc4602.jpeg;https://lebuto.ru/catalog/aksessuary_1/noskii/noski_tnf_90218_belyy/;белый;;60,4% полиамид, 37,6% нейлон, 2% эластан;;Аксессуары;Носки
641;Носки Wf 722464 черный;окт.13;100;80;20;https://lebuto.ru/upload/iblock/25c/39cc18ec_2eee_11eb_80e9_000c29cc4602_1efa2cfb_6124_11eb_80eb_000c29cc4602.jpeg;https://lebuto.ru/catalog/aksessuary_1/noskii/noski_weatherproof_722464_chernyy/;Черный;;хлопок, полиэстер;;Аксессуары;Носки
642;Носки Б/Н 650117-3 цветные;one size;100;80;20;https://lebuto.ru/upload/iblock/5f6/69bcacdc_2238_11eb_80e9_000c29cc4602_81c31b24_27d0_11eb_80e9_000c29cc4602.jpeg;https://lebuto.ru/catalog/aksessuary_1/noskii/noski_b_n_650117_3_tsvetnye/;цветная;;хлопок;;Аксессуары;Носки
643;Носки Б/Н 808633 голубой;one size;100;80;20;https://lebuto.ru/upload/iblock/6a7/4z1xidwsytf79f6ncl1od1x1zedp35is/b4f42503_a8d3_11ec_811f_000c29cc4602_7c945a85_aa98_11ec_811f_000c29cc4602.jpeg;https://lebuto.ru/catalog/aksessuary_1/noskii/noski_b_n_808633_goluboy/;голубой;;;;Аксессуары;Носки
644;Носки Б/Н 808633 зеленый;one size;100;80;20;https://lebuto.ru/upload/iblock/da9/jx7z5h6krlrb8eflhxejhtepp0hbtlyt/4e844fea_a8d3_11ec_811f_000c29cc4602_8d448516_aa98_11ec_811f_000c29cc4602.jpeg;https://lebuto.ru/catalog/aksessuary_1/noskii/noski_b_n_808633_zelenyy/;зеленый;;;;Аксессуары;Носки
645;Носки Б/Н 808633 песочный;one size;100;80;20;https://lebuto.ru/upload/iblock/984/m9z8l1pdy52njk928j7jwt3o8jwmtsxv/23377795_a8d4_11ec_811f_000c29cc4602_a0e7a4b5_aa98_11ec_811f_000c29cc4602.jpeg;https://lebuto.ru/catalog/aksessuary_1/noskii/noski_b_n_808633_pesochnyy/;песочный;;;;Аксессуары;Носки
646;Носки Б/Н 808633 розовый;one size;100;80;20;https://lebuto.ru/upload/iblock/5df/h9j3nnpoz89sxqsa90mo0urnvdx3g7ep/04bf5c74_a8d3_11ec_811f_000c29cc4602_c01136bd_aa98_11ec_811f_000c29cc4602.jpeg;https://lebuto.ru/catalog/aksessuary_1/noskii/noski_b_n_808633_rozovyy/;розовый;;;;Аксессуары;Носки
647;Носки Б/Н 808633 св.розовый;one size;100;80;20;https://lebuto.ru/upload/iblock/0e3/ka42oc4nq3533u8tw2aiug8694t0rf0s/2b342162_a8d3_11ec_811f_000c29cc4602_cdcb8380_aa98_11ec_811f_000c29cc4602.jpeg;https://lebuto.ru/catalog/aksessuary_1/noskii/noski_b_n_808633_sv_rozovyy/;св.розовый;;;;Аксессуары;Носки
648;Носки Б/Н 808633 св.серый;one size;100;80;20;https://lebuto.ru/upload/iblock/5b4/zl93ieo3dcn6p78j3mc9q6fj9twhsy5r/9dd84a38_a8d2_11ec_811f_000c29cc4602_0a34e0ed_aa99_11ec_811f_000c29cc4602.jpeg;https://lebuto.ru/catalog/aksessuary_1/noskii/noski_b_n_808633_sv_seryy/;св.серый;;;;Аксессуары;Носки
649;Носки Б/Н 808633 синий;one size;100;80;20;https://lebuto.ru/upload/iblock/3d8/g4i4gz266ba3d96f7sbjld2j5mlm5t0l/6da63b2d_a8d3_11ec_811f_000c29cc4602_112f3507_aa99_11ec_811f_000c29cc4602.jpeg;https://lebuto.ru/catalog/aksessuary_1/noskii/noski_b_n_808633_siniy/;Синий;;;;Аксессуары;Носки
650;Носки Б/Н 808633 сиреневый;one size;100;80;20;https://lebuto.ru/upload/iblock/c3f/5lwftriuezid7v0ggtqdk7fxvz55t25p/d4b1001e_a8d3_11ec_811f_000c29cc4602_a2db0b54_aa99_11ec_811f_000c29cc4602.jpeg;https://lebuto.ru/catalog/aksessuary_1/noskii/noski_b_n_808633_sirenevyy/;сирень;;;;Аксессуары;Носки
651;Носки Б/Н 808633 темно-серый;one size;100;80;20;https://lebuto.ru/upload/iblock/2ba/xtp96fygw3msy3cu17ba423qb8g6xtro/d1da5a49_a8d2_11ec_811f_000c29cc4602_1a8635b9_aa99_11ec_811f_000c29cc4602.jpeg;https://lebuto.ru/catalog/aksessuary_1/noskii/noski_b_n_808633_temno_seryy/;т.серый;;;;Аксессуары;Носки
652;Носки Б/Н 808633 черный;one size;100;80;20;https://lebuto.ru/upload/iblock/ea8/vhtl30j2gn3h9vfy8a7o6ecp18due5s5/6dfbb455_a8d2_11ec_811f_000c29cc4602_220c48dd_aa99_11ec_811f_000c29cc4602.jpeg;https://lebuto.ru/catalog/aksessuary_1/noskii/noski_b_n_808633_chernyy/;Черный;;;;Аксессуары;Носки
653;Обувь для плавания Chi 63281-010;44/45;300;220;0;https://lebuto.ru/upload/iblock/2ec/a2273487_61f5_11eb_80eb_000c29cc4602_4cf8b1f5_6525_11eb_80eb_000c29cc4602.jpeg;https://lebuto.ru/catalog/aksessuary_1/obuv_1/obuv_dlya_plavaniya_chiocube_63281_010/;голубой;;текстиль, резина;;Аксессуары;Обувь
654;Обувь для плавания Chi 63281-012;42/43::44/45;300;220;0;https://lebuto.ru/upload/iblock/5be/01bc5c97_61f7_11eb_80eb_000c29cc4602_901a20ed_6525_11eb_80eb_000c29cc4602.jpeg;https://lebuto.ru/catalog/aksessuary_1/obuv_1/obuv_dlya_plavaniya_chiocube_63281_012/;Синий;;текстиль, резина;;Аксессуары;Обувь
655;Обувь для плавания Chi 63281-013;42/43::44/45;300;220;0;https://lebuto.ru/upload/iblock/e71/5842faf2_61f7_11eb_80eb_000c29cc4602_a1a4e4b4_6525_11eb_80eb_000c29cc4602.jpeg;https://lebuto.ru/catalog/aksessuary_1/obuv_1/obuv_dlya_plavaniya_chiocube_63281_013/;голубой;;текстиль, резина;;Аксессуары;Обувь
656;Обувь для плавания Chi 63281-014;40/41;300;220;0;https://lebuto.ru/upload/iblock/e8a/5fbad2ec_61f9_11eb_80eb_000c29cc4602_b3fe9479_6525_11eb_80eb_000c29cc4602.jpeg;https://lebuto.ru/catalog/aksessuary_1/obuv_1/obuv_dlya_plavaniya_chiocube_63281_014/;розовый;;текстиль, резина;;Аксессуары;Обувь
657;Обувь для плавания Chi 63281-016;40/41;300;220;0;https://lebuto.ru/upload/iblock/8f7/c8af0fa2_61fc_11eb_80eb_000c29cc4602_da339116_6525_11eb_80eb_000c29cc4602.jpeg;https://lebuto.ru/catalog/aksessuary_1/obuv_1/obuv_dlya_plavaniya_chiocube_63281_016/;мультиколор;;текстиль, резина;;Аксессуары;Обувь
658;Обувь для плавания Chiocube 63281-017;40/41;300;220;0;https://lebuto.ru/upload/iblock/cc9/ff0d1821_61fc_11eb_80eb_000c29cc4602_e97a77b0_6525_11eb_80eb_000c29cc4602.jpeg;https://lebuto.ru/catalog/aksessuary_1/obuv_1/obuv_dlya_plavaniya_chiocube_63281_017/;мультиколор;;текстиль, резина;;Аксессуары;Обувь
659;Обувь для плавания CI 66412 св.розовый;44/45;300;220;14.февр;https://lebuto.ru/upload/iblock/f44/9689451d_59bf_11e9_badb_000c29cc4602_bc0b9d65_5aa5_11e9_badb_000c29cc4602.jpeg;https://lebuto.ru/catalog/aksessuary_1/obuv_1/obuv_dlya_plavaniya_cituo_66412_sv_rozovyy/;св.розовый;;;;Аксессуары;Обувь
660;Очки BGA BA125 01A 58;one size;1800;1400;28.57;https://lebuto.ru/upload/iblock/801/7792a42b_2e7e_11e8_b359_000c29cc4602_da0b5f86_5114_11e9_badb_000c29cc4602.jpeg;https://lebuto.ru/catalog/aksessuary_1/ochki/ochki_balenciaga_ba125_01a_58/;;;;;Аксессуары;Очки
661;Очки G 886-2-2389-2643 4л;one size;1500;1200;22.81;https://lebuto.ru/upload/iblock/740/9aea7cd1_5a7f_11e4_9d7f_000c29cc4602_7b7901b3_511a_11e9_badb_000c29cc4602.jpeg;https://lebuto.ru/catalog/aksessuary_1/ochki/ochki_guarder_886_2_2389_2643_4l/;;;;;Аксессуары;Очки
662;Очки H H0302S 59 16-130 C-1;one size;2500;2000;22.22;https://lebuto.ru/upload/iblock/a0a/1b7cd4bf_702c_11e6_894d_000c29cc4602_fbe4dade_511b_11e9_badb_000c29cc4602.jpeg;https://lebuto.ru/catalog/aksessuary_1/ochki/ochki_hermes_h0302s_59_16_130_c_1/;Черный;;;;Аксессуары;Очки
663;Очки VSA0512 BLACK;;200;160;;https://lebuto.ru/upload/iblock/c1a/d1374qnflimurey3hn8a5by519ugvm5r/95873d82_1fc9_11ef_814b_000c29cc4602_dfbabaeb_b9f0_11ef_816a_000c29cc4602.jpg;https://lebuto.ru/catalog/aksessuary_1/ochki/ochki_vsa0512_black_1/;;;;;Аксессуары;Очки
664;Очки VSA0527 RED;one size;200;150;24.24;https://lebuto.ru/upload/iblock/c14/c1476d89ee79935b53b9bb303357db10.jpeg;https://lebuto.ru/catalog/aksessuary_1/ochki/ochki_vsa0527_red/;красный;;100% поликарбонат;;Аксессуары;Очки
665;Очки г/л GS 08827 color: 020;one size;2500;2000;28.89;https://lebuto.ru/upload/iblock/4ca/a69f8666_5963_11eb_80eb_000c29cc4602_49e91abb_5c69_11eb_80eb_000c29cc4602.jpeg;https://lebuto.ru/catalog/aksessuary_1/ochki/ochki_g_l_gsou_snow_08827_color_020/;Черный;;текстиль, пенополиуретан, поликарбонат;;Аксессуары;Очки
666;Очки г/л GS 08827 color: 023REVO;one size;2500;2000;28.89;https://lebuto.ru/upload/iblock/126/23cbd752_5967_11eb_80eb_000c29cc4602_2ec471d5_5bcd_11eb_80eb_000c29cc4602.jpeg;https://lebuto.ru/catalog/aksessuary_1/ochki/ochki_g_l_gsou_snow_08827_color_023revo/;оранжевый;;текстиль, пенополиуретан, поликарбонат;;Аксессуары;Очки
667;Очки г/л S.M.N. 99207 color: 060;one size;2500;2000;28.89;https://lebuto.ru/upload/iblock/c45/23d6b799_5965_11eb_80eb_000c29cc4602_55f4202b_5c6b_11eb_80eb_000c29cc4602.jpeg;https://lebuto.ru/catalog/aksessuary_1/ochki/ochki_g_l_s_m_n_99207_color_060/;Черный;;текстиль, пенополиуретан, поликарбонат;;Аксессуары;Очки
668;Очки г/л S.M.N. 99207 color: 061;one size;2500;2000;28.89;https://lebuto.ru/upload/iblock/1b3/08a1baa4_5966_11eb_80eb_000c29cc4602_b0178b22_5c68_11eb_80eb_000c29cc4602.jpeg;https://lebuto.ru/catalog/aksessuary_1/ochki/ochki_g_l_s_m_n_99207_color_061/;Синий;;текстиль, пенополиуретан, поликарбонат;;Аксессуары;Очки
669;Очки г/л S.M.N. 99207 color: 062;one size;2500;2000;28.89;https://lebuto.ru/upload/iblock/50d/d6d5acce_5964_11eb_80eb_000c29cc4602_5e7347f5_5c69_11eb_80eb_000c29cc4602.jpeg;https://lebuto.ru/catalog/aksessuary_1/ochki/ochki_g_l_s_m_n_99207_color_062/;желтый;;текстиль, пенополиуретан, поликарбонат;;Аксессуары;Очки
670;Очки г/л S.M.N. 99207 color: 063;one size;2500;2000;28.89;https://lebuto.ru/upload/iblock/4bc/89919e9e_5965_11eb_80eb_000c29cc4602_924dd50c_5c68_11eb_80eb_000c29cc4602.jpeg;https://lebuto.ru/catalog/aksessuary_1/ochki/ochki_g_l_s_m_n_99207_color_063/;цветная;;текстиль, пенополиуретан, поликарбонат;;Аксессуары;Очки
671;Очки г/л S.M.N. 99207 color: 064;one size;2500;2000;28.89;https://lebuto.ru/upload/iblock/76a/ca2c3265_5965_11eb_80eb_000c29cc4602_33ae9ffd_5c69_11eb_80eb_000c29cc4602.jpeg;https://lebuto.ru/catalog/aksessuary_1/ochki/ochki_g_l_s_m_n_99207_color_064/;Черный;;текстиль, пенополиуретан, поликарбонат;;Аксессуары;Очки
672;Пальто Cgo HS7607 color: D393;XL/50;3500;2800;20;https://lebuto.ru/upload/iblock/2e4/39efec87_1547_11e8_b359_000c29cc4602_6868073f_7db7_11e8_9f15_000c29cc4602.jpeg;https://lebuto.ru/catalog/zhenskaya_odezhda_1/palto_1/palto_na_sintepone/palto_chiago_hs7607_color_d393/;Серый;;полиэстер, шерсть;;Женская одежда;Пальто на синтепоне
673;Пальто DS 1588 т.син/капюшон енот;S::M;1500;990;окт.42;https://lebuto.ru/upload/iblock/3ff/909a29be_9e60_11e5_b9f9_000c29cc4602_3219675f_d6a8_11e5_894d_000c29cc4602.jpeg;https://lebuto.ru/catalog/zhenskaya_odezhda_1/palto_1/palto_zhenskie/palto_ds_1588_t_sin_kapyushon_enot/;темно-синий;;;;Женская одежда;Пальто женские
674;Пальто детское на синтепухе Famerly RACHEL (индиго принт/индиго);32::34::36::38;1250;990;20.авг;https://lebuto.ru/upload/iblock/bdb/a03115de_b7e3_11e3_9ffd_000c29cc46f8_2f1d0c22_5214_11e5_80e9_000c29cc4602.jpeg;https://lebuto.ru/catalog/devochkam_1/palto_2/palto_detskoe_na_sintepukhe_famerly_rachel_indigo_print_indigo_/;индиго;;100% полиэстер, наполнитель холлофайбер;;Девочкам;Пальто
675;Пальто жен утепл пух GERA чернобурка (баклажан);XS::S::XL;1500;990;24;https://lebuto.ru/upload/iblock/336/336e1268aff64a9ef1da394d33e790ef.jpeg;https://lebuto.ru/catalog/zhenskaya_odezhda_1/palto_1/palto_pukhovoe/palto_zhen_utepl_pukh_gera_chernoburka_baklazhan/;фиолетовый;;Материал верха : 100% полиэстер наполнитель: 90% пух 10% перо;;Женская одежда;Пальто пуховое
676;Пальто жен утепл пух GERA чернобурка (сер/голубой);XS;1500;990;24;https://lebuto.ru/upload/iblock/79a/79a3639fe6d2a3e9519d9975469c5f33.jpeg;https://lebuto.ru/catalog/zhenskaya_odezhda_1/palto_1/palto_pukhovoe/palto_zhen_utepl_pukh_gera_chernoburka_ser_goluboy/;голубой;;Материал верха : 100% полиэстер наполнитель: 90% пух 10% перо;;Женская одежда;Пальто пуховое
677;Пальто жен утепл пух GERA чернобурка (чернильный);XS::XL;1500;990;24;https://lebuto.ru/upload/iblock/66e/3t1i3o574htm1gwd2u73k4rdq33aiy6k/2661e81b_e162_4339_b69e_3c0db4c32fb9_50d9530a_a3ff_11ec_811e_000c29cc4602.jpeg;https://lebuto.ru/catalog/zhenskaya_odezhda_1/palto_1/palto_pukhovoe/palto_zhen_utepl_pukh_gera_chernoburka_chernilnyy/;чернильный;;Материал верха : 100% полиэстер наполнитель: 90% пух 10% перо;;Женская одежда;Пальто пуховое
678;Пальто жен утепл пух GERA чернобурка (черный);XS;1500;990;24;https://lebuto.ru/upload/iblock/27d/guu2qcbxeis0y6s1z6nq8v8zouvip30g/b4d4d78d_0bb5_4f85_b84c_3818652f9fa2_67e50ac6_a3ff_11ec_811e_000c29cc4602.jpeg;https://lebuto.ru/catalog/zhenskaya_odezhda_1/palto_1/palto_pukhovoe/palto_zhen_utepl_pukh_gera_chernoburka_chernyy/;Черный;;Материал верха : 100% полиэстер наполнитель: 90% пух 10% перо;;Женская одежда;Пальто пуховое
679;Пальто жен. Serpantin-3 черный (синтепон);2XL::S;1100;880;;https://lebuto.ru/upload/iblock/afb/7ro0o61v2rle1j8a8eyno8g68q0etjh5/a70f1e25_b7e6_11e3_9ffd_000c29cc46f8_a63ea276_b782_11ef_816a_000c29cc4602.jpg;https://lebuto.ru/catalog/zhenskaya_odezhda_1/palto_1/palto_na_sintepone/palto_zhen_serpantin_3_chernyy_sintepon/;Черный;;100% полиэстер, наполнитель холлофайбер;;Женская одежда;Пальто на синтепоне
680;Пальто женское H&M 126108 св.синий;S::M::L::XL;1500;990;33.97;https://lebuto.ru/upload/iblock/d69/opwizbntp03yvlo17k5twg6pk3kewluo/de36b4e1_121b_11ed_812b_000c29cc4602_f2441da3_1c5a_11ed_812b_000c29cc4602.jpeg;https://lebuto.ru/catalog/zhenskaya_odezhda_1/palto_1/palto_zhenskie/palto_zhenskoe_h_m_126108_sv_siniy/;св.синий;;;;Женская одежда;Пальто женские
681;Пальто женское H&M 126108 хаки;M::L::XL;1500;990;33.97;https://lebuto.ru/upload/iblock/d88/51cwpvqprhlaiebmsf5czaxzpqsgx0e7/6fe47862_121b_11ed_812b_000c29cc4602_020ba7de_1c5b_11ed_812b_000c29cc4602.jpeg;https://lebuto.ru/catalog/zhenskaya_odezhda_1/palto_1/palto_zhenskie/palto_zhenskoe_h_m_126108_khaki/;хаки;;;;Женская одежда;Пальто женские
682;Пальто женское демисезонное Merlion Sheila шоколад;52;1500;990;35.71;https://lebuto.ru/upload/iblock/656/656496b7907ea7a3d877e9099555601a.jpeg;https://lebuto.ru/catalog/zhenskaya_odezhda_1/palto_1/palto_na_sintepone/palto_zhenskoe_demisezonnoe_merlion_sheila_shokolad/;коричневый;;Ткань верха: 100% полиэстер подклад: 100% полиэстер утеплитель: 100% холлофил;;Женская одежда;Пальто на синтепоне
683;Пальто женское зимнее Merlion Nola бежевый;S;1500;990;24;https://lebuto.ru/upload/iblock/b5a/b5ab93bf672dba3adc3996fcf084ccb3.jpeg;https://lebuto.ru/catalog/zhenskaya_odezhda_1/palto_1/palto_zimnee/palto_zhenskoe_zimnee_merlion_nola_bezhevyy/;бежевый;;Ткань верха: 100% полиэстер подклад: 100% полиэстер утеплитель: 100% холлофайбер;;Женская одежда;Пальто зимнее
684;Пальто женское зимнее Merlion Patricia (зеленый) енот натур;XS::S::M::XL;1500;990;24;https://lebuto.ru/upload/iblock/316/316ceb148eb833f910c3467743d60267.jpeg;https://lebuto.ru/catalog/zhenskaya_odezhda_1/palto_1/palto_pukhovoe/palto_zhenskoe_zimnee_merlion_patricia_zelenyy_enot_natur/;зеленый;;ткань верха: 100% полиэстер, подклад: 100% полиэстер, наполнитель: 90% пух, 10% перо, опушка: енот;;Женская одежда;Пальто пуховое
685;Пальто женское зимнее Merlion Patricia (золото) енот натур;XS::S::L::XL;1500;990;24;https://lebuto.ru/upload/iblock/f8b/f8b4e2d2ae669f834d18328f52ffeb61.jpeg;https://lebuto.ru/catalog/zhenskaya_odezhda_1/palto_1/palto_pukhovoe/palto_zhenskoe_zimnee_merlion_patricia_zoloto_enot_natur/;золотой;;ткань верха: 100% полиэстер, подклад: 100% полиэстер, наполнитель: 90% пух, 10% перо, опушка: енот;;Женская одежда;Пальто пуховое
686;Пальто женское зимнее Merlion Patricia (св.золото) енот натур;XS::S::M::L;1500;990;24;https://lebuto.ru/upload/iblock/68b/68bbd4cd7c71ed9d09704da8e57a0449.jpeg;https://lebuto.ru/catalog/zhenskaya_odezhda_1/palto_1/palto_pukhovoe/palto_zhenskoe_zimnee_merlion_patricia_sv_zoloto_enot_natur/;золотой;;ткань верха: 100% полиэстер, подклад: 100% полиэстер, наполнитель: 90% пух, 10% перо, опушка: енот;;Женская одежда;Пальто пуховое
687;Пальто женское зимнее Merlion Patricia (черный) енот натур;S;1500;990;24;https://lebuto.ru/upload/iblock/5f6/5f62907702b200be23d4f9bafd7feaab.jpeg;https://lebuto.ru/catalog/zhenskaya_odezhda_1/palto_1/palto_pukhovoe/palto_zhenskoe_zimnee_merlion_patricia_chernyy_enot_natur/;Черный;;ткань верха: 100% полиэстер, подклад: 100% полиэстер, наполнитель: 90% пух, 10% перо, опушка: енот;;Женская одежда;Пальто пуховое
688;Пальто женское зимнее Merlion Tracy (бежевый);S::M::XL::2XL;2900;1500;44.24;https://lebuto.ru/upload/iblock/9cd/32092a71_2180_11e6_894d_000c29cc4602_53174ff9_3438_11e6_894d_000c29cc4602.jpeg;https://lebuto.ru/catalog/zhenskaya_odezhda_1/palto_1/palto_zimnee/palto_zhenskoe_zimnee_merlion_tracy_bezhevyy_/;бежевый;;Ткань верха: 100% нейлон подклад: 100% полиэстер утеплитель: 100% холлофайбер;;Женская одежда;Пальто зимнее
689;Пальто женское зимнее Merlion Tracy (св.серый);S::XL;2900;1500;44.24;https://lebuto.ru/upload/iblock/c74/c74345a31deb1a50b382136c52df906c.jpeg;https://lebuto.ru/catalog/zhenskaya_odezhda_1/palto_1/palto_zimnee/palto_zhenskoe_zimnee_merlion_tracy_sv_seryy_/;Серый;;Ткань верха: 100% нейлон подклад: 100% полиэстер утеплитель: 100% холлофайбер;;Женская одежда;Пальто зимнее
690;Пальто женское пуховое Merlion В-520 (коричневый);XS::S;1500;990;24;https://lebuto.ru/upload/iblock/606/606fa7ecae95a8f2142978dd9abcda32.jpeg;https://lebuto.ru/catalog/zhenskaya_odezhda_1/palto_1/palto_pukhovoe/palto_zhenskoe_pukhovoe_merlion_v_520_korichnevyy/;коричневый;;верх: 100% полиэстер, наполнитель: 90% пух 10% перо, подклад: 100% полиэстер;;Женская одежда;Пальто пуховое
691;Пальто женское пуховое Merlion В-520 (черный);M::XS::S;1500;990;20.27;https://lebuto.ru/upload/iblock/6ec/6ec42c05420ac14b805f25253d65f453.jpeg;https://lebuto.ru/catalog/zhenskaya_odezhda_1/palto_1/palto_pukhovoe/palto_zhenskoe_pukhovoe_merlion_v_520_chernyy/;Черный;;верх: 100% полиэстер, наполнитель: 90% пух 10% перо, подклад: 100% полиэстер;;Женская одежда;Пальто пуховое
692;Пальто женское пуховое Merlion В-546 (черный);XS;1500;990;34;https://lebuto.ru/upload/iblock/971/971d92e88aaf4b964236616260b129d4.jpeg;https://lebuto.ru/catalog/zhenskaya_odezhda_1/palto_1/palto_pukhovoe/palto_zhenskoe_pukhovoe_merlion_v_546_chernyy/;Черный;;верх: 100% полиэстер, наполнитель: 90% пух 10% перо, подклад: 100% полиэстер;;Женская одежда;Пальто пуховое
693;Пальто женское утеп. пух. ANITA (серый) чернобурка;XS;3700;2900;21.62;https://lebuto.ru/upload/iblock/ffd/ffde8e4d5f6755cd72d4411ea155782f.jpeg;https://lebuto.ru/catalog/zhenskaya_odezhda_1/palto_1/palto_pukhovoe/palto_zhenskoe_utep_pukh_anita_seryy_chernoburka/;Серый;;Материал верха : 100% полиэстер наполнитель: 90% пух 10% перо;;Женская одежда;Пальто пуховое
694;Пальто женское утеп. пух. ANITA (синий) чернобурка;XS;3700;2900;21.62;https://lebuto.ru/upload/iblock/93a/93aa24c759d526b3b093a3607e569d67.jpeg;https://lebuto.ru/catalog/zhenskaya_odezhda_1/palto_1/palto_pukhovoe/palto_zhenskoe_utep_pukh_anita_siniy_chernoburka/;Синий;;;;Женская одежда;Пальто пуховое
695;Пальто женское утеп. пух. ANITA (черный) б/м;XS::S;1500;990;;https://lebuto.ru/upload/iblock/cc0/kz0sa849mnlfqxz6kepjcnzpxu39fcca/7ca75c06_2efa_4a09_b2f5_d4d59b2bb72e_721e7f7f_b783_11ef_816a_000c29cc4602.jpg;https://lebuto.ru/catalog/zhenskaya_odezhda_1/palto_1/palto_pukhovoe/palto_zhenskoe_utep_pukh_anita_chernyy_b_m/;Черный;;Материал верха : 100% полиэстер наполнитель: 90% пух 10% перо;;Женская одежда;Пальто пуховое
696;Пальто женское утеп. пух. CANDI (шоколад) енот натуральный;S::XS;1900;990;21.май;https://lebuto.ru/upload/iblock/f39/a70f1e47_b7e6_11e3_9ffd_000c29cc46f8_62a2dc6d_0cf5_11e4_8fca_000c29cc4602.jpeg;https://lebuto.ru/catalog/zhenskaya_odezhda_1/palto_1/palto_pukhovoe/palto_zhenskoe_utep_pukh_candi_shokolad_enot_naturalnyy/;шоколад;;Материал верха : 100% полиэстер подклад: 100% полиэстер, наполнитель: 90% пух 10% перо, опушка: натуральный енот.;;Женская одежда;Пальто пуховое
697;Пальто женское утеп. пух. ELIGAN (золото) чернобурка;XS;3700;2900;21.62;https://lebuto.ru/upload/iblock/7da/7daf05a2c20181b5a3b6ec1a973f678e.jpeg;https://lebuto.ru/catalog/zhenskaya_odezhda_1/palto_1/palto_pukhovoe/palto_zhenskoe_utep_pukh_eligan_zoloto_chernoburka/;бежевый;;Материал верха : 100% полиэстер наполнитель: 90% пух 10% перо;;Женская одежда;Пальто пуховое
698;Пальто женское утеп. пух. ELIGAN (серебро) чернобурка;XS;3700;2900;21.62;https://lebuto.ru/upload/iblock/6fd/6fda8f7cfba000c8764403ed1f35769f.jpeg;https://lebuto.ru/catalog/zhenskaya_odezhda_1/palto_1/palto_pukhovoe/palto_zhenskoe_utep_pukh_eligan_serebro_chernoburka/;Серый;;Материал верха : 100% полиэстер наполнитель: 90% пух 10% перо;;Женская одежда;Пальто пуховое
699;Пальто женское утеп. пух. GRACE1 чернобурка (т/синий);XS::L::S;3000;1200;21.62;https://lebuto.ru/upload/iblock/82a/82a80fbc3b4c79f5ea956f3690bcd97f.jpeg;https://lebuto.ru/catalog/zhenskaya_odezhda_1/palto_1/palto_pukhovoe/palto_zhenskoe_utep_pukh_grace1_chernoburka_t_siniy/;Синий;;Материал верха : 100% полиэстер наполнитель: 90% пух 10% перо;;Женская одежда;Пальто пуховое
700;Пальто женское утеп. пух. GRACE1 чернобурка (черный);XL::XS;3000;1200;21.62;https://lebuto.ru/upload/iblock/d3a/d3ad7bfbbb8eab36f025e3536a3d9cd3.jpeg;https://lebuto.ru/catalog/zhenskaya_odezhda_1/palto_1/palto_pukhovoe/palto_zhenskoe_utep_pukh_grace1_chernoburka_chernyy/;Черный;;Материал верха : 100% полиэстер наполнитель: 90% пух 10% перо;;Женская одежда;Пальто пуховое
701;Пальто женское утеп. пух. KARINA енот натур. (бордо);XS;2500;1900;24;https://lebuto.ru/upload/iblock/8fd/8fd81181746ab626858a1914e5fa4437.jpeg;https://lebuto.ru/catalog/zhenskaya_odezhda_1/palto_1/palto_pukhovoe/palto_zhenskoe_utep_pukh_karina_enot_natur_bordo/;бордовый;;Материал верха : 100% полиэстер наполнитель: 90% пух 10% перо;;Женская одежда;Пальто пуховое
702;Пальто женское утеп. пух. KARINA енот натур. (хаки);XS::XL;2500;1900;24;https://lebuto.ru/upload/iblock/c91/c9126d3b1e0fc49ccb26884d513f36e4.jpeg;https://lebuto.ru/catalog/zhenskaya_odezhda_1/palto_1/palto_pukhovoe/palto_zhenskoe_utep_pukh_karina_enot_natur_khaki/;хаки;;Материал верха : 100% полиэстер наполнитель: 90% пух 10% перо;;Женская одежда;Пальто пуховое
703;Пальто женское утеп. пух. KARINA1 чернобурка (синий);XS::S::XL;3700;2900;21.62;https://lebuto.ru/upload/iblock/b84/b84b318d12c664759dc6a7f804a508f3.jpeg;https://lebuto.ru/catalog/zhenskaya_odezhda_1/palto_1/palto_pukhovoe/palto_zhenskoe_utep_pukh_karina1_chernoburka_siniy/;Синий;;Материал верха : 100% полиэстер наполнитель: 90% пух 10% перо;;Женская одежда;Пальто пуховое
704;Пальто женское утеп. пух. KARINA1 чернобурка (черный);XS::XL;3700;2900;21.62;https://lebuto.ru/upload/iblock/ca8/ca853545554e68eeb866523e9f5d28e3.jpeg;https://lebuto.ru/catalog/zhenskaya_odezhda_1/palto_1/palto_pukhovoe/palto_zhenskoe_utep_pukh_karina1_chernoburka_chernyy/;Черный;;Материал верха : 100% полиэстер наполнитель: 90% пух 10% перо;;Женская одежда;Пальто пуховое
705;Пальто женское утеп. пух. MILANA1 чернобурка (изумруд);XS;3000;2000;21.62;https://lebuto.ru/upload/iblock/042/0424d0d9e4d3ff0cc4e329cf87043484.jpeg;https://lebuto.ru/catalog/zhenskaya_odezhda_1/palto_1/palto_pukhovoe/palto_zhenskoe_utep_pukh_milana1_chernoburka_izumrud/;зеленый;61;Материал верха : 100% полиэстер наполнитель: 90% пух 10% перо;;Женская одежда;Пальто пуховое
706;Пальто женское утеп. пух. MILANA1 чернобурка (черный);XS::ХL;3000;2000;20;https://lebuto.ru/upload/iblock/5ec/4pxpuy65xvuicb6q55rz14n0zjc81mfp/ad09b513_b7e6_11e3_9ffd_000c29cc46f8_cc13b0fa_a400_11ec_811e_000c29cc4602.jpeg;https://lebuto.ru/catalog/zhenskaya_odezhda_1/palto_1/palto_pukhovoe/palto_zhenskoe_utep_pukh_milana1_chernoburka_chernyy/;Черный;;Материал верха : 100% полиэстер наполнитель: 90% пух 10% перо;;Женская одежда;Пальто пуховое
707;Пальто женское утеп. пух. MILANA1 чернобурка голубой(сер/голуб);XS;3000;2000;21.62;https://lebuto.ru/upload/iblock/c68/c6889835e5534d58eb411188c1bc8efd.jpeg;https://lebuto.ru/catalog/zhenskaya_odezhda_1/palto_1/palto_pukhovoe/palto_zhenskoe_utep_pukh_milana1_chernoburka_goluboy_ser_golub/;голубой;;Материал верха : 100% полиэстер наполнитель: 90% пух 10% перо;;Женская одежда;Пальто пуховое
708;Пальто женское утеп. пух. MIRA черный песец (черный);XS;2500;1900;24;https://lebuto.ru/upload/iblock/2fe/2fe236263f9efc53c6c40676ea739726.jpeg;https://lebuto.ru/catalog/zhenskaya_odezhda_1/palto_1/palto_pukhovoe/palto_zhenskoe_utep_pukh_mira_chernyy_pesets_chernyy/;Черный;;Материал верха : 100% полиэстер наполнитель: 90% пух 10% перо;;Женская одежда;Пальто пуховое
709;Пальто женское утеп. пух. SABRINA чернобурка (черный);XS::XL::S::L;3500;2500;21.62;https://lebuto.ru/upload/iblock/4d1/4d19189ce2d37f48f710e68bbaa89f41.jpeg;https://lebuto.ru/catalog/zhenskaya_odezhda_1/palto_1/palto_pukhovoe/palto_zhenskoe_utep_pukh_sabrina_chernoburka_chernyy/;Черный;;Материал верха : 100% полиэстер наполнитель: 90% пух 10% перо;;Женская одежда;Пальто пуховое
710;Пальто женское утеп. пух. SANDRA (молочный) б/м;S::XS;1500;990;24;https://lebuto.ru/upload/iblock/f1e/5ec4bd84_b7e3_11e3_9ffd_000c29cc46f8_6260c083_ff44_11e7_9fe4_000c29cc4602.jpeg;https://lebuto.ru/catalog/zhenskaya_odezhda_1/palto_1/palto_pukhovoe/palto_zhenskoe_utep_pukh_sandra_molochnyy_b_m/;молочный;;Материал верха : 100% полиэстер наполнитель: 90% пух 10% перо;;Женская одежда;Пальто пуховое
711;Пальто женское утеп. пух. SANDRA (черный) енот;S::XS;2500;1200;24;https://lebuto.ru/upload/iblock/cb6/h7st4qsx41pbc63j72xby6k4cm8ae3g5/dc9bf560_b7e2_11e3_9ffd_000c29cc46f8_f6d9567d_3a42_11ed_812b_000c29cc4602.jpeg;https://lebuto.ru/catalog/zhenskaya_odezhda_1/palto_1/palto_pukhovoe/palto_zhenskoe_utep_pukh_sandra_chernyy_enot/;Черный;;Материал верха : 100% полиэстер подклад: 100% полиамид наполнитель: 95% гусиный пух 5% перо.;;Женская одежда;Пальто пуховое
712;Пальто женское утеп. пух. TOMA (серый) енот натуральный;XS;1500;990;24;https://lebuto.ru/upload/iblock/1f8/1f8b807be49b1b596ac9eda0ecab31cc.jpeg;https://lebuto.ru/catalog/zhenskaya_odezhda_1/palto_1/palto_pukhovoe/palto_zhenskoe_utep_pukh_toma_seryy_enot_naturalnyy/;Серый;;верх: 100% полиэстер, наполнитель: 90% пух 10% перо, подклад: 100% полиэстер;;Женская одежда;Пальто пуховое
713;Пальто женское утеп. пух. TOMA (черный) енот черный;XS;1500;990;24;https://lebuto.ru/upload/iblock/fa3/fa3bab0c23c251bb0998193c9c63fc68.jpeg;https://lebuto.ru/catalog/zhenskaya_odezhda_1/palto_1/palto_pukhovoe/palto_zhenskoe_utep_pukh_toma_chernyy_enot_chernyy/;Черный;;верх: 100% полиэстер, наполнитель: 90% пух 10% перо, подклад: 100% полиэстер;;Женская одежда;Пальто пуховое
714;Пальто женское утеп. пух. TOMA (черный) чернобурка;XS::S;2000;1200;21.62;https://lebuto.ru/upload/iblock/5a1/5a1f8eb52fdc3c4cab99dfc9d2c41f28.jpeg;https://lebuto.ru/catalog/zhenskaya_odezhda_1/palto_1/palto_pukhovoe/palto_zhenskoe_utep_pukh_toma_chernyy_chernoburka/;Черный;;Материал верха : 100% полиэстер наполнитель: 90% пух 10% перо;;Женская одежда;Пальто пуховое
715;Пальто женское утеп. пух. VIOLA (черный) енот натуральный;XS::S;2500;1900;24;https://lebuto.ru/upload/iblock/fc6/fc671bb6768f4eadcb5b60e9e2e10a8a.jpeg;https://lebuto.ru/catalog/zhenskaya_odezhda_1/palto_1/palto_pukhovoe/palto_zhenskoe_utep_pukh_viola_chernyy_enot_naturalnyy/;Черный;;верх: 100% полиэстер, наполнитель: 90% пух 10% перо, подклад: 100% полиэстер;;Женская одежда;Пальто пуховое
716;Пальто женское утеп. пух. VIOLA (черный) енот черный;XS::S;2500;1900;24;https://lebuto.ru/upload/iblock/6e0/6277c487_5dd8_11e5_bf6b_000c29cc4602_54e7c141_743b_11e8_9f15_000c29cc4602.jpeg;https://lebuto.ru/catalog/zhenskaya_odezhda_1/palto_1/palto_pukhovoe/palto_zhenskoe_utep_pukh_viola_chernyy_enot_chernyy/;Черный;;верх: 100% полиэстер, наполнитель: 90% пух 10% перо, подклад: 100% полиэстер;;Женская одежда;Пальто пуховое
717;Пальто женское утеп. пух. VIOLA1 чернобурка (черный);XS;3700;2900;21.62;https://lebuto.ru/upload/iblock/561/56176f8b895af281fef2e48a7a842098.jpeg;https://lebuto.ru/catalog/zhenskaya_odezhda_1/palto_1/palto_pukhovoe/palto_zhenskoe_utep_pukh_viola1_chernoburka_chernyy/;Черный;;Материал верха : 100% полиэстер наполнитель: 90% пух 10% перо;;Женская одежда;Пальто пуховое
718;Пальто зимнее женское Merlion М-559 (бежевый);XS::S;1000;800;27.78;https://lebuto.ru/upload/iblock/017/8fcabe23_2a22_11e7_ada6_000c29cc4602_b71b7a74_91f4_11e7_8967_000c29cc4602.jpeg;https://lebuto.ru/catalog/zhenskaya_odezhda_1/palto_1/palto_zimnee/palto_zimnee_zhenskoe_merlion_m_559_bezhevyy/;бежевый;;верх: 100% полиэстер, подклад: 100% полиэстер, наполнитель: 100% полиэстер;;Женская одежда;Пальто зимнее
719;Пальто зимнее женское Б/Н 54405 бежевый /енот;M::S;3500;2800;26.67;https://lebuto.ru/upload/iblock/d47/a73b1654_caca_11e8_a291_000c29cc4602_c2591c00_d05a_11e8_a291_000c29cc4602.jpeg;https://lebuto.ru/catalog/zhenskaya_odezhda_1/palto_1/palto_zimnee/palto_zimnee_zhenskoe_b_n_54405_bezhevyy/;бежевый;;верх: 100% полиэстер, подклад: 100% полиэстер, наполнитель: 100% полиэстер, опушка: енот;;Женская одежда;Пальто зимнее
720;Пальто на синтепоне ICE PEAK 4508 т.коричневый;36;900;500;;https://lebuto.ru/upload/iblock/0fb/1ibr50rfoh9bhw6i1dbq2b7savmqhu2z/82cc8f01_340f_11e4_ad65_000c29cc4602_5393e1ab_b784_11ef_816a_000c29cc4602.jpg;https://lebuto.ru/catalog/zhenskaya_odezhda_1/palto_1/palto_na_sintepone/palto_na_sintepone_ice_peak_4508_t_korichnevyy/;коричневый;;Материал верха: 100% полиамид, подклад: 100% полиэстер, наполнитель: 100% полиэстер (синтепон), искуственный мех.;;Женская одежда;Пальто на синтепоне
721;Пальто пух. жен. ADELE енот натур. (баклажан);XS;3700;2900;21.62;https://lebuto.ru/upload/iblock/d58/d58d7ec034ac3dc40d3d7f337b654a7c.jpeg;https://lebuto.ru/catalog/zhenskaya_odezhda_1/palto_1/palto_pukhovoe/palto_pukh_zhen_adele_enot_natur_baklazhan/;фиолетовый;;верх: 100% полиэстер, подклад: 100% полиэстер, наполнитель: 90% пух, 10% перо, опушка: енот;;Женская одежда;Пальто пуховое
722;Пальто пух. жен. ADELE енот натур. (сливовый);XS::S;3700;2900;21.62;https://lebuto.ru/upload/iblock/3f3/hhq8bffkwhzp9kxe4liwj1zootu2qbqb/79f22e49_527c_11ec_8101_000c29cc4602_fe0d3215_9ad2_11ec_811e_000c29cc4602.jpeg;https://lebuto.ru/catalog/zhenskaya_odezhda_1/palto_1/palto_pukhovoe/palto_pukh_zhen_adele_enot_natur_slivovyy/;розовый;;;;Женская одежда;Пальто пуховое
723;Пальто пух. жен. ADELE черноб. серебро (баклажан);XS;3700;2900;21.62;https://lebuto.ru/upload/iblock/716/716aac5ea0c755c6cb225d64a943a064.jpeg;https://lebuto.ru/catalog/zhenskaya_odezhda_1/palto_1/palto_pukhovoe/palto_pukh_zhen_adele_chernob_serebro_baklazhan/;Синий;;Материал верха : 100% полиэстер наполнитель: 90% пух 10% перо;;Женская одежда;Пальто пуховое
724;Пальто пух. жен. ADELE черноб. серебро (брусника);XS;3700;2900;21.62;https://lebuto.ru/upload/iblock/278/2786a8f77808d83736b553cc5c8f3826.jpeg;https://lebuto.ru/catalog/zhenskaya_odezhda_1/palto_1/palto_pukhovoe/palto_pukh_zhen_adele_chernob_serebro_brusnika/;бордовый;;Материал верха : 100% полиэстер наполнитель: 90% пух 10% перо;;Женская одежда;Пальто пуховое
725;Пальто пух. жен. ADELE черноб. серебро (черный);XS;3700;2900;21.62;https://lebuto.ru/upload/iblock/bee/beedadf6565ce5725f8fa6dd06684660.jpeg;https://lebuto.ru/catalog/zhenskaya_odezhda_1/palto_1/palto_pukhovoe/palto_pukh_zhen_adele_chernob_serebro_chernyy/;Черный;;Материал верха : 100% полиэстер наполнитель: 90% пух 10% перо;;Женская одежда;Пальто пуховое
726;Пальто пух. жен. Грейс енот натур. (шоколад);S::XS;2400;1500;37.5;https://lebuto.ru/upload/iblock/5bc/5bc1d02611c7d745fbb49c08c6b6df08.jpeg;https://lebuto.ru/catalog/zhenskaya_odezhda_1/palto_1/palto_pukhovoe/palto_pukh_zhen_greys_enot_natur_shokolad/;коричневый;;Материал верха : 100% полиэстер наполнитель: 90% пух 10% перо;;Женская одежда;Пальто пуховое
727;Пальто пуховое BRY 3481 черный;;5500;4400;;https://lebuto.ru/upload/iblock/174/xvfsd37sf7vqxqavc4xkde0ow3f15mvx/a6aa07cd_005d_11ef_8146_000c29cc4602_efc1ef97_b79f_11ef_816a_000c29cc4602.jpg;https://lebuto.ru/catalog/zhenskaya_odezhda_1/palto_1/palto_pukhovoe/palto_pukhovoe_bry_3481_chernyy/;;;;;Женская одежда;Пальто пуховое
728;Пальто пуховое Sge SID-N707/N413;;3900;3120;;https://lebuto.ru/upload/iblock/eaa/9ylkuxo8xplbt40ulyx7je21jg0ojv2k/1993837b_005c_11ef_8146_000c29cc4602_798dfd6a_b863_11ef_816a_000c29cc4602.jpg;https://lebuto.ru/catalog/zhenskaya_odezhda_1/palto_1/palto_pukhovoe/palto_pukhovoe_sge_sid_n707_n413/;;;;;Женская одежда;Пальто пуховое
729;Пальто пуховое женское Cgo JF9663 col: NT22;;5900;4720;;https://lebuto.ru/upload/iblock/2e9/qzks3go4d480mk3pm5nfyoi85rbd4owx/f90c9741_0073_11ef_8146_000c29cc4602_d1e9da30_b864_11ef_816a_000c29cc4602.jpg;https://lebuto.ru/catalog/zhenskaya_odezhda_1/palto_1/palto_pukhovoe/palto_pukhovoe_zhenskoe_cgo_jf9663_col_nt22/;;;;;Женская одежда;Пальто пуховое
730;Парка CG 4566 розовый;L;5900;4720;20;https://lebuto.ru/upload/iblock/5a7/9333vfy2a48wu73kaej7o12f4thphh13/2a264063_466b_11ea_80e2_000c29cc4602_c81dfd9d_505d_11ec_8101_000c29cc4602.jpeg;https://lebuto.ru/catalog/muzhskaya_odezhda_1/kurtki/kurtki_zimnie/parka_cg_4566_rozovyy/;;;;;Мужская одежда;Куртки зимние
731;Парка HE XYTC8479-1 цвет №1003 енот;152::158::134::140::146;3700;2900;20;https://lebuto.ru/upload/iblock/ecd/e4f6f630_efc6_11e9_80dd_000c29cc4602_894a5422_ff95_11e9_80df_000c29cc4602.jpeg;https://lebuto.ru/catalog/devochkam_1/kurtki_plashchi_1/kurtki_zimnie_4/parka_high_experience_xytc8479_1_tsvet_1003_enot/;бирюзовый;;верх: 100% полиэстер, подклад: 100% полиэстер, наполнитель: 100% полиэстер, опушка: натуральный енот;;Девочкам;Куртки зимние
732;Парка HE XYTC8479-1 цвет №1010 енот;134::164;2900;2320;20;https://lebuto.ru/upload/iblock/eaa/d64a50bb_efc7_11e9_80dd_000c29cc4602_6f3882f1_0531_11ea_80df_000c29cc4602.jpeg;https://lebuto.ru/catalog/devochkam_1/kurtki_plashchi_1/kurtki_zimnie_4/parka_high_experience_xytc8479_1_tsvet_1010_enot/;голубой;;верх: 100% полиэстер, подклад: 100% полиэстер, наполнитель: 100% полиэстер, опушка: натуральный енот;;Девочкам;Куртки зимние
733;Парка HE XYTC8479-1 цвет №5015 енот;134::140;3500;2750;20;https://lebuto.ru/upload/iblock/e1b/59cad4a4_efc7_11e9_80dd_000c29cc4602_85ab73cb_0531_11ea_80df_000c29cc4602.jpeg;https://lebuto.ru/catalog/devochkam_1/kurtki_plashchi_1/kurtki_zimnie_4/parka_high_experience_xytc8479_1_tsvet_5015_enot/;оранжевый;;верх: 100% полиэстер, подклад: 100% полиэстер, наполнитель: 100% полиэстер, опушка: натуральный енот;;Девочкам;Куртки зимние
734;Парка HE XYTG8481-1 цвет №1003;146;2900;2320;20;https://lebuto.ru/upload/iblock/9d6/b5704966_c09f_11e8_9f15_000c29cc4602_5271e91a_e884_11e8_abe6_000c29cc4602.jpeg;https://lebuto.ru/catalog/devochkam_1/kurtki_plashchi_1/kurtki_zimnie_4/parka_detskaya_high_experience_xytg8481_1_tsvet_1003/;бирюзовый;;верх: 100% полиэстер, подклад: 100% полиэстер (искусственный мех), наполнитель: 100% полиэстер (SUSTANS), опушка: енот;;Девочкам;Куртки зимние
735;Парка HE XYTG8481-1 цвет №4022;134;2900;2320;20;https://lebuto.ru/upload/iblock/9d1/df64ce06_f0bc_11e9_80dd_000c29cc4602_a8acffad_ff95_11e9_80df_000c29cc4602.jpeg;https://lebuto.ru/catalog/devochkam_1/kurtki_plashchi_1/kurtki_zimnie_4/parka_high_experience_xytg8481_1_tsvet_4022/;красный;;верх: 100% полиэстер, подклад: 100% полиэстер, наполнитель: 100% полиэстер, опушка: натуральный енот;;Девочкам;Куртки зимние
736;Парка WR 750338 color: B01;;3500;2800;;https://lebuto.ru/upload/iblock/214/uw6f8e4vrsu5uf1y8jzhcpl882u9044h/c9bb64b8_0071_11ef_8146_000c29cc4602_64fd5c58_b785_11ef_816a_000c29cc4602.jpg;https://lebuto.ru/catalog/zhenskaya_odezhda_1/kurtki_1/kurtki_zimnie_parki/parka_wr_750338_color_b01/;;;;Детали : застежка на молнию закрыта планкой на кнопках, съемный капюшон с утяжкой, трикотажные манжеты в рукавах, четыре внешних кармана, два кармана внутри, по бокам объем регулируется молниями. р.S/42 замеры по изделию: ширина груди 52, ширина талии 54, ширина бедер 56, длина рукава 61, длина спины 105;Женская одежда;Куртки зимние, парки
737;Парка WR 770820 color: P06;38/140::40/146::44/158::46/164;3200;2560;20;https://lebuto.ru/upload/iblock/87b/66b2bb42_e1e6_11ea_80e9_000c29cc4602_a41bc329_0c45_11eb_80e9_000c29cc4602.jpeg;https://lebuto.ru/catalog/devochkam_1/kurtki_plashchi_1/kurtki_zimnie_4/parka_whs_roma_770820_color_p06/;св.розовый;;верх: 100% полиэстер, подклад: 100% полиэстер, наполнитель: 100% полиэстер;;Девочкам;Куртки зимние
738;Парка WR 770822 color: Y04;36/134;3200;256;20.76;https://lebuto.ru/upload/iblock/b3a/7896c977_e1e5_11ea_80e9_000c29cc4602_ca480d8c_0c45_11eb_80e9_000c29cc4602.jpeg;https://lebuto.ru/catalog/devochkam_1/kurtki_plashchi_1/kurtki_zimnie_4/parka_whs_roma_770822_color_y04/;желтый;;верх: 100% полиэстер, наполнитель: 100% полиэстер, подклад: 100% полиэстер, опушка: искусственный мех;;Девочкам;Куртки зимние
739;Парка демисезонная для девочки Merlion JOYCE (голубой);36::38;1300;990;34.21;https://lebuto.ru/upload/iblock/2e4/836afe3d_0d6f_11e8_9fe4_000c29cc4602_b0a2b09f_16d8_11e8_b359_000c29cc4602.jpeg;https://lebuto.ru/catalog/devochkam_1/kurtki_plashchi_1/kurtki_plashchi_dlya_devochek/parka_demisezonnaya_dlya_devochki_merlion_joyce_goluboy/;голубой;;верх: 100% полиамид, подклад: 100% полиэстер, утеплитель: 100% холлофил;;Девочкам;Куртки, плащи для девочек
740;Парка демисезонная для девочки Merlion JOYCE (зеленый);36;1300;990;33.9;https://lebuto.ru/upload/iblock/aa0/5d3d3466_0d6e_11e8_9fe4_000c29cc4602_cb25e1e0_16d8_11e8_b359_000c29cc4602.jpeg;https://lebuto.ru/catalog/devochkam_1/kurtki_plashchi_1/kurtki_plashchi_dlya_devochek/parka_demisezonnaya_dlya_devochki_merlion_joyce_zelenyy/;зеленый;;верх: 100% полиамид, подклад: 100% полиэстер, утеплитель: 100% холлофил;;Девочкам;Куртки, плащи для девочек
741;Парка демисезонная для девочки Merlion JOYCE (розовый);36::38::40::42;1300;990;34.21;https://lebuto.ru/upload/iblock/22e/dd8b0437_0d6e_11e8_9fe4_000c29cc4602_e446e5e2_16d8_11e8_b359_000c29cc4602.jpeg;https://lebuto.ru/catalog/devochkam_1/kurtki_plashchi_1/kurtki_plashchi_dlya_devochek/parka_demisezonnaya_dlya_devochki_merlion_joyce_rozovyy/;розовый;;верх: 100% полиамид, подклад: 100% полиэстер, утеплитель: 100% холлофил;;Девочкам;Куртки, плащи для девочек
742;Парка женская HE RC11459 цвет №1078 енот;S::M;6900;5500;20;https://lebuto.ru/upload/iblock/4b3/8wgq8hhqr4xzbjiiwtl68usvdc1ws2ig/569fc877_46ac_11ec_8101_000c29cc4602_a6957ffa_4a0a_11ec_8101_000c29cc4602.jpeg;https://lebuto.ru/catalog/zhenskaya_odezhda_1/kurtki_1/kurtki_zimnie_parki/parka_zhenskaya_high_experience_rc11459_tsvet_1078_enot/;темно-синий;;;;Женская одежда;Куртки зимние, парки
743;Парка женская HE RC11459 цвет №6012 енот;M::S;6900;5500;20;https://lebuto.ru/upload/iblock/420/g3zmbfhn8zpfi3z2yeqqtmfk7jgkuy2h/cdc7d914_46ac_11ec_8101_000c29cc4602_b0cfc0be_4a0a_11ec_8101_000c29cc4602.jpeg;https://lebuto.ru/catalog/zhenskaya_odezhda_1/kurtki_1/kurtki_zimnie_parki/parka_zhenskaya_high_experience_rc11459_tsvet_6012_enot/;бежевый;;;;Женская одежда;Куртки зимние, парки
744;Парка женская HE RC13096 цвет №1078 енот;S;6900;5500;37.04;https://lebuto.ru/upload/iblock/91b/zxqpv4ljnl96paekf4y782j6mgyzjyt0/b51e9e37_3b03_11ed_812b_000c29cc4602_11a32bb3_5f31_11ed_812c_000c29cc4602.jpeg;https://lebuto.ru/catalog/zhenskaya_odezhda_1/kurtki_1/kurtki_zimnie_parki/parka_zhenskaya_high_experience_rc13096_tsvet_1078_enot/;темно-синий;;;;Женская одежда;Куртки зимние, парки
745;Парка женская HE RC13096 цвет №6012 енот;2XL;6900;5500;37.04;https://lebuto.ru/upload/iblock/044/s4wt1n2bk7gml8ik06fkldc31htxshyk/2c7deced_3b04_11ed_812b_000c29cc4602_2e5aaa73_5f31_11ed_812c_000c29cc4602.jpeg;https://lebuto.ru/catalog/zhenskaya_odezhda_1/kurtki_1/kurtki_zimnie_parki/parka_zhenskaya_high_experience_rc13096_tsvet_6012_enot/;бежевый;;;;Женская одежда;Куртки зимние, парки
746;"Парка зимняя для девочки MERLION ""Kathleen-1"" (голубой)";42;1900;990;34.21;https://lebuto.ru/upload/iblock/65c/2fe96dbd_3357_11e9_98f6_000c29cc4602_e8b7d022_39a2_11e9_8e1f_000c29cc4602.jpeg;https://lebuto.ru/catalog/devochkam_1/kurtki_plashchi_1/kurtki_zimnie_4/parka_zimnyaya_dlya_devochki_merlion_kathleen_1_goluboy/;голубой;;ткань верха: 100% полиамид, подклад: 100% полиэстер, утеплитель: 100% холлофайбер, опушка: искусственный мех;;Девочкам;Куртки зимние
747;"Парка зимняя для девочки MERLION ""Kathleen-1"" (розовый)";40;1900;990;34.21;https://lebuto.ru/upload/iblock/f84/91dcde36_3357_11e9_98f6_000c29cc4602_821f7230_7565_11e9_80d3_000c29cc4602.jpeg;https://lebuto.ru/catalog/devochkam_1/kurtki_plashchi_1/kurtki_zimnie_4/parka_zimnyaya_dlya_devochki_merlion_kathleen_1_rozovyy/;розовый;;ткань верха: 100% полиамид, подклад: 100% полиэстер, утеплитель: 100% холлофайбер, опушка: искусственный мех;;Девочкам;Куртки зимние
748;Парка зимняя для мальчика Merlion JOHNNY (т.синий);46;4880;1950;60.04;https://lebuto.ru/upload/iblock/ef0/2bbe5ebe_106c_11e8_b359_000c29cc4602_05392e22_ebda_11e8_b542_000c29cc4602.jpeg;https://lebuto.ru/catalog/malchikam_1/kurtki_plashchi/kurtki_zimnie_3/parka_zimnyaya_dlya_malchika_merlion_johnny_t_siniy/;Т.синий;;верх: 100% полиамид, подклад: 100% полиэстер, наполнитель: 100% холлофайбер, опушка: искусственный мех;;Мальчикам;Куртки зимние
749;Парка зимняя женская EXP (хаки);S::XS;2900;1900;47.14;https://lebuto.ru/upload/iblock/4cf/9c579e9b_f94c_11e9_80df_000c29cc4602_d4542703_09e0_11ea_80e0_000c29cc4602.jpeg;https://lebuto.ru/catalog/zhenskaya_odezhda_1/kurtki_1/kurtki_zimnie_parki/parka_zimnyaya_zhenskaya_exp_khaki/;хаки;;верх: 100% полиамид. подклад: 100% полиэстр, наполнитель: 100% холлофайбер, опушка: искусственный мех;;Женская одежда;Куртки зимние, парки
750;Парка зимняя женская EXP-1 натуральный енот (т.синий);XS;3800;2500;47.19;https://lebuto.ru/upload/iblock/a7d/2db29b0e_f9ef_11e9_80df_000c29cc4602_f818416a_09e0_11ea_80e0_000c29cc4602.jpeg;https://lebuto.ru/catalog/zhenskaya_odezhda_1/kurtki_1/kurtki_zimnie_parki/parka_zimnyaya_zhenskaya_exp_1_naturalnyy_enot_t_siniy/;Т.синий;;верх: 100% полиамид. подклад: 100% полиэстр, наполнитель: 100% холлофайбер, опушка: енот;;Женская одежда;Куртки зимние, парки
751;Парка зимняя женская Merlion KATHLEEN (хаки);S::L::XL::2XL;2900;1900;46.38;https://lebuto.ru/upload/iblock/ada/b9842794_fc41_11e8_bdcd_000c29cc4602_9fb17128_1a18_11e9_9d72_000c29cc4602.jpeg;https://lebuto.ru/catalog/zhenskaya_odezhda_1/kurtki_1/kurtki_zimnie_parki/parka_zimnyaya_zhenskaya_merlion_kathleen_khaki/;хаки;;ткань верха: 100% полиамид, подклад: 100% полиэстер, утеплитель: 100% холлофайбер;;Женская одежда;Куртки зимние, парки
752;Парка зимняя женская Merlion LOANA (синий);M::XS;4700;3700;40.64;https://lebuto.ru/upload/iblock/130/bc47af95_385d_11eb_80eb_000c29cc4602_cbb57dfd_44fa_11eb_80eb_000c29cc4602.jpeg;https://lebuto.ru/catalog/zhenskaya_odezhda_1/kurtki_1/kurtki_zimnie_parki/parka_zimnyaya_zhenskaya_merlion_loana_siniy/;Синий;;верх: 100% полиамид, подклад 100% полиэстер, утеплитель 100% холлофайбер, опушка : натуральный енот;;Женская одежда;Куртки зимние, парки
753;Парка зимняя женская Merlion TIFFANY (голубой);XS::S;2900;1900;46.38;https://lebuto.ru/upload/iblock/823/6ffb51a2_f47d_11e8_a9d7_000c29cc4602_60cbeba5_01ae_11e9_bdcd_000c29cc4602.jpeg;https://lebuto.ru/catalog/zhenskaya_odezhda_1/kurtki_1/kurtki_zimnie_parki/parka_zimnyaya_zhenskaya_merliontiffany_goluboy/;голубой;;верх: 100% полиамид, подклад: 100% полиэстер, наполнитель: 100% холлофайбер, опушка: искусственный мех;;Женская одежда;Куртки зимние, парки
754;Парка зимняя женская Merlion TIFFANY (зеленый);XS;2900;1900;46.38;https://lebuto.ru/upload/iblock/fcf/20e17141_f47d_11e8_a9d7_000c29cc4602_646e1dd4_0b34_11e9_9d72_000c29cc4602.jpeg;https://lebuto.ru/catalog/zhenskaya_odezhda_1/kurtki_1/kurtki_zimnie_parki/parka_zimnyaya_zhenskaya_merliontiffany_zelenyy/;зеленый;;ткань верха: 100% полиамид, подклад: 100% полиэстер, утеплитель: 100% холлофайбер;;Женская одежда;Куртки зимние, парки
755;Парка зимняя женская Merlion TIFFANY (розовый);XS;2900;1900;46.38;https://lebuto.ru/upload/iblock/19c/9c6c28e8_f47d_11e8_a9d7_000c29cc4602_7249de46_01ae_11e9_bdcd_000c29cc4602.jpeg;https://lebuto.ru/catalog/zhenskaya_odezhda_1/kurtki_1/kurtki_zimnie_parki/parka_zimnyaya_zhenskaya_merliontiffany_rozovyy/;розовый;;верх: 100% полиамид, подклад: 100% полиэстер, наполнитель: 100% холлофайбер, опушка: искусственный мех;;Женская одежда;Куртки зимние, парки
756;Парка зимняя женская Merlion TIFFANY-2 (синий);XS;2900;1900;53.16;https://lebuto.ru/upload/iblock/b29/421f243c_249b_11eb_80e9_000c29cc4602_78a8c58d_2e07_11eb_80e9_000c29cc4602.jpeg;https://lebuto.ru/catalog/zhenskaya_odezhda_1/kurtki_1/kurtki_zimnie_parki/parka_zimnyaya_zhenskaya_merlion_tiffany_2_siniy/;Синий;;верх: 100% полиамид, подклад: 100% полиэстер, наполнитель: биопух (100% холлофайбер). опушка: искусственный мех;;Женская одежда;Куртки зимние, парки
757;Парка зимняя женская Merlion TIFFANY-2 (т.красный);XS::XL;2900;1900;53.16;https://lebuto.ru/upload/iblock/c9a/0fe0adef_5775_11ea_80e2_000c29cc4602_32294d0c_6340_11ea_80e2_000c29cc4602.jpeg;https://lebuto.ru/catalog/zhenskaya_odezhda_1/kurtki_1/kurtki_zimnie_parki/parka_zimnyaya_zhenskaya_merlion_tiffany_2_t_krasnyy/;темно-красный;;верх: 100% полиамид, подклад: 100% полиэстер, наполнитель: биопух (100% холлофайбер), опушка: искусственный мех;;Женская одежда;Куртки зимние, парки
758;Парка зимняя женская Merlion TIFFANY-2 (т.синий);S::XS;2900;1900;53.16;https://lebuto.ru/upload/iblock/e9b/81a50b74_19c0_11eb_80e9_000c29cc4602_ec2e3bb2_2df4_11eb_80e9_000c29cc4602.jpeg;https://lebuto.ru/catalog/zhenskaya_odezhda_1/kurtki_1/kurtki_zimnie_parki/parka_zimnyaya_zhenskaya_merlion_tiffany_2_t_siniy/;темно-синий;;верх: 100% полиэстер, подклад: 100% полиэстер, наполнитель: биопух (100% холлофайбер), опушка: искусственный мех.;;Женская одежда;Куртки зимние, парки
759;Парка зимняя женская MerlionTIFFANY (хаки);2XL;3700;2900;46.38;https://lebuto.ru/upload/iblock/cf2/4583b9b3_f47d_11e8_a9d7_000c29cc4602_856fbabd_01ae_11e9_bdcd_000c29cc4602.jpeg;https://lebuto.ru/catalog/zhenskaya_odezhda_1/kurtki_1/kurtki_zimnie_parki/parka_zimnyaya_zhenskaya_merliontiffany_khaki/;хаки;;верх: 100% полиамид, подклад: 100% полиэстер, наполнитель: 100% холлофайбер, опушка: искусственный мех;;Женская одежда;Куртки зимние, парки
760;Парка подростковая HE 1458-1 цвет №1049 енот;128::140::146::152;5700;4900;24.апр;https://lebuto.ru/upload/iblock/0b1/6a81dfd2_3384_11eb_80e9_000c29cc4602_3401598a_523b_11eb_80eb_000c29cc4602.jpeg;https://lebuto.ru/catalog/devochkam_1/kurtki_plashchi_1/kurtki_plashchi_dlya_devochek/parka_podrostkovaya_high_experience_1458_1_tsvet_1049_enot/;темно-синий;;верх: 100% полиэстер, подклад: 100% полиэстер, наполнитель: 100% полиэстер, опушка: натуральный енот;;Девочкам;Куртки, плащи для девочек
761;Парка подростковая HE 1458-1 цвет №5528 енот;140::146;5700;4900;24.апр;https://lebuto.ru/upload/iblock/8ed/5b85018c_084b_11eb_80e9_000c29cc4602_8046482a_18ce_11eb_80e9_000c29cc4602.jpeg;https://lebuto.ru/catalog/devochkam_1/kurtki_plashchi_1/kurtki_plashchi_dlya_devochek/parka_podrostkovaya_high_experience_1458_1_tsvet_5528_enot/;желтый;;верх: 100% полиэстер, подклад: 100% полиэстер, наполнитель: 100% полиэстер, опушка: натуральный енот;;Девочкам;Куртки, плащи для девочек
762;Парка подростковая HE RC11035-1 цвет №4014 енот;152::146::164;4500;3500;22.янв;https://lebuto.ru/upload/iblock/666/v1ghhhgmu3g2eqxegdctfe2aw88p68gu/cbfabef6_2fe3_11ec_8100_000c29cc4602_0074e259_7456_11ec_8115_000c29cc4602.jpeg;https://lebuto.ru/catalog/devochkam_1/kurtki_plashchi_1/kurtki_zimnie_4/parka_podrostkovaya_high_experience_rc11035_1_tsvet_4014_enot/;розовый;;;;Девочкам;Куртки зимние
763;Парка подростковая HE RC11069-1 цвет №1080 енот;164;3900;3120;22.янв;https://lebuto.ru/upload/iblock/a7f/skwcmtwb6uael2bveix5f8k7lyupo34l/93bf10a4_2fe4_11ec_8100_000c29cc4602_3491a502_7456_11ec_8115_000c29cc4602.jpeg;https://lebuto.ru/catalog/devochkam_1/kurtki_plashchi_1/kurtki_zimnie_4/parka_podrostkovaya_high_experience_rc11069_1_tsvet_1080_enot/;голубой;;;;Девочкам;Куртки зимние
764;Парка подростковая HE RC11069-1 цвет №5528 енот;164;4900;3900;22.янв;https://lebuto.ru/upload/iblock/b67/jlsmokmmef2o4b0ojv8i55hvlx8e1x7m/d8ca2df6_2fe4_11ec_8100_000c29cc4602_47495517_7456_11ec_8115_000c29cc4602.jpeg;https://lebuto.ru/catalog/devochkam_1/kurtki_plashchi_1/kurtki_zimnie_4/parka_podrostkovaya_high_experience_rc11069_1_tsvet_5528_enot/;желтый;;;;Девочкам;Куртки зимние
765;Парка роз.кролик BUBLES FUR 11367 черный;M::L;3500;2800;20.83;https://lebuto.ru/upload/iblock/9bf/74a55112_17ca_11e9_9d72_000c29cc4602_7c1c74e0_5518_11e9_badb_000c29cc4602.jpeg;https://lebuto.ru/catalog/devochkam_1/kurtki_plashchi_1/kurtki_zimnie_4/parka_roz_krolik_bubles_fur_11367_chernyy/;Черный;;верх: 100% полиэстер, подклад съемный: полиэстер/кролик, наполнитель: 100% полиэстер, опушка: енот;;Девочкам;Куртки зимние
766;Пенал маленький M.N.X. BD-5516-32;one size;130;100;23.авг;https://lebuto.ru/upload/iblock/ae4/5muh08gsl6sp65wuig0lortqtecwiwu6/bcbf3fa4_c46c_11ec_8120_000c29cc4602_2b8e0ddb_dff2_11ec_8123_000c29cc4602.jpeg;https://lebuto.ru/catalog/aksessuary_1/ryukzaki_i_sumki/penal_malenkiy_m_n_x_bd_5516_32/;цветная;;100% полиэстер;;Аксессуары;Рюкзаки и сумки
767;Перчатки Crane 44678 (серый);М;500;400;33.33;https://lebuto.ru/upload/iblock/764/80188a28_5da6_11e4_9d7f_000c29cc4602_59fcdee1_834e_11e8_9f15_000c29cc4602.jpeg;https://lebuto.ru/catalog/aksessuary_1/perchatki_varezhki/perchatki_crane_44678_seryy/;Серый;;Материал верха: 100% нейлон, подклад: 100% полиэстер, утеплитель: 100% полиэстер;;Аксессуары;Перчатки, варежки
768;Перчатки HANDAI HD-5068 розовый;04.июнь;400;300;29.41;https://lebuto.ru/upload/iblock/1af/19b872bc_6068_11eb_80eb_000c29cc4602_fdbc2b50_6077_11eb_80eb_000c29cc4602.jpeg;https://lebuto.ru/catalog/aksessuary_1/perchatki_varezhki/perchatki_handai_hd_5068_rozovyy/;розовый;;верх: 100% полиэстер, подклад: 100% полиэстер, наполнитель: 100% полиэстер;;Аксессуары;Перчатки, варежки
769;Перчатки JASSEN 91044-33;M;400;300;0;https://lebuto.ru/upload/iblock/8d0/z3ny04f8ynhbi93e6bhfz1q2o8bgh40y/9edd0249_6f93_11ed_812d_000c29cc4602_14cca78c_ac47_11ed_812d_000c29cc4602.jpeg;https://lebuto.ru/catalog/aksessuary_1/perchatki_varezhki/perchatki_jassen_91044_33/;розовый;;;;Аксессуары;Перчатки, варежки
770;Перчатки Mly 52109 розово-черный;L;700;560;29.63;https://lebuto.ru/upload/iblock/e00/67c5456b_2a1f_11eb_80e9_000c29cc4602_4447281e_2a47_11eb_80e9_000c29cc4602.jpeg;https://lebuto.ru/catalog/aksessuary_1/perchatki_varezhki/perchatki_meatfly_52109_rozovo_chernyy/;розовый;;100% полиэстер;;Аксессуары;Перчатки, варежки
771;Перчатки Mly 52109 темно-синий;L;700;560;29.63;https://lebuto.ru/upload/iblock/32d/507479e1_2a1e_11eb_80e9_000c29cc4602_fd0e4d21_2a46_11eb_80e9_000c29cc4602.jpeg;https://lebuto.ru/catalog/aksessuary_1/perchatki_varezhki/perchatki_meatfly_52109_temno_siniy/;темно-синий;;100% полиэстер;;Аксессуары;Перчатки, варежки
772;Перчатки Mly 52109 черно-бирюзовый;XS;700;560;29.63;https://lebuto.ru/upload/iblock/de6/8fd6d70a_2a1e_11eb_80e9_000c29cc4602_523270c7_2a47_11eb_80e9_000c29cc4602.jpeg;https://lebuto.ru/catalog/aksessuary_1/perchatki_varezhki/perchatki_meatfly_52109_cherno_biryuzovyy/;Черный;;100% полиэстер;;Аксессуары;Перчатки, варежки
773;Перчатки Nugget 22705 салатово-черный;M;700;560;29.63;https://lebuto.ru/upload/iblock/c9b/662dc3fb_2a2a_11eb_80e9_000c29cc4602_8e7ca76c_2a48_11eb_80e9_000c29cc4602.jpeg;https://lebuto.ru/catalog/aksessuary_1/perchatki_varezhki/perchatki_nugget_22705_salatovo_chernyy/;св.розовый;;100% полиэстер;;Аксессуары;Перчатки, варежки
774;Перчатки Nugget 44159 серо-черный;L;700;560;29.63;https://lebuto.ru/upload/iblock/fef/e2112b22_2a29_11eb_80e9_000c29cc4602_6018d29b_2a48_11eb_80e9_000c29cc4602.jpeg;https://lebuto.ru/catalog/aksessuary_1/perchatki_varezhki/perchatki_nugget_44159_sero_chernyy/;Серый;;100% полиэстер;;Аксессуары;Перчатки, варежки
775;Перчатки Nugget 44159 черный;L;700;560;29.63;https://lebuto.ru/upload/iblock/420/b088b0e2_2a29_11eb_80e9_000c29cc4602_4e8e0e22_2a48_11eb_80e9_000c29cc4602.jpeg;https://lebuto.ru/catalog/aksessuary_1/perchatki_varezhki/perchatki_nugget_44159_chernyy/;Черный;;100% полиэстер;;Аксессуары;Перчатки, варежки
776;Перчатки RY 1503-004;M;400;300;34.48;https://lebuto.ru/upload/iblock/847/847e9efc89a53031ed137c6d6e512398.jpeg;https://lebuto.ru/catalog/aksessuary_1/perchatki_varezhki/perchatki_roxy_1503_004/;цветная;;100%полиэстер;;Аксессуары;Перчатки, варежки
777;Перчатки TISENTELE 09921 черно-св.розовый;S;800;640;31.58;https://lebuto.ru/upload/iblock/c94/pyb17r9x3xgnd824123z4nr3yer3rxmk/db8db543_3301_11ec_8101_000c29cc4602_8e96d4c5_386d_11ec_8101_000c29cc4602.jpeg;https://lebuto.ru/catalog/aksessuary_1/perchatki_varezhki/perchatki_tisentele_09921_cherno_sv_rozovyy/;св.розовый;;;;Аксессуары;Перчатки, варежки
778;Перчатки Б/Н 27950 серый;L;650;500;0;https://lebuto.ru/upload/iblock/fe4/wg1u23duor8gked4nrm4w701dwaotjhp/f379c603_6f90_11ed_812d_000c29cc4602_b3410416_ac45_11ed_812d_000c29cc4602.jpeg;https://lebuto.ru/catalog/aksessuary_1/perchatki_varezhki/perchatki_b_n_27950_seryy/;Серый;;верх: 100% полиэстер подклад: 100% полиэстер наполнитель: 100% полиэстер;;Аксессуары;Перчатки, варежки
779;Перчатки Б/Н 92511-11 черный;one size;200;160;28.57;https://lebuto.ru/upload/iblock/c49/16d0a348_2006_11eb_80e9_000c29cc4602_85659ae5_28b2_11eb_80e9_000c29cc4602.jpeg;https://lebuto.ru/catalog/aksessuary_1/perchatki_varezhki/perchatki_b_n_92511_11_chernyy/;Черный;;акрил;;Аксессуары;Перчатки, варежки
780;Перчатки Б/Н 92511-12 коричневый;one size;200;160;28.57;https://lebuto.ru/upload/iblock/095/577214c4_2006_11eb_80e9_000c29cc4602_95ef9c8a_28af_11eb_80e9_000c29cc4602.jpeg;https://lebuto.ru/catalog/aksessuary_1/perchatki_varezhki/perchatki_b_n_92511_12_korichnevyy/;коричневый;;акрил;;Аксессуары;Перчатки, варежки
781;Перчатки г-л женские HE GS1801 Col: 4015/4032;XL;1000;800;37.04;https://lebuto.ru/upload/iblock/11e/2cbb825f_07ef_11e8_9fe4_000c29cc4602_6483c6e2_834c_11e8_9f15_000c29cc4602.jpeg;https://lebuto.ru/catalog/aksessuary_1/perchatki_varezhki/perchatki_g_l_zhenskie_high_experience_gs1801_col_4015/;розовый;;100% полиэстер;;Аксессуары;Перчатки, варежки
782;Перчатки г-л женские HE GS1801 col: 4044/2029;XL;1000;800;52.94;https://lebuto.ru/upload/iblock/2b9/dfc872a7_f186_11e9_80dd_000c29cc4602_dc26d5b3_1a4a_11ea_80e0_000c29cc4602.jpeg;https://lebuto.ru/catalog/aksessuary_1/perchatki_varezhki/perchatki_g_l_zhenskie_high_experience_gs1801_col_4044_2029/;св.серый;;Полиэстер;;Аксессуары;Перчатки, варежки
783;Перчатки г-л женские HE GS1801 col: 4066/2029;M;1000;800;37.04;https://lebuto.ru/upload/iblock/11c/u1fwjps3f2cmuq10sl5orbcwqbujo6zz/15063717_3d70_11ed_812b_000c29cc4602_b30f25de_6a62_11ed_812c_000c29cc4602.jpeg;https://lebuto.ru/catalog/aksessuary_1/perchatki_varezhki/perchatki_g_l_zhenskie_high_experience_gs1801_col_4066_2029/;цветная;;;;Аксессуары;Перчатки, варежки
784;Перчатки г-л женские HE GS1805 col: 8130;XL;1000;800;0;https://lebuto.ru/upload/iblock/318/mawofi6jbgoaojukbv6d2q76dooae4rf/426ae3b1_468f_11ec_8101_000c29cc4602_f8794353_7c3a_11ec_8115_000c29cc4602.jpeg;https://lebuto.ru/catalog/aksessuary_1/perchatki_varezhki/perchatki_g_l_zhenskie_high_experience_gs1805_col_8130/;цветная;;;;Аксессуары;Перчатки, варежки
785;Перчатки г/л HE SGWZ-2211 Crystal blue;S::L;900;700;0;https://lebuto.ru/upload/iblock/101/qt1wbrbcd4cvsun75oj1bng5z32an1nl/2c6e2b51_63d3_11ed_812c_000c29cc4602_0c7eb8c6_6a6b_11ed_812c_000c29cc4602.jpeg;https://lebuto.ru/catalog/aksessuary_1/perchatki_varezhki/perchatki_g_l_high_experience_sgwz_2211_crystal_blue/;голубой;;;;Аксессуары;Перчатки, варежки
786;Перчатки г/л HE SGWZ-2212 black/royal blue;M::L;900;700;0;https://lebuto.ru/upload/iblock/ece/6i78izn5w5gvbs3f1m1youxo1cqrl7s6/7bb9d288_63d2_11ed_812c_000c29cc4602_411ec9c4_6a6b_11ed_812c_000c29cc4602.jpeg;https://lebuto.ru/catalog/aksessuary_1/perchatki_varezhki/perchatki_g_l_high_experience_sgwz_2212_black_royal_blue/;Черный;;;;Аксессуары;Перчатки, варежки
787;Перчатки г/л мужские HE BS1803 col: 6004;XL;1000;800;37.04;https://lebuto.ru/upload/iblock/efc/blqp8m85o987h78vigxk0ah5oq5h6x5c/7324b9b4_3d72_11ed_812b_000c29cc4602_ec3dbef1_6a62_11ed_812c_000c29cc4602.jpeg;https://lebuto.ru/catalog/aksessuary_1/perchatki_varezhki/perchatki_g_l_muzhskie_high_experience_bs1803_col_6004/;цветная;;;;Аксессуары;Перчатки, варежки
788;Платье Y.L. 1858 бежевый;one size;390;160;32.43;https://lebuto.ru/upload/iblock/cd4/8baeaac6_1e21_11e9_9d72_000c29cc4602_4ca5094e_2dca_11e9_9d72_000c29cc4602.jpeg;https://lebuto.ru/catalog/zhenskaya_odezhda_1/platya_kostyumy_povsednevnye_tuniki/plate_y_l_1858_bezhevyy/;бежевый;;50% хлопок 50% полиэстер;;Женская одежда;Платья, костюмы повседневные, туники
789;Платье детск.TIGA 80131 т.син/бел.;9;390;299;23.33;https://lebuto.ru/upload/iblock/bd5/485748a8_b7e3_11e3_9ffd_000c29cc46f8_2647f6ce_f2f4_11e4_ae9c_000c29cc4602.jpeg;https://lebuto.ru/catalog/devochkam_1/platya_sarafany/plate_detsk_tiga_80131_t_sin_bel/;мультиколор;;Хлопок 95%, Спандекс 5%;;Девочкам;Платья, сарафаны
790;Плащ женск.SALCO SF-66022 col.217#;L;500;400;33.33;https://lebuto.ru/upload/iblock/854/8979efa7_b7e3_11e3_9ffd_000c29cc46f8_f4b41a35_ce16_11e4_b772_000c29cc4602.jpeg;https://lebuto.ru/catalog/zhenskaya_odezhda_1/plashchi/plashch_zhensk_salco_sf_66022_col_217/;бежевый;;;;Женская одежда;Плащи
791;Подшлемник HE TT11101 Black;L;500;400;;https://lebuto.ru/upload/iblock/ffd/q5aia52m1d5e4r4u02m5dionbayee65x/acdc465c_3b18_11ed_812b_000c29cc4602_7ca22351_b45d_11ef_8168_000c29cc4602.jpg;https://lebuto.ru/catalog/aksessuary_1/shlemy_podshlemniki/podshlemniki/podshlemnik_he_tt11101_black/;Черный;;100% полиэстер;;Аксессуары;Подшлемники
792;Подшлемник Б/Н 003988 бежевый;one size;500;400;0;https://lebuto.ru/upload/iblock/d6b/nt5o7pc8iju4x07wtb913kwj0nha0kgf/a44a64df_5741_11ec_8102_000c29cc4602_c6e99873_58ab_11ec_8102_000c29cc4602.jpeg;https://lebuto.ru/catalog/aksessuary_1/shlemy_podshlemniki/podshlemniki/podshlemnik_b_n_003988_bezhevyy/;бежевый;;;;Аксессуары;Подшлемники
793;Подшлемник Б/Н 003988 серый;one size;500;400;0;https://lebuto.ru/upload/iblock/7c1/cqjmnpgk35g80l1wm5wl49j0u9f8e72u/825655e2_5741_11ec_8102_000c29cc4602_e26732e3_58ab_11ec_8102_000c29cc4602.jpeg;https://lebuto.ru/catalog/aksessuary_1/shlemy_podshlemniki/podshlemniki/podshlemnik_b_n_003988_seryy/;Серый;;;;Аксессуары;Подшлемники
794;Подшлемник Б/Н 003988 черный;one size;500;400;0;https://lebuto.ru/upload/iblock/567/9t9sazrqyxufd80yulg1rh10jvwa0140/5ff971b5_5741_11ec_8102_000c29cc4602_f05254b7_58ab_11ec_8102_000c29cc4602.jpeg;https://lebuto.ru/catalog/aksessuary_1/shlemy_podshlemniki/podshlemniki/podshlemnik_b_n_003988_chernyy/;Черный;;;;Аксессуары;Подшлемники
795;Подшлемник Б/Н 66301 бежевый;one size;400;320;0;https://lebuto.ru/upload/iblock/6a4/ho4duihe2azjg33xfp9w66189eeoxh0r/01d6511e_3574_11ec_8101_000c29cc4602_39ae8f9c_3872_11ec_8101_000c29cc4602.jpeg;https://lebuto.ru/catalog/aksessuary_1/shlemy_podshlemniki/podshlemniki/podshlemnik_b_n_66301_bezhevyy/;бежевый;;;;Аксессуары;Подшлемники
796;Подшлемник Б/Н 66550 хаки;one size;500;400;0;https://lebuto.ru/upload/iblock/f49/mz499yekswm391gbjpwmpsevncpxzgl3/7bac3642_3571_11ec_8101_000c29cc4602_977e4bf8_388c_11ec_8101_000c29cc4602.jpeg;https://lebuto.ru/catalog/aksessuary_1/shlemy_podshlemniki/podshlemniki/podshlemnik_b_n_66550_khaki/;хаки;;;;Аксессуары;Подшлемники
797;Пояс цв. ткань;one size;100;80;26.47;https://lebuto.ru/upload/iblock/723/9e6e0c97_55f6_11e5_bf6b_000c29cc4602_447423bd_1fd4_11ea_80e0_000c29cc4602.jpeg;https://lebuto.ru/catalog/aksessuary_1/remni/poyas_tsv_tkan/;;;;;Аксессуары;Ремни
798;Пух жен ANABELLA без меха (крас/черн);XS;1000;750;31.82;https://lebuto.ru/upload/iblock/611/342c23c1_b7e3_11e3_9ffd_000c29cc46f8_00a65c8f_4723_11e5_80e9_000c29cc4602.jpeg;https://lebuto.ru/catalog/zhenskaya_odezhda_1/pukhoviki_zimnie_kurtki_i_palto/pukhoviki_1/pukh_zhen_anabella_bez_mekha_kras_chern/;красный;;Материал верха : 100% полиэстер наполнитель: 90% пух 10% перо;;Женская одежда;Пуховики
799;Пух жен ANABELLA без меха (фиолет/леоп);S::XS;1000;750;31.82;https://lebuto.ru/upload/iblock/643/425f0ecb_b7e3_11e3_9ffd_000c29cc46f8_7bf943cc_3f39_11e5_8387_000c29cc4602.jpeg;https://lebuto.ru/catalog/zhenskaya_odezhda_1/pukhoviki_zimnie_kurtki_i_palto/pukhoviki_1/pukh_zhen_anabella_bez_mekha_fiolet_leop/;фиолетовый;;Материал верха : 100% полиэстер наполнитель: 90% пух 10% перо;;Женская одежда;Пуховики
800;Пух жен ANABELLA без меха (черн/леоп);S::XS;1000;750;31.82;https://lebuto.ru/upload/iblock/f68/f682eadf7f318d826c21e3d9d5380f97.jpeg;https://lebuto.ru/catalog/zhenskaya_odezhda_1/pukhoviki_zimnie_kurtki_i_palto/pukhoviki_1/pukh_zhen_anabella_bez_mekha_chern_leop/;леопардовый;;Материал верха : 100% полиэстер наполнитель: 90% пух 10% перо;;Женская одежда;Пуховики
801;Пух жен. BIRMA енот натур. (брусника);XS::S::XL;1800;1350;25;https://lebuto.ru/upload/iblock/9c3/9c36285dfd4e150e9a05a1c0fe9d62f0.jpeg;https://lebuto.ru/catalog/zhenskaya_odezhda_1/pukhoviki_zimnie_kurtki_i_palto/pukhoviki_1/pukh_zhen_birma_enot_natur_brusnika/;фуксия;;Материал верха : 100% полиэстер наполнитель: 90% пух 10% перо;;Женская одежда;Пуховики
802;Пух жен. BIRMA черноб. серебро (баклажан);XS;1800;1350;25;https://lebuto.ru/upload/iblock/e8f/e8f4b82f956d4e738bdea27050df1873.jpeg;https://lebuto.ru/catalog/zhenskaya_odezhda_1/pukhoviki_zimnie_kurtki_i_palto/pukhoviki_1/pukh_zhen_birma_chernob_serebro_baklazhan/;фиолетовый;;Материал верха : 100% полиэстер наполнитель: 90% пух 10% перо;;Женская одежда;Пуховики
803;Пух жен. BIRMA черноб. серебро (фиолет);XS;1800;1350;25;https://lebuto.ru/upload/iblock/b83/b83977eb91e3fdb4c74fcf5782ac9170.jpeg;https://lebuto.ru/catalog/zhenskaya_odezhda_1/pukhoviki_zimnie_kurtki_i_palto/pukhoviki_1/pukh_zhen_birma_chernob_serebro_fiolet/;фиолетовый;;Материал верха : 100% полиэстер наполнитель: 90% пух 10% перо;;Женская одежда;Пуховики
804;Пух жен. TESS чернобурка (черный);XS;2500;1900;24;https://lebuto.ru/upload/iblock/393/39321e741c703a357c826f11128a7bd9.jpeg;https://lebuto.ru/catalog/zhenskaya_odezhda_1/pukhoviki_zimnie_kurtki_i_palto/pukhoviki_1/pukh_zhen_tess_chernoburka_chernyy/;Черный;;Материал верха : 100% полиэстер наполнитель: 90% пух 10% перо;;Женская одежда;Пуховики
805;Пух. жен. ELSIDA енот натурал. (фиолет);XL::XS;2500;1900;24;https://lebuto.ru/upload/iblock/669/6698fe14d28c272b825b8934e1db7307.jpeg;https://lebuto.ru/catalog/zhenskaya_odezhda_1/pukhoviki_zimnie_kurtki_i_palto/pukhoviki_1/pukh_zhen_elsida_enot_natural_fiolet/;фиолетовый;;Материал верха : 100% полиэстер наполнитель: 90% пух 10% перо;;Женская одежда;Пуховики
806;Пух. жен. ELSIDA енот натурал. (хаки/зеленый);XS;2500;1900;24;https://lebuto.ru/upload/iblock/2d7/2d7012608a5aeddc42a70465b9cd9283.jpeg;https://lebuto.ru/catalog/zhenskaya_odezhda_1/pukhoviki_zimnie_kurtki_i_palto/pukhoviki_1/pukh_zhen_elsida_enot_natural_khaki_zelenyy/;хаки;;Материал верха : 100% полиэстер наполнитель: 90% пух 10% перо: мех натуральный енот;;Женская одежда;Пуховики
807;Пух. жен. ELSIDA черноб. (фиолет);XS;2500;1900;24;https://lebuto.ru/upload/iblock/78d/78d030a5da3131b7c39b5f7c8a4ee348.jpeg;https://lebuto.ru/catalog/zhenskaya_odezhda_1/pukhoviki_zimnie_kurtki_i_palto/pukhoviki_1/pukh_zhen_elsida_chernob_fiolet/;фиолетовый;;верх: 100% полиэстер, наполнитель: 90% пух, 10% перо, подклад: 100% полиэстер, опушка : чернобурка;;Женская одежда;Пуховики
808;Пух. жен. Greola енот натур. (золото);S::XS;1800;1300;27.78;https://lebuto.ru/upload/iblock/c0a/c0abf65615264df852b675b104a0ea07.jpeg;https://lebuto.ru/catalog/zhenskaya_odezhda_1/pukhoviki_zimnie_kurtki_i_palto/pukhoviki_1/pukh_zhen_greola_enot_natur_zoloto/;бежевый;;Материал верха : 100% полиэстер наполнитель: 90% пух 10% перо;;Женская одежда;Пуховики
809;Пух. жен. JOANNA1 чернобур. (баклажан);S::XL::XS::L;3700;2900;35.56;https://lebuto.ru/upload/iblock/d57/d57ef95f48237fcb96f30c8dadaf9003.jpeg;https://lebuto.ru/catalog/zhenskaya_odezhda_1/pukhoviki_zimnie_kurtki_i_palto/pukhoviki_1/pukh_zhen_joanna1_chernobur_baklazhan/;фиолетовый;;Материал верха : 100% полиэстер наполнитель: 90% пух 10% перо;;Женская одежда;Пуховики
810;Пух. жен. JOANNA2 енот натурал. (брусника);S::XL::XS::L::M;3500;1900;45.71;https://lebuto.ru/upload/iblock/845/8450f0feb5235bb3f079a0ac129e69bf.jpeg;https://lebuto.ru/catalog/zhenskaya_odezhda_1/pukhoviki_zimnie_kurtki_i_palto/pukhoviki_1/pukh_zhen_joanna2_enot_natural_brusnika/;бордовый;;Материал верха : 100% полиэстер наполнитель: 90% пух 10% перо;;Женская одежда;Пуховики
811;Пух. жен. JOANNA2 енот чёрный (баклажан);XL::XS::S::L;3500;1900;45.71;https://lebuto.ru/upload/iblock/fc4/fc41413b7d413ff69d24b74fcd4d99eb.jpeg;https://lebuto.ru/catalog/zhenskaya_odezhda_1/pukhoviki_zimnie_kurtki_i_palto/pukhoviki_1/pukh_zhen_joanna2_enot_chyernyy_baklazhan/;фиолетовый;;Материал верха : 100% полиэстер наполнитель: 90% пух 10% перо;;Женская одежда;Пуховики
812;Пух. жен. NIMFA1 черноб. (черный);XS;3700;2950;34.44;https://lebuto.ru/upload/iblock/e62/e6255a9edafdaf1052ac2bbaa733a31a.jpeg;https://lebuto.ru/catalog/zhenskaya_odezhda_1/pukhoviki_zimnie_kurtki_i_palto/pukhoviki_1/pukh_zhen_nimfa1_chernob_chernyy/;Черный;;Материал верха : 100% полиэстер наполнитель: 90% пух 10% перо;;Женская одежда;Пуховики
813;Пух. жен. Ring черноб. (белый);XL::XS;3000;2000;;https://lebuto.ru/upload/iblock/499/u2b0iev5r4862fy3ea8i7jjr9r7dzufq/a70f1e5d_b7e6_11e3_9ffd_000c29cc46f8_5dc7038a_b789_11ef_816a_000c29cc4602.jpg;https://lebuto.ru/catalog/zhenskaya_odezhda_1/pukhoviki_zimnie_kurtki_i_palto/pukhoviki_1/pukh_zhen_ring_chernob_belyy/;белый;;Материал верха : 100% полиэстер наполнитель: 90% пух 10% перо;;Женская одежда;Пуховики
814;Пух. жен. VENERA черноб. серебро (мор/волна);S::XS;1500;1200;20.февр;https://lebuto.ru/upload/iblock/161/161c7750e65c3c93df7f8e58b41f9ae8.jpeg;https://lebuto.ru/catalog/zhenskaya_odezhda_1/pukhoviki_zimnie_kurtki_i_palto/pukhoviki_1/pukh_zhen_venera_chernob_serebro_mor_volna/;голубой;;Материал верха : 100% полиэстер наполнитель: 90% пух 10% перо;;Женская одежда;Пуховики
815;Пух. жен. VENERA черноб. серебро (фиолет);XS::S::L::M::XL;1500;1200;28.57;https://lebuto.ru/upload/iblock/64d/64dcdecf13307da1075c9c32b678aa20.jpeg;https://lebuto.ru/catalog/zhenskaya_odezhda_1/pukhoviki_zimnie_kurtki_i_palto/pukhoviki_1/pukh_zhen_venera_chernob_serebro_fiolet/;фиолетовый;;Материал верха : 100% полиэстер наполнитель: 90% пух 10% перо;;Женская одежда;Пуховики
816;Пух. жен. VENERA черноб. серебро (черный);L::XS::XL;1500;1200;28.57;https://lebuto.ru/upload/iblock/ef8/ef85493c4e71041621dfb0a8eb9f5e05.jpeg;https://lebuto.ru/catalog/zhenskaya_odezhda_1/pukhoviki_zimnie_kurtki_i_palto/pukhoviki_1/pukh_zhen_venera_chernob_serebro_chernyy/;Черный;;Материал верха : 100% полиэстер наполнитель: 90% пух 10% перо;;Женская одежда;Пуховики
817;Пух. жен. Лиза енот натур. (красный);S::XS;1500;1200;25;https://lebuto.ru/upload/iblock/c3c/c3cafe5585a944ee2c5920c5e4825de7.jpeg;https://lebuto.ru/catalog/zhenskaya_odezhda_1/pukhoviki_zimnie_kurtki_i_palto/pukhoviki_1/pukh_zhen_liza_enot_natur_krasnyy/;красный;;верх: 100% полиэстер, наполнитель: 90% пух, 10% перо, подклад: 100% полиэстер, опушка : енот;;Женская одежда;Пуховики
818;Пух. жен. Лиза енот натур. (черный);XS;1500;1200;25;https://lebuto.ru/upload/iblock/c77/c7765d77f30f7dcb05e532e6732988b7.jpeg;https://lebuto.ru/catalog/zhenskaya_odezhda_1/pukhoviki_zimnie_kurtki_i_palto/pukhoviki_1/pukh_zhen_liza_enot_natur_chernyy/;Черный;;верх: 100% полиэстер, наполнитель: 90% пух, 10% перо, подклад: 100% полиэстер, опушка : чернобурка;;Женская одежда;Пуховики
819;Пух. жен. Нимфа енот натур. (золото);L::XL::XS;2500;2000;22.22;https://lebuto.ru/upload/iblock/d98/fcbdzw0cdbrrwhsdvfv306c0ov9kwhns/a70f1e78_b7e6_11e3_9ffd_000c29cc46f8_adf32756_654f_11ec_8110_000c29cc4602.jpeg;https://lebuto.ru/catalog/zhenskaya_odezhda_1/pukhoviki_zimnie_kurtki_i_palto/pukhoviki_1/pukh_zhen_nimfa_enot_natur_zoloto/;бежевый;;Материал верха : 100% полиэстер наполнитель: 90% пух 10% перо;;Женская одежда;Пуховики
820;Пух. жен. Нимфа енот натур. (черный);XS::L;2500;2000;44.44;https://lebuto.ru/upload/iblock/dc9/dc968d4f3b34268251a043e4ecef2e81.jpeg;https://lebuto.ru/catalog/zhenskaya_odezhda_1/pukhoviki_zimnie_kurtki_i_palto/pukhoviki_1/pukh_zhen_nimfa_enot_natur_chernyy/;Черный;;Материал верха : 100% полиэстер наполнитель: 90% пух 10% перо;;Женская одежда;Пуховики
821;Пух. жен. Нимфа енот натур. (шоколад);XS::XL::L;2500;2000;44.44;https://lebuto.ru/upload/iblock/003/a70f1e7c_b7e6_11e3_9ffd_000c29cc46f8_268599f3_26c4_11e4_ad65_000c29cc4602.jpeg;https://lebuto.ru/catalog/zhenskaya_odezhda_1/pukhoviki_zimnie_kurtki_i_palto/pukhoviki_1/pukh_zhen_nimfa_enot_natur_shokolad/;шоколад;;Материал верха : 100% полиэстер наполнитель: 90% пух 10% перо;;Женская одежда;Пуховики
822;Пух. жен. Нимфа черноб, серебро (серебро);M::S;2500;2000;35.56;https://lebuto.ru/upload/iblock/f08/70b9445f_b7e3_11e3_9ffd_000c29cc46f8_729448a3_a649_11eb_80ed_000c29cc4602.jpeg;https://lebuto.ru/catalog/zhenskaya_odezhda_1/pukhoviki_zimnie_kurtki_i_palto/pukhoviki_1/pukh_zhen_nimfa_chernob_serebro_serebro_1/;т.серый;;верх: 100% полиэстер, наполнитель: 90% пух, 10% перо, подклад: 100% полиэстер, опушка : чернобурка;;Женская одежда;Пуховики
823;Пух. жен. Нимфа черноб. серебро (серебро);XS;2500;2000;28.18;https://lebuto.ru/upload/iblock/005/a70f1e7e_b7e6_11e3_9ffd_000c29cc46f8_e1093f27_736b_11e8_9f15_000c29cc4602.jpeg;https://lebuto.ru/catalog/zhenskaya_odezhda_1/pukhoviki_zimnie_kurtki_i_palto/pukhoviki_1/pukh_zhen_nimfa_chernob_serebro_serebro/;Серый;;Материал верха : 100%полиамид - нейлон, подклад: 100% полиэстер, наполнитель: 90% пух 10% перо, мех - чернобурка.;;Женская одежда;Пуховики
824;Пух. жен. Ринг енот натур. (цикломен);XS::S;2500;2000;44.44;https://lebuto.ru/upload/iblock/7c8/7c8e92c5e05a0890e422dac64c41ec77.jpeg;https://lebuto.ru/catalog/zhenskaya_odezhda_1/pukhoviki_zimnie_kurtki_i_palto/pukhoviki_1/pukh_zhen_ring_enot_natur_tsiklomen/;розовый;;Материал верха : 100% полиэстер наполнитель: 90% пух 10% перо;;Женская одежда;Пуховики
825;Пух. жен. Ринг черноб. серебро (корал.);XL;2500;2000;19.33;https://lebuto.ru/upload/iblock/057/05736391fe8bbdd582e8e3657b53435c.jpeg;https://lebuto.ru/catalog/zhenskaya_odezhda_1/pukhoviki_zimnie_kurtki_i_palto/pukhoviki_1/pukh_zhen_ring_chernob_serebro_koral_/;коралловый;;Материал верха : 100% полиэстер наполнитель: 90% пух 10% перо;;Женская одежда;Пуховики
826;Пух. жен. Ферана енот натур. (черный);XS;2500;2000;34.44;https://lebuto.ru/upload/iblock/0d2/0d2aec7c488ea1de7174e0c9694fbc71.jpeg;https://lebuto.ru/catalog/zhenskaya_odezhda_1/pukhoviki_zimnie_kurtki_i_palto/pukhoviki_1/pukh_zhen_ferana_enot_natur_chernyy/;Черный;;Материал верха : 100% полиэстер наполнитель: 90% пух 10% перо;;Женская одежда;Пуховики
827;Пух. жен. Ферана енот натур. (шоколад);S::XS;2500;2000;39.8;https://lebuto.ru/upload/iblock/995/1atd200ejm0mcjaaylt2xxllgjimi1ht/a70f1e8b_b7e6_11e3_9ffd_000c29cc46f8_29e482f9_a401_11ec_811e_000c29cc4602.jpeg;https://lebuto.ru/catalog/zhenskaya_odezhda_1/pukhoviki_zimnie_kurtki_i_palto/pukhoviki_1/pukh_zhen_ferana_enot_natur_shokolad/;шоколад;;Материал верха : 100% полиэстер наполнитель: 90% пух 10% перо;;Женская одежда;Пуховики
828;Пух. жен. Ферана черноб. серебро (баклажан);XS::S;2500;2000;46.15;https://lebuto.ru/upload/iblock/b0b/b0b8e81787d706c7af8439941da8e365.jpeg;https://lebuto.ru/catalog/zhenskaya_odezhda_1/pukhoviki_zimnie_kurtki_i_palto/pukhoviki_1/pukh_zhen_ferana_chernob_serebro_baklazhan/;фиолетовый;;верх : 100% полиэстер, подклад: 100% полиэстер, наполнитель: 90% пух 10% перо, опушка натуральный мех;;Женская одежда;Пуховики
829;Пух. жен. Ферана черноб. серебро (черный);XS;2500;2000;46.15;https://lebuto.ru/upload/iblock/af8/af89b548705043b8b135c929719ae7bc.jpeg;https://lebuto.ru/catalog/zhenskaya_odezhda_1/pukhoviki_zimnie_kurtki_i_palto/pukhoviki_1/pukh_zhen_ferana_chernob_serebro_chernyy/;Черный;;Материал верха : 100% полиэстер наполнитель: 90% пух 10% перо;;Женская одежда;Пуховики
830;Пух. муж. ADD без меха (черный);S;1500;990;20;https://lebuto.ru/upload/iblock/53c/ad09b4c3_b7e6_11e3_9ffd_000c29cc46f8_622f7530_14fa_11e7_8ba8_000c29cc4602.jpeg;https://lebuto.ru/catalog/muzhskaya_odezhda_1/pukhoviki_zimnie_kurtki/pukhoviki/pukh_muzh_add_bez_mekha_chernyy/;Черный;;Материал верха : 100% полиэстер наполнитель: 90% пух 10% перо;;Мужская одежда;Пуховики
831;Пух. муж. LAB без меха (черный);L::XL::S::M;1500;990;32.26;https://lebuto.ru/upload/iblock/e8b/e8be6b02044c4635c40afb6f93ef115d.jpeg;https://lebuto.ru/catalog/muzhskaya_odezhda_1/pukhoviki_zimnie_kurtki/pukhoviki/pukh_muzh_lab_bez_mekha_chernyy/;Черный;;Материал верха : 100% полиэстер наполнитель: 90% пух 10% перо;;Мужская одежда;Пуховики
832;Пух. муж. LAB енот натур. (черный);M::S::2XL;1500;990;32.43;https://lebuto.ru/upload/iblock/c7a/c7ac28d90170da4ac9552d57d48995e8.jpeg;https://lebuto.ru/catalog/muzhskaya_odezhda_1/pukhoviki_zimnie_kurtki/pukhoviki/pukh_muzh_lab_enot_natur_chernyy/;Черный;;Материал верха : 100% полиэстер наполнитель: 90% пух 10% перо;;Мужская одежда;Пуховики
833;Пух. муж. MARCUS енот натур. (черный);S;1500;990;32.43;https://lebuto.ru/upload/iblock/91a/91ad5d9ac69160b9def7d4598058626a.jpeg;https://lebuto.ru/catalog/muzhskaya_odezhda_1/pukhoviki_zimnie_kurtki/pukhoviki/pukh_muzh_marcus_enot_natur_chernyy/;Черный;;Материал верха : 100% полиэстер наполнитель: 90% пух 10% перо;;Мужская одежда;Пуховики
834;Пух. муж. W TINKER черн. енот натур.;M::S;1500;990;20.97;https://lebuto.ru/upload/iblock/5bf/5bf1bc609e9c1e145a42675a49857457.jpeg;https://lebuto.ru/catalog/muzhskaya_odezhda_1/pukhoviki_zimnie_kurtki/pukhoviki/pukh_muzh_whs_tinker_chern_enot_natur/;Черный;;Материал верха : 100% полиэстер наполнитель: 90% пух 10% перо;;Мужская одежда;Пуховики
835;Пух. муж. W АДД (черный) б/м;M;3600;2400;33.33;https://lebuto.ru/upload/iblock/71a/bb69f470_c368_49f3_8b8b_0397a29d9e4a_df0b6487_4a56_11e5_80e9_000c29cc4602.jpeg;https://lebuto.ru/catalog/muzhskaya_odezhda_1/pukhoviki_zimnie_kurtki/pukhoviki/pukh_muzh_whs_add_chernyy_b_m/;Черный;;Материал верха : 100% полиэстер наполнитель: 90% пух 10% перо;;Мужская одежда;Пуховики
836;Пух. пальто Diana чернобурка (баклажан);S;3700;2900;;https://lebuto.ru/upload/iblock/44e/1nnui23xcb1qazrz0u2emdl0ounktili/75cd668a_1c07_11e6_894d_000c29cc4602_a6c66990_b78b_11ef_816a_000c29cc4602.jpg;https://lebuto.ru/catalog/zhenskaya_odezhda_1/palto_1/palto_pukhovoe/pukh_palto_diana_chernoburka_baklazhan/;фиолетовый;;;;Женская одежда;Пальто пуховое
837;Пух. пальто Milana енот натур. (черный);XS;2000;1200;28.57;https://lebuto.ru/upload/iblock/7a9/byac2t7o8r2n8lhs6jcdsd02wu2og8wd/b087ed15_e705_4f5c_88dc_8406f988a562_f6e7b382_a400_11ec_811e_000c29cc4602.jpeg;https://lebuto.ru/catalog/zhenskaya_odezhda_1/palto_1/palto_pukhovoe/pukh_palto_milana_enot_natur_chernyy/;Черный;;Материал верха : 100% полиэстер наполнитель: 90% пух 10% перо;;Женская одежда;Пальто пуховое
838;Пух. пальто Milana чернобурка (брусника);XS;2500;1200;30.77;https://lebuto.ru/upload/iblock/d31/qlio3ie1glqzvld1h4pzqguoffvto03o/27c242ee_b7e3_11e3_9ffd_000c29cc46f8_b3ca3ca4_a048_11ec_811e_000c29cc4602.jpeg;https://lebuto.ru/catalog/zhenskaya_odezhda_1/palto_1/palto_pukhovoe/pukh_palto_milana_chernoburka_brusnika/;бордовый;;Материал верха : 100% полиэстер наполнитель: 90% пух 10% перо;;Женская одежда;Пальто пуховое
839;Пух. пальто Milana чернобурка (морская волна);XS;2500;1200;30.77;https://lebuto.ru/upload/iblock/f06/f66e5b80_0af4_42e6_ab63_cd320aac79c0_bcb84432_4725_11e5_80e9_000c29cc4602.jpeg;https://lebuto.ru/catalog/zhenskaya_odezhda_1/palto_1/palto_pukhovoe/pukh_palto_milana_chernoburka_morskaya_volna/;зеленый;;Материал верха : 100% полиэстер наполнитель: 90% пух 10% перо;;Женская одежда;Пальто пуховое
840;Пух. пальто Serpantin серебро (металл);S;1500;1200;38.33;https://lebuto.ru/upload/iblock/e99/845430bb_80e2_4827_ba22_a4326a1d9c50_a11a25c5_551e_11e9_badb_000c29cc4602.jpeg;https://lebuto.ru/catalog/zhenskaya_odezhda_1/palto_1/palto_pukhovoe/pukh_palto_serpantin_serebro_metall/;т.серый;;верх: 100% полиэстер, наполнитель: 90% пух, 10% перо, подклад: 100% полиэстер;;Женская одежда;Пальто пуховое
841;Пух. пальто Serpantin серебро (сине-черная);S;1500;1200;;https://lebuto.ru/upload/iblock/91f/3o4aufmk1n5og73btbvx48j3z2he6js8/ad09b518_b7e6_11e3_9ffd_000c29cc46f8_af952965_b78c_11ef_816a_000c29cc4602.jpg;https://lebuto.ru/catalog/zhenskaya_odezhda_1/palto_1/palto_pukhovoe/pukh_palto_serpantin_serebro_sine_chernaya/;Черный;;пухперо;;Женская одежда;Пальто пуховое
842;Пух. пальто Serpantin черноб.серебро (металл);XS::XL;3700;2900;38.1;https://lebuto.ru/upload/iblock/819/f5748547_3f1a_40d7_99a4_133186f9a126_4a99af21_5f55_11e9_a6d6_000c29cc4602.jpeg;https://lebuto.ru/catalog/zhenskaya_odezhda_1/palto_1/palto_pukhovoe/pukh_palto_serpantin_chernob_serebro_metall/;;;пухперо;;Женская одежда;Пальто пуховое
843;Пух. пальто жен. LAURA енот натур. (бордо);XS;2000;1200;18.18;https://lebuto.ru/upload/iblock/701/c3e4b22c_b7e6_11e3_9ffd_000c29cc46f8_28d13d70_1332_11e4_8fca_000c29cc4602.jpeg;https://lebuto.ru/catalog/zhenskaya_odezhda_1/palto_1/palto_pukhovoe/pukh_palto_zhen_laura_enot_natur_bordo/;бордовый;;Материал верха : 100% полиэстер наполнитель: 90% пух 10% перо;;Женская одежда;Пальто пуховое
844;Пух. пальто жен. LAURA енот натур. (брусника);XS;2000;1500;18.18;https://lebuto.ru/upload/iblock/2aa/3jq6w32f2ccrdarf3fdsxack6z62fa2h/c3e4b22e_b7e6_11e3_9ffd_000c29cc46f8_7ab2d640_a048_11ec_811e_000c29cc4602.jpeg;https://lebuto.ru/catalog/zhenskaya_odezhda_1/palto_1/palto_pukhovoe/pukh_palto_zhen_laura_enot_natur_brusnika/;розовый;;Материал верха : 100% полиэстер наполнитель: 90% пух 10% перо;;Женская одежда;Пальто пуховое
845;Пуховик AI 8006 черно-зеленый;L::XL::2XL::3XL::4XL::5XL;4900;3920;0;https://lebuto.ru/upload/iblock/e65/ip31wticzb6zk0ammxe2lj3ikejr9oxj/e3135136_6ddc_11ec_8112_000c29cc4602_2818deeb_6e58_11ec_8112_000c29cc4602.jpeg;https://lebuto.ru/catalog/muzhskaya_odezhda_1/pukhoviki_zimnie_kurtki/pukhoviki/pukhovik_ai_8006_cherno_zelenyy/;зеленый;;;;Мужская одежда;Пуховики
846;Пуховик AI 8006 черно-серый;L::3XL::4XL::5XL;4900;3920;0;https://lebuto.ru/upload/iblock/dea/35y4vykb6zzeq6mos7zoobwvpa3b5i0k/9dced3c7_6ddc_11ec_8112_000c29cc4602_2ea4d69e_6e58_11ec_8112_000c29cc4602.jpeg;https://lebuto.ru/catalog/muzhskaya_odezhda_1/pukhoviki_zimnie_kurtki/pukhoviki/pukhovik_ai_8006_cherno_seryy/;Серый;;;;Мужская одежда;Пуховики
847;Пуховик ATX 1001012888 black;2XL;5500;4400;21.38;https://lebuto.ru/upload/iblock/663/dc13b2c7_e6a4_11ea_80e9_000c29cc4602_db98b3a5_021a_11eb_80e9_000c29cc4602.jpeg;https://lebuto.ru/catalog/muzhskaya_odezhda_1/pukhoviki_zimnie_kurtki/pukhoviki/pukhovik_arc_teryx_1001012888_black/;Черный;;верх: 94% полиэстер, 6% эластан, подклад: 100% полиэстер, наполнитель: 80% пух 20% перо;;Мужская одежда;Пуховики
848;Пуховик ATX 8801 темно-синий;3XL/52::M/44::L/46::XL/48::2XL/50;5500;4400;23.81;https://lebuto.ru/upload/iblock/f0f/a7b7ff3b_2246_11eb_80e9_000c29cc4602_df3f04e6_2d67_11eb_80e9_000c29cc4602.jpeg;https://lebuto.ru/catalog/muzhskaya_odezhda_1/pukhoviki_zimnie_kurtki/pukhoviki/pukhovik_arc_teryx_8801_temno_siniy/;темно-синий;;верх: 100% нейлон, подклад: 100% нейлон, наполнитель: 90% пух 10% перо;;Мужская одежда;Пуховики
849;Пуховик ATX 8801 черный;3XL/52::XL/48;5500;4400;23.81;https://lebuto.ru/upload/iblock/746/d730a4a8_2246_11eb_80e9_000c29cc4602_a4fc508b_2d6a_11eb_80e9_000c29cc4602.jpeg;https://lebuto.ru/catalog/muzhskaya_odezhda_1/pukhoviki_zimnie_kurtki/pukhoviki/pukhovik_arc_teryx_8801_chernyy/;Черный;;верх: 100% нейлон, подклад: 100% нейлон, наполнитель: 90% пух 10% перо;;Мужская одежда;Пуховики
850;Пуховик BRY 31701 голубой;130::110::120::140;8800;6999;20.47;https://lebuto.ru/upload/iblock/99a/n1lw5erfthicuiehb9eb7b0udg31axu9/6944b99f_6de0_11ec_8112_000c29cc4602_37cb805c_6e58_11ec_8112_000c29cc4602.jpeg;https://lebuto.ru/catalog/devochkam_1/pukhoviki_zimnie_kurtki_1/pukhoviki_2/pukhovik_bry_31701_goluboy/;голубой;;;;Девочкам;Пуховики
851;Пуховик C 8028 серый;M::L::XL;5500;4400;окт.53;https://lebuto.ru/upload/iblock/018/eebe32ab_1ff5_11eb_80e9_000c29cc4602_1708ce4e_32e2_11eb_80e9_000c29cc4602.jpeg;https://lebuto.ru/catalog/muzhskaya_odezhda_1/pukhoviki_zimnie_kurtki/pukhoviki/pukhovik_columbia_8028_seryy/;Серый;;;;Мужская одежда;Пуховики
852;Пуховик C 8028 темно-синий;L::M::XL;5500;4400;окт.53;https://lebuto.ru/upload/iblock/b59/44ecc565_1ff6_11eb_80e9_000c29cc4602_26d78372_32e2_11eb_80e9_000c29cc4602.jpeg;https://lebuto.ru/catalog/muzhskaya_odezhda_1/pukhoviki_zimnie_kurtki/pukhoviki/pukhovik_columbia_8028_temno_siniy/;темно-синий;;;;Мужская одежда;Пуховики
853;Пуховик C 8028 черный;M::L;5500;4400;окт.53;https://lebuto.ru/upload/iblock/858/892b6811_1ff6_11eb_80e9_000c29cc4602_35f29e1e_32e2_11eb_80e9_000c29cc4602.jpeg;https://lebuto.ru/catalog/muzhskaya_odezhda_1/pukhoviki_zimnie_kurtki/pukhoviki/pukhovik_columbia_8028_chernyy/;Черный;;;;Мужская одежда;Пуховики
854;Пуховик EA7 5513 черный;2XL::3XL;5900;4500;40.79;https://lebuto.ru/upload/iblock/72c/a5b7b6bc_2247_11eb_80e9_000c29cc4602_465c84d0_32e2_11eb_80e9_000c29cc4602.jpeg;https://lebuto.ru/catalog/muzhskaya_odezhda_1/pukhoviki_zimnie_kurtki/pukhoviki/pukhovik_ea7_5513_chernyy/;Черный;;;;Мужская одежда;Пуховики
855;Пуховик EA7 86025 серый;L;3000;2400;23.53;https://lebuto.ru/upload/iblock/47d/8adb26b2_0feb_11e9_9d72_000c29cc4602_1b8ad57a_3423_11e9_98f6_000c29cc4602.jpeg;https://lebuto.ru/catalog/muzhskaya_odezhda_1/pukhoviki_zimnie_kurtki/pukhoviki/pukhovik_ea7_86025_seryy/;Серый;;верх: 100% полиэстер, подклад: 100% полиэстер, наполнитель: 90% пух, 10% перо;;Мужская одежда;Пуховики
856;Пуховик LINKCODE 34871 милитари зеленый;XL::XS::S::M::L;4900;3920;38.19;https://lebuto.ru/upload/iblock/9f4/97236bf9_fa0d_11e9_80df_000c29cc4602_4915ed94_1a66_11ea_80e0_000c29cc4602.jpeg;https://lebuto.ru/catalog/muzhskaya_odezhda_1/pukhoviki_zimnie_kurtki/pukhoviki/pukhovik_linkcode_34871_militari_zelenyy/;зеленый;;верх: 100% полиэстер, подклад: 100% полиэстер, наполнитель: 80% пух, 20% перо;;Мужская одежда;Пуховики
857;Пуховик MM C4027 мех белый;M::L::XL;7900;5500;0;https://lebuto.ru/upload/iblock/338/f5657297_339d_11eb_80e9_000c29cc4602_038fe73d_3859_11eb_80eb_000c29cc4602.jpeg;https://lebuto.ru/catalog/zhenskaya_odezhda_1/pukhoviki_zimnie_kurtki_i_palto/pukhoviki_1/pukhovik_mr_mrs_c4027_mekh_belyy/;белый;;верх: 100% полиэстер, подклад: 100% полиэстер, наполнитель: 90% пух 10% перо, опушка: енот;;Женская одежда;Пуховики
858;Пуховик MM C4027 мех зеленый;M::L::XL;7900;5500;0;https://lebuto.ru/upload/iblock/de8/d16d286c_339d_11eb_80e9_000c29cc4602_0cba61d1_3859_11eb_80eb_000c29cc4602.jpeg;https://lebuto.ru/catalog/zhenskaya_odezhda_1/pukhoviki_zimnie_kurtki_i_palto/pukhoviki_1/pukhovik_mr_mrs_c4027_mekh_zelenyy/;зеленый;;верх: 100% полиэстер, подклад: 100% полиэстер, наполнитель: 90% пух 10% перо, опушка: енот;;Женская одежда;Пуховики
859;Пуховик MR 4030005 темно-синий;5/50::6/52::3/46::4/48;5500;4400;30;https://lebuto.ru/upload/iblock/a79/86bb0273_339b_11eb_80e9_000c29cc4602_221e8e1a_385c_11eb_80eb_000c29cc4602.jpeg;https://lebuto.ru/catalog/muzhskaya_odezhda_1/pukhoviki_zimnie_kurtki/pukhoviki/pukhovik_moncler_4030005_temno_siniy/;темно-синий;;верх: 100% полиэстер, подклад: 100% полиэстер, наполнитель: 90% пух 10% перо;;Мужская одежда;Пуховики
860;Пуховик MR 88187 темно-синий;3/50::4/52;5500;4400;12.май;https://lebuto.ru/upload/iblock/da0/91db5bb2_339c_11eb_80e9_000c29cc4602_dd6b5b31_385a_11eb_80eb_000c29cc4602.jpeg;https://lebuto.ru/catalog/muzhskaya_odezhda_1/pukhoviki_zimnie_kurtki/pukhoviki/pukhovik_moncler_88187_temno_siniy/;темно-синий;;верх: 100% полиэстер, подклад: 100% полиэстер, наполнитель: 90% пух 10% перо;;Мужская одежда;Пуховики
861;Пуховик PS 78PS-71 серый;2XL;3500;2800;23.53;https://lebuto.ru/upload/iblock/f02/7bc60b68_cbde_11ea_80e9_000c29cc4602_cdc4b4e1_d6f0_11ea_80e9_000c29cc4602.jpeg;https://lebuto.ru/catalog/muzhskaya_odezhda_1/pukhoviki_zimnie_kurtki/pukhoviki/pukhovik_paul_shark_78ps_71_seryy/;Серый;;верх: 100% полиэстер, подклад: 100% полиэстер, наполнитель: 70% пух, 30% перо;;Мужская одежда;Пуховики
862;Пуховик S F AW8203Y col: DG433 (yellow);XS/44;5500;4400;25.84;https://lebuto.ru/upload/iblock/e66/287293bf_fef7_11ea_80e9_000c29cc4602_8251edc6_1434_11eb_80e9_000c29cc4602.jpeg;https://lebuto.ru/catalog/muzhskaya_odezhda_1/pukhoviki_zimnie_kurtki/pukhoviki/pukhovik_shark_force_aw8203y_col_dg433_yellow/;песочный;;верх: 85% полиэстер 15% хлопок, подклад: полиэстер/нейлон, наполнитель: 90%пух, 10%перо;;Мужская одежда;Пуховики
863;Пуховик SGE SICB-P104/1568;;3900;3120;;https://lebuto.ru/upload/iblock/b76/svelsucjxfu3hdl347f6sqj7cv1ixzb7/2bcbb4d2_005f_11ef_8146_000c29cc4602_cde47b20_b868_11ef_816a_000c29cc4602.jpg;https://lebuto.ru/catalog/zhenskaya_odezhda_1/pukhoviki_zimnie_kurtki_i_palto/pukhoviki_1/pukhovik_sge_sicb_p104_1568/;;;;;Женская одежда;Пуховики
864;Пуховик SGE SID-A809/01#;50::42;6700;5300;-2.59;https://lebuto.ru/upload/iblock/377/603185b9_0160_11eb_80e9_000c29cc4602_3d520df3_0850_11eb_80e9_000c29cc4602.jpeg;https://lebuto.ru/catalog/zhenskaya_odezhda_1/pukhoviki_zimnie_kurtki_i_palto/pukhoviki_1/pukhovik_snowimage_sid_a809_01/;белый;;верх: 100% полиэстер, наполнитель: 70% пух 30% перо, подклад: 100% полиэстер;;Женская одежда;Пуховики
865;Пуховик SGE SID-A821/3624;;5900;4720;;https://lebuto.ru/upload/iblock/143/h2s4m53venugt60jkkg48qw6jtwpol0b/211fa29b_005e_11ef_8146_000c29cc4602_55220fa6_b869_11ef_816a_000c29cc4602.jpg;https://lebuto.ru/catalog/zhenskaya_odezhda_1/pukhoviki_zimnie_kurtki_i_palto/pukhoviki_1/pukhovik_sge_sid_a821_3624/;;;;;Женская одежда;Пуховики
866;Пуховик TINKER черный без меха;S::M;2500;1500;40;https://lebuto.ru/upload/iblock/aae/aae1406206b0573f8be0e6e162648ab8.jpeg;https://lebuto.ru/catalog/muzhskaya_odezhda_1/pukhoviki_zimnie_kurtki/pukhoviki/pukhovik_tinker_chernyy_bez_mekha/;Черный;;Материал верха : 100% полиэстер наполнитель: 90% пух 10% перо;;Мужская одежда;Пуховики
867;Пуховик TNF 2012 черный;XL::M::L::2XL;5500;4400;14.81;https://lebuto.ru/upload/iblock/24f/09143396_1ff7_11eb_80e9_000c29cc4602_9114f701_32e2_11eb_80e9_000c29cc4602.jpeg;https://lebuto.ru/catalog/muzhskaya_odezhda_1/pukhoviki_zimnie_kurtki/pukhoviki/pukhovik_tnf_2012_chernyy/;Черный;;;;Мужская одежда;Пуховики
868;Пуховик TNF 78NF-163 фиолетовый;S(40/42);2000;1600;июль.14;https://lebuto.ru/upload/iblock/43f/fc53aef5_cbeb_11ea_80e9_000c29cc4602_ce594e56_2ae2_11eb_80e9_000c29cc4602.jpeg;https://lebuto.ru/catalog/zhenskaya_odezhda_1/pukhoviki_zimnie_kurtki_i_palto/pukhoviki_1/pukhovik_tnf_78nf_163_fioletovyy/;фиолетовый;;верх: 100% нейлон, подклад: 100% нейлон, наполнитель: 90% пух 10% перо;;Женская одежда;Пуховики
869;Пуховик TNF 78NF-163 черный;S(40/42)::M(42/44)::L(44/46)::XL(46/48);2000;1600;июль.14;https://lebuto.ru/upload/iblock/f88/93454a1a_cbeb_11ea_80e9_000c29cc4602_fbdc8439_2ae2_11eb_80e9_000c29cc4602.jpeg;https://lebuto.ru/catalog/zhenskaya_odezhda_1/pukhoviki_zimnie_kurtki_i_palto/pukhoviki_1/pukhovik_tnf_78nf_163_chernyy/;Черный;;верх: 100% нейлон, подклад: 100% нейлон, наполнитель: 90% пух 10% перо;;Женская одежда;Пуховики
870;Пуховик TNF 89036 черный;M;4500;3600;20;https://lebuto.ru/upload/iblock/f82/f1fece25_cbf6_11ea_80e9_000c29cc4602_ddb0d3a7_d6f2_11ea_80e9_000c29cc4602.jpeg;https://lebuto.ru/catalog/muzhskaya_odezhda_1/pukhoviki_zimnie_kurtki/pukhoviki/pukhovik_tnf_89036_chernyy/;Черный;;;;Мужская одежда;Пуховики
871;Пуховик TW Q31 красный/енот;S;1500;990;-2.14;https://lebuto.ru/upload/iblock/e0f/694ee47b_10ce_11ea_80e0_000c29cc4602_3e69b845_1bda_11ea_80e0_000c29cc4602.jpeg;https://lebuto.ru/catalog/zhenskaya_odezhda_1/pukhoviki_zimnie_kurtki_i_palto/pukhoviki_1/pukhovik_teenie_weenie_q31_krasnyy_enot/;красный;;верх: 100% нейлон, подклад: 100% нейлон, наполнитель: 70% пух 30% перо, опушка: енот;;Женская одежда;Пуховики
872;Пуховик TW Q31 черный/енот;S;1500;990;-2.14;https://lebuto.ru/upload/iblock/831/160ea33b_10ce_11ea_80e0_000c29cc4602_65f4ad77_1bda_11ea_80e0_000c29cc4602.jpeg;https://lebuto.ru/catalog/zhenskaya_odezhda_1/pukhoviki_zimnie_kurtki_i_palto/pukhoviki_1/pukhovik_teenie_weenie_q31_chernyy_enot/;Черный;;верх: 100% нейлон, подклад: 100% нейлон, наполнитель: 70% пух 30% перо, опушка: енот;;Женская одежда;Пуховики
873;Пуховик WR 751338 color: B01;42::46::50;4900;3920;21.дек;https://lebuto.ru/upload/iblock/43f/q49p3j2hovyr11gxqnrl6iyffglg7phd/432a274d_2676_11ec_80fe_000c29cc4602_5ca14017_34da_11ec_8101_000c29cc4602.jpeg;https://lebuto.ru/catalog/zhenskaya_odezhda_1/pukhoviki_zimnie_kurtki_i_palto/pukhoviki_1/pukhovik_whs_roma_751338_color_b01/;Черный;;;;Женская одежда;Пуховики
874;Пуховик ZIW INI 14272 темно-синий;;1000;800;;https://lebuto.ru/upload/iblock/439/2i5pz7e4jyyvk3u9t31j79cxpm4wlx8b/265b7d24_0143_11ef_8146_000c29cc4602_ae82a4d0_b86c_11ef_816a_000c29cc4602.jpg;https://lebuto.ru/catalog/zhenskaya_odezhda_1/pukhoviki_zimnie_kurtki_i_palto/pukhoviki_1/pukhovik_ziw_ini_14272_temno_siniy_1/;;;;;Женская одежда;Пуховики
875;Пуховик Б/Н 03211 св.синий;XL::S;2900;1500;0;https://lebuto.ru/upload/iblock/b43/ctcew3d453f465obb3yia4h8oxx5deuq/c8a25f0a_66d7_11ec_8111_000c29cc4602_7c290d19_6bf7_11ec_8112_000c29cc4602.jpeg;https://lebuto.ru/catalog/zhenskaya_odezhda_1/pukhoviki_zimnie_kurtki_i_palto/pukhoviki_1/pukhovik_b_n_03211_sv_siniy/;св.синий;;;;Женская одежда;Пуховики
876;Пуховик Б/Н 03211 серый;S;2900;1500;0;https://lebuto.ru/upload/iblock/53e/i4jukdirbanep0wmqoupyc8q8i4lqnjp/63439d6e_66d8_11ec_8111_000c29cc4602_8e11f861_6bf7_11ec_8112_000c29cc4602.jpeg;https://lebuto.ru/catalog/zhenskaya_odezhda_1/pukhoviki_zimnie_kurtki_i_palto/pukhoviki_1/pukhovik_b_n_03211_seryy/;Серый;;;;Женская одежда;Пуховики
877;Пуховик Б/Н 03211 сиреневый;S::M;2900;1500;0;https://lebuto.ru/upload/iblock/6be/vniojbppxk5p07ks8z7otwfjuebxb33m/947a9f44_66d7_11ec_8111_000c29cc4602_5b9e0cdc_68d3_11ec_8112_000c29cc4602.jpeg;https://lebuto.ru/catalog/zhenskaya_odezhda_1/pukhoviki_zimnie_kurtki_i_palto/pukhoviki_1/pukhovik_b_n_03211_sirenevyy/;сирень;;;;Женская одежда;Пуховики
878;Пуховик детский MR 6012 бел./мех;3(140/145)::4(150/155);8500;7500;нояб.76;https://lebuto.ru/upload/iblock/744/744935333a572a85a1c2566ab10ac6ed.jpeg;https://lebuto.ru/catalog/devochkam_1/pukhoviki_zimnie_kurtki_1/pukhoviki_2/pukhovik_detskiy_moncler_6012_bel_mekh/;белый;;;;Девочкам;Пуховики
879;Пуховик женский B 17129 розовый;36/S;7900;6320;-28.32;https://lebuto.ru/upload/iblock/a66/3ac09bdd_f96c_11e9_80df_000c29cc4602_58b1adcf_05d8_11ea_80df_000c29cc4602.jpeg;https://lebuto.ru/catalog/zhenskaya_odezhda_1/pukhoviki_zimnie_kurtki_i_palto/pukhoviki_1/pukhovik_zhenskiy_b_17129_rozovyy/;розовый;;верх: 100% полиэстер, подклад: 100% полиэстер, наполнитель: 80% пух, 20% перо, опушка : чернобурка.;;Женская одежда;Пуховики
880;Пуховик женский B 17129 серый;40/L::42/XL;7900;6320;-2.69;https://lebuto.ru/upload/iblock/65e/0c5457b9_f96e_11e9_80df_000c29cc4602_e5e3cfef_05da_11ea_80df_000c29cc4602.jpeg;https://lebuto.ru/catalog/zhenskaya_odezhda_1/pukhoviki_zimnie_kurtki_i_palto/pukhoviki_1/pukhovik_zhenskiy_b_17129_seryy/;Серый;;верх: 100% полиэстер, подклад: 100% полиэстер, наполнитель: 80% пух, 20% перо, опушка : чернобурка.;;Женская одежда;Пуховики
881;Пуховик женский B 17129 синий;40/L::42/XL;7900;6320;-2.69;https://lebuto.ru/upload/iblock/026/acc40d42_f96d_11e9_80df_000c29cc4602_b3c1ac25_05da_11ea_80df_000c29cc4602.jpeg;https://lebuto.ru/catalog/zhenskaya_odezhda_1/pukhoviki_zimnie_kurtki_i_palto/pukhoviki_1/pukhovik_zhenskiy_b_17129_siniy/;Синий;;верх: 100% полиэстер, подклад: 100% полиэстер, наполнитель: 80% пух, 20% перо, опушка : чернобурка.;;Женская одежда;Пуховики
882;Пуховик женский CG 706 бирюзовый;M;2000;1600;-27.97;https://lebuto.ru/upload/iblock/808/c58452fb_b652_11e8_9f15_000c29cc4602_378dc68d_bcac_11e8_9f15_000c29cc4602.jpeg;https://lebuto.ru/catalog/zhenskaya_odezhda_1/pukhoviki_zimnie_kurtki_i_palto/pukhoviki_1/pukhovik_zhenskiy_canada_goose_706_biryuzovyy/;бирюзовый;;100% полиэстер, наполнитель: 80% пух, 20% перо;;Женская одежда;Пуховики
883;Пуховик женский Merlion B-580 (т.серый) б/м;XS::S;2000;1200;21.98;https://lebuto.ru/upload/iblock/d1e/d1ee779eab213055772a8bd471b024fc.jpeg;https://lebuto.ru/catalog/zhenskaya_odezhda_1/pukhoviki_zimnie_kurtki_i_palto/pukhoviki_1/pukhovik_zhenskiy_merlion_b_580_t_seryy_b_m/;т.серый;;верх: 100% полиэстер, наполнитель: 90% пух 10% перо, подклад: 100% полиэстер;;Женская одежда;Пуховики
884;Пуховик женский Merlion B-580 (черный) б/м;S;2000;1200;21.98;https://lebuto.ru/upload/iblock/14b/14b2f1ec0f17f2c7c65debbd4397d202.jpeg;https://lebuto.ru/catalog/zhenskaya_odezhda_1/pukhoviki_zimnie_kurtki_i_palto/pukhoviki_1/pukhovik_zhenskiy_merlion_b_580_chernyy_b_m/;Черный;;верх: 100% полиэстер, наполнитель: 90% пух 10% перо, подклад: 100% полиэстер;;Женская одежда;Пуховики
885;Пуховик женский Merlion В-530 (коричневый);XS;1500;990;52;https://lebuto.ru/upload/iblock/15b/15bf6fe75d1d0ab037017c7579f7961f.jpeg;https://lebuto.ru/catalog/zhenskaya_odezhda_1/pukhoviki_zimnie_kurtki_i_palto/pukhoviki_1/pukhovik_zhenskiy_merlion_v_530_korichnevyy/;коричневый;;Материал верха: 100% полиэстер, подклад:100% полиэстер, утеплитель: 90% пух, 10%перо;;Женская одежда;Пуховики
886;Пуховик женский MM 182#OV0147 мех черный;L;7900;6320;19.46;https://lebuto.ru/upload/iblock/3f6/iezu0pplkjpyifx5zh22jx3t1yfjp53n/7e7d0999_2927_11ea_80e2_000c29cc4602_4f29b23f_ca7a_11eb_80f1_000c29cc4602.jpeg;https://lebuto.ru/catalog/zhenskaya_odezhda_1/pukhoviki_zimnie_kurtki_i_palto/pukhoviki_1/pukhovik_zhenskiy_mr_mrs_182_ov0147_mekh_chernyy/;Черный;;100% полиэстер, наполнитель: 90% пух, 10% перо ;;Женская одежда;Пуховики
887;Пуховик женский MN MSD-P307/4549;L::XL::2XL::M;2500;2000;14.51;https://lebuto.ru/upload/iblock/f55/792b52ee_a1c5_11e7_8967_000c29cc4602_93b9fa9a_b946_11e7_8967_000c29cc4602.jpeg;https://lebuto.ru/catalog/zhenskaya_odezhda_1/pukhoviki_zimnie_kurtki_i_palto/pukhoviki_1/pukhovik_zhenskiy_misun_msd_p307_4549/;хаки;;;;Женская одежда;Пуховики
888;Пуховик женский Mr E10934630205 col: 999;M/44;2500;2000;20;https://lebuto.ru/upload/iblock/3dc/da3e7ef6_c3c2_11e9_80da_000c29cc4602_9adddcfc_d551_11e9_80dc_000c29cc4602.jpeg;https://lebuto.ru/catalog/zhenskaya_odezhda_1/pukhoviki_zimnie_kurtki_i_palto/pukhoviki_1/pukhovik_zhenskiy_moncler_e10934630205_col_999/;Черный;;верх: 100% полиамид, подклад: 100% полиамид, наполнитель: 90% пух, 10% перо;;Женская одежда;Пуховики
889;Пуховик женский U121026 (нефритовый);M::L::S::XS;15000;15000;0;https://lebuto.ru/upload/iblock/55e/ifkvpydws8rwmudu09jiwnhm8g8pqg34/ae411bcc_38c6_11ed_812b_000c29cc4602_1e354a0a_7a93_11ed_812d_000c29cc4602.jpeg;https://lebuto.ru/catalog/zhenskaya_odezhda_1/pukhoviki_zimnie_kurtki_i_palto/pukhoviki_1/pukhovik_zhenskiy_u121026_nefritovyy/;нефритовый;;верх: 100 % полиэстер утеплитель: 98% гусиный пух, 2% перо подклад: 100% полиэстер отделка: экокожа;;Женская одежда;Пуховики
890;Пуховик женский U121026 (серый);L::XS::S::M::2XL;15000;15000;0;https://lebuto.ru/upload/iblock/382/p7jadcwzt2jouv15n6w5b2xvxaa6joq8/4401dcf7_397b_11ed_812b_000c29cc4602_08abde2a_5511_11ed_812c_000c29cc4602.jpeg;https://lebuto.ru/catalog/zhenskaya_odezhda_1/pukhoviki_zimnie_kurtki_i_palto/pukhoviki_1/pukhovik_zhenskiy_u121026_seryy/;Серый;;верх: 100 % полиэстер утеплитель: 98% гусиный пух, 2% перо подклад: 100% полиэстер отделка: экокожа;;Женская одежда;Пуховики
891;Пуховик женский U121026 (темно-синий);XS::S::M::L::XL;15000;15000;0;https://lebuto.ru/upload/iblock/20a/ke12xqjqbrdxsig5guuogf53xzv7j433/7c6ea546_397a_11ed_812b_000c29cc4602_f3259a9d_5510_11ed_812c_000c29cc4602.jpeg;https://lebuto.ru/catalog/zhenskaya_odezhda_1/pukhoviki_zimnie_kurtki_i_palto/pukhoviki_1/pukhovik_zhenskiy_u121026_temno_siniy/;Т.синий;;верх: 100 % полиэстер утеплитель: 98% гусиный пух, 2% перо подклад: 100% полиэстер отделка: экокожа;;Женская одежда;Пуховики
892;Пуховик женский UNIQA 121001 (розовый);XL::2XL::XS::L::S::M;19000;19000;0;https://lebuto.ru/upload/iblock/d7d/qkbf38v52b8j1enbjjawm5prgnsgydic/e0e8a859_8d6e_11ec_811d_000c29cc4602_48284f2b_9f61_11ec_811e_000c29cc4602.jpeg;https://lebuto.ru/catalog/zhenskaya_odezhda_1/pukhoviki_zimnie_kurtki_i_palto/pukhoviki_1/pukhovik_zhenskiy_u_121001_rozovyy/;розовый;;верх: 100 % полиэстер утеплитель: 98 % гусиный пух, 2% перо, подклад: 100% полиэстер отделка: экокожа ;;Женская одежда;Пуховики
893;Пуховик женский UNIQA 121001 (серый);M::L::XL::2XL;19000;19000;0;https://lebuto.ru/upload/iblock/296/fptneqwbd81wgnutx6ttvhl7wa4wt2ib/7f5c947c_8a17_11ec_811d_000c29cc4602_ff008190_9911_11ec_811e_000c29cc4602.jpeg;https://lebuto.ru/catalog/zhenskaya_odezhda_1/pukhoviki_zimnie_kurtki_i_palto/pukhoviki_1/pukhovik_zhenskiy_u_121001_seryy/;Серый;;верх: 100 % полиэстер утеплитель: 98 % гусиный пух, 2% перо, подклад: 100% полиэстер отделка: экокожа ;;Женская одежда;Пуховики
894;Пуховик женский UNIQA 121001 (синий);XS::2XL::M::XL;19000;19000;0;https://lebuto.ru/upload/iblock/955/rolbl2ghw43djt8mrdm759r6h2gx2cwj/f5d45fca_87c9_11ec_811d_000c29cc4602_207dd159_9912_11ec_811e_000c29cc4602.jpeg;https://lebuto.ru/catalog/zhenskaya_odezhda_1/pukhoviki_zimnie_kurtki_i_palto/pukhoviki_1/pukhovik_zhenskiy_u_121001_siniy/;Синий;;верх: 100 % полиэстер утеплитель: 98 % гусиный пух, 2% перо, подклад: 100% полиэстер отделка: экокожа ;;Женская одежда;Пуховики
895;Пуховик женский UNIQA 121002 (оливковый);M::L::S::XL::2XL;20000;20000;0;https://lebuto.ru/upload/iblock/ff1/jcqh2kt9mejmks37d1ce08yd9ey0s47r/1bcff458_8a1b_11ec_811d_000c29cc4602_1914b11b_8a45_11ec_811d_000c29cc4602.jpeg;https://lebuto.ru/catalog/zhenskaya_odezhda_1/pukhoviki_zimnie_kurtki_i_palto/pukhoviki_1/pukhovik_zhenskiy_u_121002_olivkovyy/;Оливковый;;верх: 100 % полиэстер утеплитель: 98 % гусиный пух, 2% перо, подклад: 100% полиэстер отделка: экокожа ;;Женская одежда;Пуховики
896;Пуховик женский UNIQA 121002 (серый);L::XL::S::M::2XL;20000;20000;0;https://lebuto.ru/upload/iblock/d7a/6r4zbppq9lw2ex4rpxnknutwlzcpthlx/8dbd6ba0_aa69_11ec_811f_000c29cc4602_bf48755c_6fc5_11ed_812d_000c29cc4602.jpeg;https://lebuto.ru/catalog/zhenskaya_odezhda_1/pukhoviki_zimnie_kurtki_i_palto/pukhoviki_1/pukhovik_zhenskiy_u_121002_seryy/;Серый;;верх: 100 % полиэстер утеплитель: 98 % гусиный пух, 2% перо, подклад: 100% полиэстер отделка: экокожа ;;Женская одежда;Пуховики
897;Пуховик женский UNIQA 121002 (черный);S::L::2XL;20000;20000;0;https://lebuto.ru/upload/iblock/a2a/34jfh6vajvhee0hptg0jdd553y5mnhcx/e7392dd3_aa69_11ec_811f_000c29cc4602_da95d791_6fc5_11ed_812d_000c29cc4602.jpeg;https://lebuto.ru/catalog/zhenskaya_odezhda_1/pukhoviki_zimnie_kurtki_i_palto/pukhoviki_1/pukhovik_zhenskiy_u_121002_chernyy/;Черный;;верх: 100 % полиэстер утеплитель: 98 % гусиный пух, 2% перо, подклад: 100% полиэстер отделка: экокожа ;;Женская одежда;Пуховики
898;Пуховик женский UNIQA 121003 (бежевый);M::S::L::XL::2XL::3XL;16000;16000;0;https://lebuto.ru/upload/iblock/7d6/uzbqi043csui89td3cy9f4s6t16uk62d/0081556e_7e49_11ec_8115_000c29cc4602_6b93d910_b554_11ec_811f_000c29cc4602.jpeg;https://lebuto.ru/catalog/zhenskaya_odezhda_1/pukhoviki_zimnie_kurtki_i_palto/pukhoviki_1/pukhovik_zhenskiy_u_121003_bezhevyy/;бежевый;;верх: 100 % полиэстер утеплитель: 98 % гусиный пух, 2% перо, подклад: 100% полиэстер отделка: экокожа ;;Женская одежда;Пуховики
899;Пуховик женский UNIQA 121003 (оливковый);L::XL::2XL::3XL;16000;16000;0;https://lebuto.ru/upload/iblock/cc2/p9judslilctela30m3i1gu0pyoputu41/694b26c0_645c_11ec_8110_000c29cc4602_f8f42f34_8a43_11ec_811d_000c29cc4602.jpeg;https://lebuto.ru/catalog/zhenskaya_odezhda_1/pukhoviki_zimnie_kurtki_i_palto/pukhoviki_1/pukhovik_zhenskiy_u_121003_olivkovyy/;Оливковый;;верх: 100 % полиэстер утеплитель: 98 % гусиный пух, 2% перо, подклад: 100% полиэстер отделка: экокожа ;;Женская одежда;Пуховики
900;Пуховик женский UNIQA 121003 (серый);L::XL::2XL;16000;16000;0;https://lebuto.ru/upload/iblock/f0a/n3uqd135oniqk9043w57kzfngk2798te/fd177a0e_773c_11ec_8115_000c29cc4602_a8dd1106_b554_11ec_811f_000c29cc4602.jpeg;https://lebuto.ru/catalog/zhenskaya_odezhda_1/pukhoviki_zimnie_kurtki_i_palto/pukhoviki_1/pukhovik_zhenskiy_u_121003_seryy/;Серый;;верх: 100 % полиэстер утеплитель: 98 % гусиный пух, 2% перо, подклад: 100% полиэстер отделка: экокожа ;;Женская одежда;Пуховики
901;Пуховик женский UNIQA 121003 (синий);S::M::L::XL::2XL::3XL;16000;16000;0;https://lebuto.ru/upload/iblock/c51/j47yle7wkqtqbvwoguvy7httvg79ktbj/4ecd08a0_7a59_11ec_8115_000c29cc4602_89b32b17_8afa_11ec_811d_000c29cc4602.jpeg;https://lebuto.ru/catalog/zhenskaya_odezhda_1/pukhoviki_zimnie_kurtki_i_palto/pukhoviki_1/pukhovik_zhenskiy_u_121003_siniy/;Синий;;верх: 100 % полиэстер утеплитель: 98 % гусиный пух, 2% перо, подклад: 100% полиэстер отделка: экокожа ;;Женская одежда;Пуховики
902;Пуховик женский UNIQA 121003 (черный);M::2XL::L::XL;16000;16000;0;https://lebuto.ru/upload/iblock/28a/oos4aq2nc1y5bhziiqm2tdxoleaocin6/630c845a_5346_11ec_8102_000c29cc4602_9cb46bec_8afa_11ec_811d_000c29cc4602.jpeg;https://lebuto.ru/catalog/zhenskaya_odezhda_1/pukhoviki_zimnie_kurtki_i_palto/pukhoviki_1/pukhovik_zhenskiy_u_121003_chernyy/;Черный;;верх: 100 % полиэстер утеплитель: 98 % гусиный пух, 2% перо, подклад: 100% полиэстер отделка: экокожа ;;Женская одежда;Пуховики
903;Пуховик женский UNIQA 121004 (черный);L::S::M::XL::2XL::3XL;16000;16000;0;https://lebuto.ru/upload/iblock/03b/tv19r7p2mmpviobgtekxluxsjottwjki/4f851908_8fc5_11ec_811d_000c29cc4602_4a1e68c5_9912_11ec_811e_000c29cc4602.jpeg;https://lebuto.ru/catalog/zhenskaya_odezhda_1/pukhoviki_zimnie_kurtki_i_palto/pukhoviki_1/pukhovik_zhenskiy_u_121004_chernyy/;Черный;;верх: 100 % полиэстер утеплитель: 98% гусиный пух, 2% перо подклад: 100% полиэстер отделка: экокожа;;Женская одежда;Пуховики
904;Пуховик женский UNIQA 121005 (желтый);M::2XL::S::XL::L::3XL;14000;14000;0;https://lebuto.ru/upload/iblock/23d/dvxl67gnoz0b303p3v4u257o012rjb9w/625e4a8c_895c_11ec_811d_000c29cc4602_d65e3833_8a52_11ec_811d_000c29cc4602.jpeg;https://lebuto.ru/catalog/zhenskaya_odezhda_1/pukhoviki_zimnie_kurtki_i_palto/pukhoviki_1/pukhovik_zhenskiy_u_121005_zheltyy/;желтый;;верх: 100 % полиэстер утеплитель: 98% гусиный пух, 2% перо подклад: 100% полиэстер отделка: экокожа;;Женская одежда;Пуховики
905;Пуховик женский UNIQA 121005 (красный);3XL::M::2XL::L::S::XL;14000;14000;0;https://lebuto.ru/upload/iblock/280/com42om8nk2jom2o902nnfibt4mzuh2b/f149f33c_895b_11ec_811d_000c29cc4602_157ab1e3_8a44_11ec_811d_000c29cc4602.jpeg;https://lebuto.ru/catalog/zhenskaya_odezhda_1/pukhoviki_zimnie_kurtki_i_palto/pukhoviki_1/pukhovik_zhenskiy_u_121005_krasnyy/;красный;;верх: 100 % полиэстер утеплитель: 98% гусиный пух, 2% перо подклад: 100% полиэстер отделка: экокожа;;Женская одежда;Пуховики
906;Пуховик женский UNIQA 121005 (розовый);S::M::L::XL::2XL::3XL;14000;14000;0;https://lebuto.ru/upload/iblock/73a/vl5rmdwg62x189hy3vxxjp1osjeqi2qp/c5d825fa_937d_11ec_811d_000c29cc4602_a6f298f6_9f61_11ec_811e_000c29cc4602.jpeg;https://lebuto.ru/catalog/zhenskaya_odezhda_1/pukhoviki_zimnie_kurtki_i_palto/pukhoviki_1/pukhovik_zhenskiy_u_121005_rozovyy/;розовый;;верх: 100 % полиэстер утеплитель: 98% гусиный пух, 2% перо подклад: 100% полиэстер отделка: экокожа;;Женская одежда;Пуховики
907;Пуховик женский UNIQA 121005 (синий);S::L::XL::2XL::3XL;14000;14000;0;https://lebuto.ru/upload/iblock/71b/rfjuryiug819h9gvgdi8i88dx1h2gqbd/c309c2a9_9392_11ec_811d_000c29cc4602_d3471590_b554_11ec_811f_000c29cc4602.jpeg;https://lebuto.ru/catalog/zhenskaya_odezhda_1/pukhoviki_zimnie_kurtki_i_palto/pukhoviki_1/pukhovik_zhenskiy_u_121005_siniy/;Синий;;верх: 100 % полиэстер утеплитель: 98% гусиный пух, 2% перо подклад: 100% полиэстер отделка: экокожа;;Женская одежда;Пуховики
908;Пуховик женский UNIQA 121005 (фуксия);M::L::XL::2XL::3XL;14000;14000;0;https://lebuto.ru/upload/iblock/e4a/155p5tpy3ezevlgwdghv0hiw0a6th0p6/4d376723_a8c3_11ec_811f_000c29cc4602_ce508bdf_a8f7_11ec_811f_000c29cc4602.jpeg;https://lebuto.ru/catalog/zhenskaya_odezhda_1/pukhoviki_zimnie_kurtki_i_palto/pukhoviki_1/pukhovik_zhenskiy_u_121005_fuksiya/;фуксия;;верх: 100 % полиэстер утеплитель: 98% гусиный пух, 2% перо подклад: 100% полиэстер отделка: экокожа;;Женская одежда;Пуховики
909;Пуховик женский UNIQA 121005 (ярко-синий);L;14000;14000;0;https://lebuto.ru/upload/iblock/18f/r2wiybmgs5bgr7pzqtie4g65l2xt4n12/318b4d21_a8c4_11ec_811f_000c29cc4602_e1ab253e_a8f7_11ec_811f_000c29cc4602.jpeg;https://lebuto.ru/catalog/zhenskaya_odezhda_1/pukhoviki_zimnie_kurtki_i_palto/pukhoviki_1/pukhovik_zhenskiy_u_121005_yarko_siniy/;ярко-синий;;верх: 100 % полиэстер утеплитель: 98% гусиный пух, 2% перо подклад: 100% полиэстер отделка: экокожа;;Женская одежда;Пуховики
910;Пуховик женский UNIQA 121006 (оливковый);L::3XL::2XL::S::M::XL;14000;14000;0;https://lebuto.ru/upload/iblock/c96/q0q5aviptu2b3crrbnftovgfan7g80m0/e274fbc5_07e1_11ed_812b_000c29cc4602_44c13ad9_17c8_11ed_812b_000c29cc4602.jpeg;https://lebuto.ru/catalog/zhenskaya_odezhda_1/pukhoviki_zimnie_kurtki_i_palto/pukhoviki_1/pukhovik_zhenskiy_u_121006_olivkovyy/;Оливковый;;верх: 100 % полиэстер утеплитель: 98% гусиный пух, 2% перо подклад: 100% полиэстер отделка: экокожа;;Женская одежда;Пуховики
911;Пуховик женский UNIQA 121006 (серый);XL::2XL::3XL;14000;14000;0;https://lebuto.ru/upload/iblock/c8b/w9f37qskl8d95o2iwlsh8tjll2rfg2sx/b51f96ba_895c_11ec_811d_000c29cc4602_57b91f87_9912_11ec_811e_000c29cc4602.jpeg;https://lebuto.ru/catalog/zhenskaya_odezhda_1/pukhoviki_zimnie_kurtki_i_palto/pukhoviki_1/pukhovik_zhenskiy_u_121006_seryy/;Серый;;верх: 100 % полиэстер утеплитель: 98% гусиный пух, 2% перо подклад: 100% полиэстер отделка: экокожа;;Женская одежда;Пуховики
912;Пуховик женский UNIQA 121006 (темно-синий);XL::L;14000;14000;0;https://lebuto.ru/upload/iblock/673/0bl224goo1390gwig1cfli5ni4jibn3k/fe147066_07e2_11ed_812b_000c29cc4602_726c3e65_17c8_11ed_812b_000c29cc4602.jpeg;https://lebuto.ru/catalog/zhenskaya_odezhda_1/pukhoviki_zimnie_kurtki_i_palto/pukhoviki_1/pukhovik_zhenskiy_u_121006_temno_siniy/;Т.синий;;верх: 100 % полиэстер утеплитель: 98% гусиный пух, 2% перо подклад: 100% полиэстер отделка: экокожа;;Женская одежда;Пуховики
913;Пуховик женский UNIQA 121006 (терракотовый);M::2XL::L::S::XL::3XL;14000;14000;0;https://lebuto.ru/upload/iblock/2d4/59xn1ntp4kjmigiwg5dm107n16lahd5w/721bad5e_07e2_11ed_812b_000c29cc4602_84591748_17c8_11ed_812b_000c29cc4602.jpeg;https://lebuto.ru/catalog/zhenskaya_odezhda_1/pukhoviki_zimnie_kurtki_i_palto/pukhoviki_1/pukhovik_zhenskiy_u_121006_terrakotovyy/;терракот;;верх: 100 % полиэстер утеплитель: 98% гусиный пух, 2% перо подклад: 100% полиэстер отделка: экокожа;;Женская одежда;Пуховики
914;Пуховик женский UNIQA 121007 (бежевый);XL::L::S::M;7500;7500;0;https://lebuto.ru/upload/iblock/cbd/0el7x6taqspf0lw9bzoyfepkaiks3h3t/ff91359c_895c_11ec_811d_000c29cc4602_46e9afb7_8a44_11ec_811d_000c29cc4602.jpeg;https://lebuto.ru/catalog/zhenskaya_odezhda_1/pukhoviki_zimnie_kurtki_i_palto/pukhoviki_1/pukhovik_zhenskiy_u_121007_bezhevyy/;бежевый;;верх: 100 % полиэстер утеплитель: 98% гусиный пух, 2% перо подклад: 100% полиэстер отделка: экокожа;;Женская одежда;Пуховики
915;Пуховик женский UNIQA 121007 (оливковый);M;7500;7500;0;https://lebuto.ru/upload/iblock/64f/jduu7cgsxx0k3qvun2vg7xriud4gyyoi/32cbb408_ae40_11ec_811f_000c29cc4602_f5ed02c7_b58b_11ec_811f_000c29cc4602.jpeg;https://lebuto.ru/catalog/zhenskaya_odezhda_1/pukhoviki_zimnie_kurtki_i_palto/pukhoviki_1/pukhovik_zhenskiy_u_121007_olivkovyy/;Оливковый;;верх: 100 % полиэстер утеплитель: 98% гусиный пух, 2% перо подклад: 100% полиэстер отделка: экокожа;;Женская одежда;Пуховики
916;Пуховик женский UNIQA 121007 (темно-синий);M;7500;7500;0;https://lebuto.ru/upload/iblock/cc8/0yw8i2qvka2j2n13lrdl5zhg3ciw030p/928d486d_ae40_11ec_811f_000c29cc4602_1636764e_b555_11ec_811f_000c29cc4602.jpeg;https://lebuto.ru/catalog/zhenskaya_odezhda_1/pukhoviki_zimnie_kurtki_i_palto/pukhoviki_1/pukhovik_zhenskiy_u_121007_temno_siniy/;темно-синий;;верх: 100 % полиэстер утеплитель: 98% гусиный пух, 2% перо подклад: 100% полиэстер отделка: экокожа;;Женская одежда;Пуховики
917;Пуховик женский UNIQA 121011 (серый);XS-M::L-2XL;15000;15000;0;https://lebuto.ru/upload/iblock/dac/lbsvhyw17pjgbv48vrt6w8l329vzknk9/10860ef9_8881_11ec_811d_000c29cc4602_6c5240a3_9912_11ec_811e_000c29cc4602.jpeg;https://lebuto.ru/catalog/zhenskaya_odezhda_1/pukhoviki_zimnie_kurtki_i_palto/pukhoviki_1/pukhovik_zhenskiy_u_121011_seryy/;Серый;;верх: 100 % полиэстер утеплитель: 73% гусиный пух, 25% гагачий пух, 2% перо подклад: 100% полиэстер отделка: экокожа;;Женская одежда;Пуховики
918;Пуховик женский UNIQA 121011 (темно-синий);L-2XL;15000;15000;0;https://lebuto.ru/upload/iblock/16e/66t2tcoi70rubjmcblqru3joi15xs1cz/38fe41a4_894d_11ec_811d_000c29cc4602_63c0764f_8a44_11ec_811d_000c29cc4602.jpeg;https://lebuto.ru/catalog/zhenskaya_odezhda_1/pukhoviki_zimnie_kurtki_i_palto/pukhoviki_1/pukhovik_zhenskiy_u_121011_temno_siniy/;Т.синий;;верх: 100 % полиэстер утеплитель: 73% гусиный пух, 25% гагачий пух, 2% перо подклад: 100% полиэстер отделка: экокожа;;Женская одежда;Пуховики
919;Пуховик женский UNIQA 121011 (терракотовый);L-2XL;15000;15000;0;https://lebuto.ru/upload/iblock/fde/59m52hnpj0v8p4m0938sok0ksxtrndzb/f424d126_7fda_11ec_8115_000c29cc4602_7df40f36_9912_11ec_811e_000c29cc4602.jpeg;https://lebuto.ru/catalog/zhenskaya_odezhda_1/pukhoviki_zimnie_kurtki_i_palto/pukhoviki_1/pukhovik_zhenskiy_u_121011_terrakotovyy/;терракот;;верх: 100 % полиэстер утеплитель: 73% гусиный пух, 25% гагачий пух, 2% перо подклад: 100% полиэстер отделка: экокожа;;Женская одежда;Пуховики
920;Пуховик женский UNIQA 121011 (черный);L-2XL;15000;15000;0;https://lebuto.ru/upload/iblock/f07/sdmsppel05pm7chtuwqhme7awr2ern15/bd1acbc3_8d3c_11ec_811d_000c29cc4602_2145f2cf_9916_11ec_811e_000c29cc4602.jpeg;https://lebuto.ru/catalog/zhenskaya_odezhda_1/pukhoviki_zimnie_kurtki_i_palto/pukhoviki_1/pukhovik_zhenskiy_u_121011_chernyy/;Черный;;верх: 100 % полиэстер утеплитель: 73% гусиный пух, 25% гагачий пух, 2% перо подклад: 100% полиэстер отделка: экокожа;;Женская одежда;Пуховики
921;Пуховик женский UNIQA 121012 (розовый);XS-M::L-2XL;7500;7500;0;https://lebuto.ru/upload/iblock/2c6/wgozu2078g1sarylap2ebrekwvi31n12/f58eeedf_7cba_11ec_8115_000c29cc4602_b0dce131_9912_11ec_811e_000c29cc4602.jpeg;https://lebuto.ru/catalog/zhenskaya_odezhda_1/pukhoviki_zimnie_kurtki_i_palto/pukhoviki_1/pukhovik_zhenskiy_u_121012_rozovyy/;розовый;;верх: 100 % полиэстер утеплитель: 73% гусиный пух, 25% гагачий пух, 2% перо подклад: 100% полиэстер отделка: экокожа;;Женская одежда;Пуховики
922;Пуховик женский UNIQA 121012 (серый);L-2XL::XS-M;7500;7500;0;https://lebuto.ru/upload/iblock/ab1/g2dm1d6lypu1fk8a26uyloj7kjhglo25/ebfb5905_6220_11ec_810f_000c29cc4602_f9297857_9912_11ec_811e_000c29cc4602.jpeg;https://lebuto.ru/catalog/zhenskaya_odezhda_1/pukhoviki_zimnie_kurtki_i_palto/pukhoviki_1/pukhovik_zhenskiy_u_121012_seryy/;Серый;;верх: 100 % полиэстер утеплитель: 73% гусиный пух, 25% гагачий пух, 2% перо подклад: 100% полиэстер отделка: экокожа;;Женская одежда;Пуховики
923;Пуховик женский UNIQA 121012 (темно-синий);XS-M::L-2XL;7500;7500;0;https://lebuto.ru/upload/iblock/4a9/llk4ugp0msitsmvn51uxcqx7zq9j0jnj/1d076cc2_7288_11ec_8115_000c29cc4602_a23879bf_9913_11ec_811e_000c29cc4602.jpeg;https://lebuto.ru/catalog/zhenskaya_odezhda_1/pukhoviki_zimnie_kurtki_i_palto/pukhoviki_1/pukhovik_zhenskiy_u_121012_temno_siniy/;Т.синий;;верх: 100 % полиэстер утеплитель: 73% гусиный пух, 25% гагачий пух, 2% перо подклад: 100% полиэстер отделка: экокожа;;Женская одежда;Пуховики
924;Пуховик женский UNIQA 121012 (терракотовый);XS-M::L-2XL;7500;7500;0;https://lebuto.ru/upload/iblock/eba/expxgm7qux4yqkw1yg3clf4wrsq979xb/78edc3eb_773b_11ec_8115_000c29cc4602_e9d90ee2_9f61_11ec_811e_000c29cc4602.jpeg;https://lebuto.ru/catalog/zhenskaya_odezhda_1/pukhoviki_zimnie_kurtki_i_palto/pukhoviki_1/pukhovik_zhenskiy_u_121012_terrakotovyy/;терракот;;верх: 100 % полиэстер утеплитель: 73% гусиный пух, 25% гагачий пух, 2% перо подклад: 100% полиэстер отделка: экокожа;;Женская одежда;Пуховики
925;Пуховик женский UNIQA 121013 (оливковый);L-2XL;15000;15000;0;https://lebuto.ru/upload/iblock/e39/lzbli23sbommzo3sdlquwjgrdfbx6spg/81ed5a5b_895d_11ec_811d_000c29cc4602_6e14b335_aa76_11ec_811f_000c29cc4602.jpeg;https://lebuto.ru/catalog/zhenskaya_odezhda_1/pukhoviki_zimnie_kurtki_i_palto/pukhoviki_1/pukhovik_zhenskiy_u_121013_olivkovyy/;Оливковый;;верх: 100 % полиэстер утеплитель: 73% гусиный пух, 25% гагачий пух, 2% перо подклад: 100% полиэстер отделка: экокожа;;Женская одежда;Пуховики
926;Пуховик женский UNIQA 121013 (синий);XS-M::L-2XL;15000;15000;0;https://lebuto.ru/upload/iblock/2b1/3znw4hd6x3kzt3jeglxteppkf8vxt75c/9a4fb4be_9a96_11ec_811e_000c29cc4602_4900d567_a401_11ec_811e_000c29cc4602.jpeg;https://lebuto.ru/catalog/zhenskaya_odezhda_1/pukhoviki_zimnie_kurtki_i_palto/pukhoviki_1/pukhovik_zhenskiy_u_121013_siniy/;Синий;;верх: 100 % полиэстер утеплитель: 73% гусиный пух, 25% гагачий пух, 2% перо подклад: 100% полиэстер отделка: экокожа;;Женская одежда;Пуховики
927;Пуховик женский UNIQA 121013 (темно-синий);L-2XL;15000;15000;0;https://lebuto.ru/upload/iblock/8bb/lt56ndbw8t7twwy0yscpe9w2muzed4tc/e7823b03_a8c1_11ec_811f_000c29cc4602_89b20b7c_aa76_11ec_811f_000c29cc4602.jpeg;https://lebuto.ru/catalog/zhenskaya_odezhda_1/pukhoviki_zimnie_kurtki_i_palto/pukhoviki_1/pukhovik_zhenskiy_u_121013_temno_siniy/;Т.синий;;верх: 100 % полиэстер утеплитель: 73% гусиный пух, 25% гагачий пух, 2% перо подклад: 100% полиэстер отделка: экокожа;;Женская одежда;Пуховики
928;Пуховик женский UNIQA 121013 (терракотовый);XS-M::L-2XL;15000;15000;0;https://lebuto.ru/upload/iblock/056/zcvabjz3s07yoae17uycf80wd7lfpn49/9c26b13e_a401_11ec_811e_000c29cc4602_9cf051cd_aa76_11ec_811f_000c29cc4602.jpeg;https://lebuto.ru/catalog/zhenskaya_odezhda_1/pukhoviki_zimnie_kurtki_i_palto/pukhoviki_1/pukhovik_zhenskiy_u_121013_terrakotovyy/;терракот;;верх: 100 % полиэстер утеплитель: 73% гусиный пух, 25% гагачий пух, 2% перо подклад: 100% полиэстер отделка: экокожа;;Женская одежда;Пуховики
929;Пуховик женский UNIQA 121014 (черный);XS::L::S::M::XL::2XL;16000;16000;0;https://lebuto.ru/upload/iblock/afe/g778swkzaffbbv8rb9pyp9gr230wg5r3/34fbb28e_895e_11ec_811d_000c29cc4602_a7b05bed_8a44_11ec_811d_000c29cc4602.jpeg;https://lebuto.ru/catalog/zhenskaya_odezhda_1/pukhoviki_zimnie_kurtki_i_palto/pukhoviki_1/pukhovik_zhenskiy_u_121014_chernyy/;Черный;;верх: 50% шелк натуральный, 50% вискоза утеплитель: 98% гусиный пух, 2% перо подклад: 100% полиэстер отделка: экокожа;;Женская одежда;Пуховики
930;Пуховик женский UNIQA 121015 (бежевый);M::L::XL::2XL;19000;19000;;https://lebuto.ru/upload/iblock/376/ij4yjnhvv08w7qzwje38os7ah26ad9j8/3ece5563_6178_11ed_812c_000c29cc4602_7dcb54c0_7598_11ef_815d_000c29cc4602.jpg;https://lebuto.ru/catalog/zhenskaya_odezhda_1/pukhoviki_zimnie_kurtki_i_palto/pukhoviki_1/pukhovik_zhenskiy_uniqa_121015_bezhevyy/;бежевый;;верх: 100 % полиэстер утеплитель: 98% гусиный пух, 2% перо подклад: 100% полиэстер отделка: экокожа;;Женская одежда;Пуховики
931;Пуховик женский UNIQA 121015 (оливковый);S::L::M::XL::2XL;19000;19000;0;https://lebuto.ru/upload/iblock/d26/b6mtnouhs2psue8nsk2dimh09dehl0ck/987217cd_8fc4_11ec_811d_000c29cc4602_37b43546_9914_11ec_811e_000c29cc4602.jpeg;https://lebuto.ru/catalog/zhenskaya_odezhda_1/pukhoviki_zimnie_kurtki_i_palto/pukhoviki_1/pukhovik_zhenskiy_u_121015_olivkovyy/;Оливковый;;верх: 100 % полиэстер утеплитель: 98% гусиный пух, 2% перо подклад: 100% полиэстер отделка: экокожа;;Женская одежда;Пуховики
932;Пуховик женский UNIQA 121015 (серый);M::XL::L::2XL;19000;19000;0;https://lebuto.ru/upload/iblock/999/1fzzywevnk1i3w6h1jlg5bkoimuuoqd7/dfbca15f_aa70_11ec_811f_000c29cc4602_0210167b_6fc6_11ed_812d_000c29cc4602.jpeg;https://lebuto.ru/catalog/zhenskaya_odezhda_1/pukhoviki_zimnie_kurtki_i_palto/pukhoviki_1/pukhovik_zhenskiy_u_121015_seryy/;Серый;50;верх: 100 % полиэстер утеплитель: 98% гусиный пух, 2% перо подклад: 100% полиэстер отделка: экокожа;;Женская одежда;Пуховики
933;Пуховик женский UNIQA 121015 (черный);M::L;19000;19000;0;https://lebuto.ru/upload/iblock/c7d/vy5pgv8b0vohieo8yn1bu1h5er4a9ulv/57bce490_aa70_11ec_811f_000c29cc4602_1f685941_6fc6_11ed_812d_000c29cc4602.jpeg;https://lebuto.ru/catalog/zhenskaya_odezhda_1/pukhoviki_zimnie_kurtki_i_palto/pukhoviki_1/pukhovik_zhenskiy_u_121015_chernyy/;Черный;;верх: 100 % полиэстер утеплитель: 98% гусиный пух, 2% перо подклад: 100% полиэстер отделка: экокожа;;Женская одежда;Пуховики
934;Пуховик женский UNIQA 121016 (синий);S::M::L::XL::2XL;16000;16000;0;https://lebuto.ru/upload/iblock/3bd/po5qjam7mvr6jd2f9mc2p26yaz5b2trv/a6fff7d4_aa70_11ec_811f_000c29cc4602_44c309c6_b555_11ec_811f_000c29cc4602.jpeg;https://lebuto.ru/catalog/zhenskaya_odezhda_1/pukhoviki_zimnie_kurtki_i_palto/pukhoviki_1/pukhovik_zhenskiy_u_121016_siniy/;Синий;;верх: 100 % полиэстер утеплитель: 73% гусиный пух, 25% гагачий пух, 2% перо подклад: 100% полиэстер отделка: экокожа;;Женская одежда;Пуховики
935;Пуховик женский UNIQA 121016 (темно-синий);S::XL;16000;16000;0;https://lebuto.ru/upload/iblock/528/9gp7kdwyuh4mphdepva41axwvpclatno/5c0f6c7c_895f_11ec_811d_000c29cc4602_76025cfb_9914_11ec_811e_000c29cc4602.jpeg;https://lebuto.ru/catalog/zhenskaya_odezhda_1/pukhoviki_zimnie_kurtki_i_palto/pukhoviki_1/pukhovik_zhenskiy_u_121016_temno_siniy/;Т.синий;;верх: 100 % полиэстер утеплитель: 73% гусиный пух, 25% гагачий пух, 2% перо подклад: 100% полиэстер отделка: экокожа;;Женская одежда;Пуховики
936;Пуховик женский UNIQA 121016 (черный);XL::L::2XL;16000;16000;0;https://lebuto.ru/upload/iblock/288/658we20ffwi1nrgl6woqz9ahncl3on8k/d5f035ce_aa6f_11ec_811f_000c29cc4602_a056eb2a_ba34_11ec_8120_000c29cc4602.jpeg;https://lebuto.ru/catalog/zhenskaya_odezhda_1/pukhoviki_zimnie_kurtki_i_palto/pukhoviki_1/pukhovik_zhenskiy_u_121016_chernyy/;Черный;;верх: 100 % полиэстер утеплитель: 73% гусиный пух, 25% гагачий пух, 2% перо подклад: 100% полиэстер отделка: экокожа;;Женская одежда;Пуховики
937;Пуховик женский UNIQA 121017 (бежевый);S::L::M::XL::2XL;16000;16000;0;https://lebuto.ru/upload/iblock/14e/mc3ap4wz5l2qshz1a9344pm034zaasxf/57f101ab_280d_11ed_812b_000c29cc4602_53996ed3_3fa4_11ed_812b_000c29cc4602.jpeg;https://lebuto.ru/catalog/zhenskaya_odezhda_1/pukhoviki_zimnie_kurtki_i_palto/pukhoviki_1/pukhovik_zhenskiy_u_121017_bezhevyy/;бежевый;;верх: 100 % полиэстер утеплитель: 98% гусиный пух, 2% перо подклад: 100% полиэстер отделка: экокожа;;Женская одежда;Пуховики
938;Пуховик женский UNIQA 121017 (серый);XL::2XL;16000;16000;0;https://lebuto.ru/upload/iblock/903/tvfhfwm14fqw1bo67o2p78eja69yf9an/ec98f7de_280b_11ed_812b_000c29cc4602_29feffa0_3a43_11ed_812b_000c29cc4602.jpeg;https://lebuto.ru/catalog/zhenskaya_odezhda_1/pukhoviki_zimnie_kurtki_i_palto/pukhoviki_1/pukhovik_zhenskiy_u_121017_seryy/;Серый;;верх: 100 % полиэстер утеплитель: 98% гусиный пух, 2% перо подклад: 100% полиэстер отделка: экокожа;;Женская одежда;Пуховики
939;Пуховик женский UNIQA 121017 (синий);S::L::M::XL::2XL;16000;16000;0;https://lebuto.ru/upload/iblock/5b1/8fpzy5ehvutw7j562rlkkviinhlmu9am/aabb015d_895f_11ec_811d_000c29cc4602_83723312_9914_11ec_811e_000c29cc4602.jpeg;https://lebuto.ru/catalog/zhenskaya_odezhda_1/pukhoviki_zimnie_kurtki_i_palto/pukhoviki_1/pukhovik_zhenskiy_u_121017_siniy/;Синий;;верх: 100 % полиэстер утеплитель: 98% гусиный пух, 2% перо подклад: 100% полиэстер отделка: экокожа;;Женская одежда;Пуховики
940;Пуховик женский UNIQA 121017 (черный);S::L::XL::2XL;16000;16000;0;https://lebuto.ru/upload/iblock/045/phin09wq34axcdyh3pq3kim0ld3g1iod/c57a7f8f_280c_11ed_812b_000c29cc4602_67b79190_3fa4_11ed_812b_000c29cc4602.jpeg;https://lebuto.ru/catalog/zhenskaya_odezhda_1/pukhoviki_zimnie_kurtki_i_palto/pukhoviki_1/pukhovik_zhenskiy_u_121017_chernyy/;Черный;;верх: 100 % полиэстер утеплитель: 98% гусиный пух, 2% перо подклад: 100% полиэстер отделка: экокожа;;Женская одежда;Пуховики
941;Пуховик женский UNIQA 121019 (желтый);S::2XL::XL::M::L;15000;15000;0;https://lebuto.ru/upload/iblock/2f7/rlkfqafvx5n4ij6iib3fdj049d2yw3vb/4b96baeb_8960_11ec_811d_000c29cc4602_f06dc890_8afa_11ec_811d_000c29cc4602.jpeg;https://lebuto.ru/catalog/zhenskaya_odezhda_1/pukhoviki_zimnie_kurtki_i_palto/pukhoviki_1/pukhovik_zhenskiy_u_121019_zheltyy/;желтый;;верх: 100 % полиэстер утеплитель: 98% гусиный пух, 2% перо подклад: 100% полиэстер отделка: экокожа;;Женская одежда;Пуховики
942;Пуховик женский UNIQA 121019 (нефритовый);M::S::L::XL::2XL;15000;15000;0;https://lebuto.ru/upload/iblock/66b/zh285uipg8he74y0ygo1geplbz0gccs7/866762e5_2809_11ed_812b_000c29cc4602_85b0d2ca_3a43_11ed_812b_000c29cc4602.jpeg;https://lebuto.ru/catalog/zhenskaya_odezhda_1/pukhoviki_zimnie_kurtki_i_palto/pukhoviki_1/pukhovik_zhenskiy_u_121019_nefritovyy/;нефритовый;;верх: 100 % полиэстер утеплитель: 98% гусиный пух, 2% перо подклад: 100% полиэстер отделка: экокожа;;Женская одежда;Пуховики
943;Пуховик женский UNIQA 121019 (серый);L::XL::2XL;15000;15000;0;https://lebuto.ru/upload/iblock/1ba/7spz31p2xulnumggs0wmqitmvob1tyb6/fe549598_280a_11ed_812b_000c29cc4602_7b985c82_3fa4_11ed_812b_000c29cc4602.jpeg;https://lebuto.ru/catalog/zhenskaya_odezhda_1/pukhoviki_zimnie_kurtki_i_palto/pukhoviki_1/pukhovik_zhenskiy_u_121019_seryy/;Серый;;верх: 100 % полиэстер утеплитель: 98% гусиный пух, 2% перо подклад: 100% полиэстер отделка: экокожа;;Женская одежда;Пуховики
944;Пуховик женский UNIQA 121019 (синий);XL::S::L::2XL;15000;15000;0;https://lebuto.ru/upload/iblock/1ca/bdeyvd9k430scdkvat21y91whuzdoor0/707b2a1a_280a_11ed_812b_000c29cc4602_a09f638f_3fa4_11ed_812b_000c29cc4602.jpeg;https://lebuto.ru/catalog/zhenskaya_odezhda_1/pukhoviki_zimnie_kurtki_i_palto/pukhoviki_1/pukhovik_zhenskiy_u_121019_siniy/;Синий;;верх: 100 % полиэстер утеплитель: 98% гусиный пух, 2% перо подклад: 100% полиэстер отделка: экокожа;;Женская одежда;Пуховики
945;Пуховик женский UNIQA 121024 (коричневый);M::L::XL::2XL::3XL::S;15000;15000;0;https://lebuto.ru/upload/iblock/fd0/03sqauj6no4xy1wbkggwt8ggdzqj2kz1/89f3ff17_5666_11ed_812c_000c29cc4602_4750f92d_6fc6_11ed_812d_000c29cc4602.jpeg;https://lebuto.ru/catalog/zhenskaya_odezhda_1/pukhoviki_zimnie_kurtki_i_palto/pukhoviki_1/pukhovik_zhenskiy_u_121024_korichnevyy/;коричневый;;верх: 100 % полиэстер утеплитель: 98 % гусиный пух, 2% перо, подклад: 100% полиэстер ;;Женская одежда;Пуховики
946;Пуховик женский UNIQA 121024 (темно-синий);S::M::L::XL::2XL::3XL;15000;15000;0;https://lebuto.ru/upload/iblock/539/1yzyql53dkqguuaf0sw2ji2suzn9z3tr/cab7f1dd_5666_11ed_812c_000c29cc4602_5f16f425_6fc6_11ed_812d_000c29cc4602.jpeg;https://lebuto.ru/catalog/zhenskaya_odezhda_1/pukhoviki_zimnie_kurtki_i_palto/pukhoviki_1/pukhovik_zhenskiy_u_121024_temno_siniy/;Т.синий;;верх: 100 % полиэстер утеплитель: 98 % гусиный пух, 2% перо, подклад: 100% полиэстер ;;Женская одежда;Пуховики
947;Пуховик женский UNIQA 121024 (черный);2XL::3XL::S::M::L::XL;15000;15000;0;https://lebuto.ru/upload/iblock/26d/rs84wnzob4r2nt266ww5m0nq0ee8eomc/3b25a834_5666_11ed_812c_000c29cc4602_756c7a7a_6fc6_11ed_812d_000c29cc4602.jpeg;https://lebuto.ru/catalog/zhenskaya_odezhda_1/pukhoviki_zimnie_kurtki_i_palto/pukhoviki_1/pukhovik_zhenskiy_u_121024_chernyy/;Черный;;верх: 100 % полиэстер утеплитель: 98 % гусиный пух, 2% перо, подклад: 100% полиэстер ;;Женская одежда;Пуховики
948;Пуховик женский UNIQA 121024 А (коричневый);M::L::XL::2XL;15000;15000;0;https://lebuto.ru/upload/iblock/b2d/x99oh5fwpje0u0kl0p1e2ch75gsmc4qq/74a4a65f_5667_11ed_812c_000c29cc4602_94593164_6fc6_11ed_812d_000c29cc4602.jpeg;https://lebuto.ru/catalog/zhenskaya_odezhda_1/pukhoviki_zimnie_kurtki_i_palto/pukhoviki_1/pukhovik_zhenskiy_u_121024_a_korichnevyy/;коричневый;;верх: 100 % полиэстер утеплитель: 98 % гусиный пух, 2% перо, подклад: 100% полиэстер ;;Женская одежда;Пуховики
949;Пуховик женский UNIQA 121024 А (темно-синий);M::L::XL::2XL::3XL;15000;15000;0;https://lebuto.ru/upload/iblock/16a/1xi92gebeics54sev3u3b2wnx07wfyya/42147c13_5667_11ed_812c_000c29cc4602_b3ba8164_6fc6_11ed_812d_000c29cc4602.jpeg;https://lebuto.ru/catalog/zhenskaya_odezhda_1/pukhoviki_zimnie_kurtki_i_palto/pukhoviki_1/pukhovik_zhenskiy_u_121024_a_temno_siniy/;Т.синий;;верх: 100 % полиэстер утеплитель: 98 % гусиный пух, 2% перо, подклад: 100% полиэстер ;;Женская одежда;Пуховики
950;Пуховик женский UNIQA 121024 А (черный);XL::M::L::2XL;15000;15000;0;https://lebuto.ru/upload/iblock/203/2nrh3742814ixypz3k34enl4hut9qb4e/f2aa6aef_8960_11ec_811d_000c29cc4602_f1e0dbf5_9914_11ec_811e_000c29cc4602.jpeg;https://lebuto.ru/catalog/zhenskaya_odezhda_1/pukhoviki_zimnie_kurtki_i_palto/pukhoviki_1/pukhovik_zhenskiy_u_121024_a_chernyy/;Черный;;верх: 100 % полиэстер утеплитель: 98% гусиный пух, 2% перо подклад: 100% полиэстер ;;Женская одежда;Пуховики
951;Пуховик женский UNIQA 121030 (красный);XL::2XL;12500;12500;0;https://lebuto.ru/upload/iblock/d8d/4595bw23oc4nosbbm3b4g704q7b2i9bx/0fc012d8_8963_11ec_811d_000c29cc4602_e73c8834_8a44_11ec_811d_000c29cc4602.jpeg;https://lebuto.ru/catalog/zhenskaya_odezhda_1/pukhoviki_zimnie_kurtki_i_palto/pukhoviki_1/pukhovik_zhenskiy_u_121030_krasnyy/;красный;;верх: 100 % полиэстер утеплитель: 98% гусиный пух, 2% перо подклад: 100% полиэстер отделка: экокожа;;Женская одежда;Пуховики
952;Пуховик женский UNIQA 121030 (нефритовый);L::XL::2XL;12500;12500;0;https://lebuto.ru/upload/iblock/ab7/gscdm4b6ph1cqn3k14u9ntkxp3pkfcnf/0331bf08_7531_11ed_812d_000c29cc4602_fc41033a_7a92_11ed_812d_000c29cc4602.jpeg;https://lebuto.ru/catalog/zhenskaya_odezhda_1/pukhoviki_zimnie_kurtki_i_palto/pukhoviki_1/pukhovik_zhenskiy_u_121030_nefritovyy/;нефритовый;;верх: 100 % полиэстер утеплитель: 98% гусиный пух, 2% перо подклад: 100% полиэстер отделка: экокожа;;Женская одежда;Пуховики
953;Пуховик женский UNIQA 121030 (серый);L::XL::2XL;12500;12500;0;https://lebuto.ru/upload/iblock/1ad/0q7dimggjd0hesnebg2qey3b6d6nm040/8bd8eb02_752f_11ed_812d_000c29cc4602_16faec1f_81c5_11ed_812d_000c29cc4602.jpeg;https://lebuto.ru/catalog/zhenskaya_odezhda_1/pukhoviki_zimnie_kurtki_i_palto/pukhoviki_1/pukhovik_zhenskiy_u_121030_seryy/;Серый;;верх: 100 % полиэстер утеплитель: 98% гусиный пух, 2% перо подклад: 100% полиэстер отделка: экокожа;;Женская одежда;Пуховики
954;Пуховик женский UNIQA 121030 (синий);L::XL::M::2XL;12500;12500;0;https://lebuto.ru/upload/iblock/0e0/i0rn6o7fegoxu8n4p6jix1ripjlz7e7e/019a4f3c_7530_11ed_812d_000c29cc4602_88aa1650_829f_11ed_812d_000c29cc4602.jpeg;https://lebuto.ru/catalog/zhenskaya_odezhda_1/pukhoviki_zimnie_kurtki_i_palto/pukhoviki_1/pukhovik_zhenskiy_u_121030_siniy/;Синий;;верх: 100 % полиэстер утеплитель: 98% гусиный пух, 2% перо подклад: 100% полиэстер отделка: экокожа;;Женская одежда;Пуховики
955;Пуховик женский UNIQA 121030 (черный);XL;12500;12500;0;https://lebuto.ru/upload/iblock/9ce/3112dupmt2ggjuzqtmmc2fznelk60qt3/b9962c29_7530_11ed_812d_000c29cc4602_691770fe_9648_11ed_812d_000c29cc4602.jpeg;https://lebuto.ru/catalog/zhenskaya_odezhda_1/pukhoviki_zimnie_kurtki_i_palto/pukhoviki_1/pukhovik_zhenskiy_u_121030_chernyy/;Черный;;верх: 100 % полиэстер утеплитель: 98% гусиный пух, 2% перо подклад: 100% полиэстер отделка: экокожа;;Женская одежда;Пуховики
956;Пуховик женский VERONIKA1 (бордо) чернобурка;XL;3500;2800;30.77;https://lebuto.ru/upload/iblock/757/7575469b9c5f7490136f613b1ec9783e.jpeg;https://lebuto.ru/catalog/zhenskaya_odezhda_1/pukhoviki_zimnie_kurtki_i_palto/pukhoviki_1/pukhovik_zhenskiy_veronika1_bordo_chernoburka/;бордовый;;Материал верха : 100% полиэстер наполнитель: 90% пух 10% перо;;Женская одежда;Пуховики
957;Пуховик женский VERONIKA1 (синий) б/м;S::XS;1500;990;24;https://lebuto.ru/upload/iblock/c62/c6226614c08803cfc154d93cea694beb.jpeg;https://lebuto.ru/catalog/zhenskaya_odezhda_1/pukhoviki_zimnie_kurtki_i_palto/pukhoviki_1/pukhovik_zhenskiy_veronika1_siniy_b_m/;Синий;;Материал верха : 100% полиэстер наполнитель: 90% пух 10% перо;;Женская одежда;Пуховики
958;Пуховик женский VERONIKA1 (черный) чернобурка;L::XL::XS;3500;2800;30.77;https://lebuto.ru/upload/iblock/261/2618e71b1915bf169caa3becc121df3f.jpeg;https://lebuto.ru/catalog/zhenskaya_odezhda_1/pukhoviki_zimnie_kurtki_i_palto/pukhoviki_1/pukhovik_zhenskiy_veronika1_chernyy_chernoburka/;Черный;;Материал верха : 100% полиэстер наполнитель: 90% пух 10% перо;;Женская одежда;Пуховики
959;Пуховик женский VTA VLD-G515/1416;;2900;2320;;https://lebuto.ru/upload/iblock/1d8/hn02pcdnv8lmu9w4f9nox0iz2002bkfz/c79d204b_0069_11ef_8146_000c29cc4602_a414ecd5_b86e_11ef_816a_000c29cc4602.jpg;https://lebuto.ru/catalog/zhenskaya_odezhda_1/pukhoviki_zimnie_kurtki_i_palto/pukhoviki_1/pukhovik_zhenskiy_vta_vld_g515_1416/;;;;;Женская одежда;Пуховики
960;Пуховик женский WR 751330 col: G19;42::44::48;4000;3200;0;https://lebuto.ru/upload/iblock/25c/wy0zglm31ok3n1v9a4q9o3cmdn5t73wb/5ca9e9ba_46ba_11ec_8101_000c29cc4602_61a36f4c_49dc_11ec_8101_000c29cc4602.jpeg;https://lebuto.ru/catalog/zhenskaya_odezhda_1/pukhoviki_zimnie_kurtki_i_palto/pukhoviki_1/pukhovik_zhenskiy_whs_roma_751330_col_g19/;зеленый;;;;Женская одежда;Пуховики
961;Пуховик женский Б/Н 35905 бежевый;S;1000;800;33.92;https://lebuto.ru/upload/iblock/b9a/b3mh6fqnnd3easebeafkx81k8hjmvmv0/097e2a4b_1233_11ed_812b_000c29cc4602_b02dbe66_1d53_11ed_812b_000c29cc4602.jpeg;https://lebuto.ru/catalog/zhenskaya_odezhda_1/pukhoviki_zimnie_kurtki_i_palto/pukhoviki_1/pukhovik_zhenskiy_b_n_35905_bezhevyy/;бежевый;;;;Женская одежда;Пуховики
962;Пуховик женский Б/Н 7823 св.зеленый;S;900;700;33.9;https://lebuto.ru/upload/iblock/d36/wrqupts69e5owbix3g6jbp5bn43rt1tf/b6ea66c0_1231_11ed_812b_000c29cc4602_1e4cbb89_1d54_11ed_812b_000c29cc4602.jpeg;https://lebuto.ru/catalog/zhenskaya_odezhda_1/pukhoviki_zimnie_kurtki_i_palto/pukhoviki_1/pukhovik_zhenskiy_b_n_7823_sv_zelenyy/;св.зелёный;;;;Женская одежда;Пуховики
963;Пуховик муж Merlion Swix (черный клетка) б/м;S;1500;990;40;https://lebuto.ru/upload/iblock/9a7/65a04dc3_b7e2_11e3_9ffd_000c29cc46f8_2e58377c_1e4a_11e4_8fca_000c29cc4602.jpeg;https://lebuto.ru/catalog/muzhskaya_odezhda_1/pukhoviki_zimnie_kurtki/pukhoviki/pukhovik_muzh_merlion_swix_chernyy_kletka_b_m/;Черный;;Материал верха : 100% полиэстер наполнитель: 90% пух 10% перо;;Мужская одежда;Пуховики
964;Пуховик муж Merlion Воланд (серый перламутр) б/м;S;1000;800;35.9;https://lebuto.ru/upload/iblock/2fe/2fe2e4f8896b61b7825c827564c09fd0.jpeg;https://lebuto.ru/catalog/muzhskaya_odezhda_1/pukhoviki_zimnie_kurtki/pukhoviki/pukhovik_muzh_merlion_voland_seryy_perlamutr_b_m/;Серый;;Материал верха : 100% полиэстер наполнитель: 90% пух 10% перо;;Мужская одежда;Пуховики
965;Пуховик муж Merlion Гектор (т/синий клетка);S;1500;990;28.57;https://lebuto.ru/upload/iblock/ede/ede300198b4173a65e8d3b3171024be6.jpeg;https://lebuto.ru/catalog/muzhskaya_odezhda_1/pukhoviki_zimnie_kurtki/pukhoviki/pukhovik_muzh_merlion_gektor_t_siniy_kletka/;Синий;;100% полиэстер;;Мужская одежда;Пуховики
966;Пуховик муж Merlion Гектор (черный клетка);S;1500;990;36.22;https://lebuto.ru/upload/iblock/c62/c626bcf22ddd78a6c47268c3cdd784b5.jpeg;https://lebuto.ru/catalog/muzhskaya_odezhda_1/pukhoviki_zimnie_kurtki/pukhoviki/pukhovik_muzh_merlion_gektor_chernyy_kletka/;Черный;;100% полиэстер;;Мужская одежда;Пуховики
967;Пуховик муж.S F AW8233Y col: HR582 (Wine red) енот;M/48::3XL/56::S/46;6900;5520;23.23;https://lebuto.ru/upload/iblock/a37/nup6914d50ews72im3avci528u8jux9g/ac3f2ec8_0204_11eb_80e9_000c29cc4602_c9ff00f4_03b4_11eb_80e9_000c29cc4602.jpeg;https://lebuto.ru/catalog/muzhskaya_odezhda_1/kurtki/kurtki_zimnie/kurtka_zimnyaya_muzh_shark_force_aw8233y_col_hr582_wine_red_enot/;бордовый;;верх: 80% пух 20% перо, подклад: 100% полиэстер, наполнитель: 90% пух 10% перо, опушка: енот;;Мужская одежда;Куртки зимние
968;Пуховик муж.S F AW8233Y col: HR90 (black) енот;3XL/56::S/46;6900;5520;23.23;https://lebuto.ru/upload/iblock/e5f/b36b8290_0205_11eb_80e9_000c29cc4602_e81f6218_18cd_11eb_80e9_000c29cc4602.jpeg;https://lebuto.ru/catalog/muzhskaya_odezhda_1/kurtki/kurtki_zimnie/kurtka_zimnyaya_muzh_shark_force_aw8233y_col_hr90_black_enot/;Черный;;верх: 80% пух 20% перо, подклад: 100% полиэстер, наполнитель: 90% пух 10% перо, опушка: енот;;Мужская одежда;Куртки зимние
969;Пуховик муж.S F AW8233Y col: HR972 (blue) енот;S/46::M/48;6900;5520;23.23;https://lebuto.ru/upload/iblock/151/0ea88f56_0206_11eb_80e9_000c29cc4602_fb34c388_18cd_11eb_80e9_000c29cc4602.jpeg;https://lebuto.ru/catalog/muzhskaya_odezhda_1/kurtki/kurtki_zimnie/kurtka_zimnyaya_muzh_shark_force_aw8233y_col_hr972_blue_enot/;Синий;;верх: 80% пух 20% перо, подклад: 100% полиэстер, наполнитель: 90% пух 10% перо, опушка: енот;;Мужская одежда;Куртки зимние
970;Пуховик мужской Merlion КАРАТ (т.синий) без меха;S::M;1500;990;47.22;https://lebuto.ru/upload/iblock/521/521f791bcb8fae06bd1acccce2b356da.jpeg;https://lebuto.ru/catalog/muzhskaya_odezhda_1/pukhoviki_zimnie_kurtki/pukhoviki/pukhovik_muzhskoy_merlion_karat_t_siniy_bez_mekha/;Синий;;Материал верха : 100% полиэстер наполнитель: 90% пух 10% перо;;Мужская одежда;Пуховики
971;Пуховик мужской Merlion КВЕСТ (бежевый) без меха;S;1500;990;40;https://lebuto.ru/upload/iblock/d72/d7233fd9cd98dba037177ea903a5c58d.jpeg;https://lebuto.ru/catalog/muzhskaya_odezhda_1/pukhoviki_zimnie_kurtki/pukhoviki/pukhovik_muzhskoy_merlion_kvest_bezhevyy_bez_mekha/;бежевый;;Материал верха : 100% полиэстер наполнитель: 90% пух 10% перо;;Мужская одежда;Пуховики
972;Пуховик мужской Sge SIDM-A318/91;56::54;5500;4400;36.93;https://lebuto.ru/upload/iblock/1e3/2dd59895_fbd7_11ea_80e9_000c29cc4602_de25bbb0_084e_11eb_80e9_000c29cc4602.jpeg;https://lebuto.ru/catalog/muzhskaya_odezhda_1/pukhoviki_zimnie_kurtki/pukhoviki/pukhovik_muzhskoy_snowimage_sidm_a318_91/;Черный;;;;Мужская одежда;Пуховики
973;Пуховик мужской Sme 759201 милитари;M::L::XL::2XL;4900;3900;38.22;https://lebuto.ru/upload/iblock/457/ea6d33c8_d357_11e8_a291_000c29cc4602_1c18e9f2_e884_11e8_abe6_000c29cc4602.jpeg;https://lebuto.ru/catalog/muzhskaya_odezhda_1/pukhoviki_zimnie_kurtki/pukhoviki/pukhovik_muzhskoy_supreme_759201_militari/;хаки;;;;Мужская одежда;Пуховики
974;Пуховик мужской YASON (черный) без меха;M;1000;800;47.22;https://lebuto.ru/upload/iblock/e8b/e8b071aeb8f27865a143605ad6bd0ee3.jpeg;https://lebuto.ru/catalog/muzhskaya_odezhda_1/pukhoviki_zimnie_kurtki/pukhoviki/pukhovik_muzhskoy_yason_chernyy_bez_mekha/;Черный;;Материал верха : 100% полиэстер наполнитель: 90% пух 10% перо;;Мужская одежда;Пуховики
975;Ремень DW-349512;95;120;120;0;https://lebuto.ru/upload/iblock/2d8/8w3vhc0n8txvf81lvzrl9nlqlm970vbj/f7a3c88d_b7e2_11e3_9ffd_000c29cc46f8_1905f88d_f69d_11ec_812a_000c29cc4602.jpeg;https://lebuto.ru/catalog/aksessuary_1/remni/remen_dw_349512/;;;искусственная кожа;;Аксессуары;Ремни
976;Ремень DW-349515;95;150;120;20;https://lebuto.ru/upload/iblock/84d/a94mqbb4a7n980kc05fylgw8x79gdjrb/bc475a73_b7e2_11e3_9ffd_000c29cc46f8_661ca676_f69e_11ec_812a_000c29cc4602.jpeg;https://lebuto.ru/catalog/aksessuary_1/remni/remen_dw_349515/;;;искусственная кожа;;Аксессуары;Ремни
977;Рукавицы пуховые женские U 121032 (бежевый 5029);one size;900;900;0;https://lebuto.ru/upload/iblock/920/mdln6j2lpjqf7o2vzw0y0ihnb3m8a7f4/7f24cb57_b645_11ec_811f_000c29cc4602_5ae5e337_cb7e_11ec_8121_000c29cc4602.jpeg;https://lebuto.ru/catalog/aksessuary_1/perchatki_varezhki/rukavitsy_pukhovye_zhenskie_u_121032_bezhevyy_5029/;бежевый;;Верх: 100% полиэстер. Подклад: 100% полиэстер. Утеплитель: 92% гусиный пух, 8% перо;;Аксессуары;Перчатки, варежки
978;Рукавицы пуховые женские U 121032 (белый 5014);one size;900;500;44.44;https://lebuto.ru/upload/iblock/d99/46yj7i0hgrb5fy6woa0hue0i1dgd3p26/8cedd536_ac1e_11ed_812d_000c29cc4602_21eece49_7ed4_11ee_8132_000c29cc4602.jpeg;https://lebuto.ru/catalog/aksessuary_1/perchatki_varezhki/rukavitsy_pukhovye_zhenskie_u_121032_belyy_5014/;белый;;Верх: 100% полиэстер. Подклад: 100% полиэстер. Утеплитель: 92% гусиный пух, 8% перо;;Аксессуары;Перчатки, варежки
979;Рукавицы пуховые женские U 121032 (оливковый 5019);one size;900;500;44.44;https://lebuto.ru/upload/iblock/92e/xrfxb1gd0kwzdjc22wgtoz8leyb9i422/ec361f22_8963_11ec_811d_000c29cc4602_8059c158_cb7e_11ec_8121_000c29cc4602.jpeg;https://lebuto.ru/catalog/aksessuary_1/perchatki_varezhki/rukavitsy_pukhovye_zhenskie_u_121032_olivkovyy_5019/;Оливковый;;верх: 100% полиэстер, утеплитель: 98% гусиный пух, 2% перо, подклад: 100% полиэстер;;Аксессуары;Перчатки, варежки
980;Рукавицы пуховые женские U 121032 (розовый 5020);one size;500;500;0;https://lebuto.ru/upload/iblock/e10/lbnaau389w003qvik436yvfrhwllnih4/bcc726c6_b644_11ec_811f_000c29cc4602_89570025_cb7e_11ec_8121_000c29cc4602.jpeg;https://lebuto.ru/catalog/aksessuary_1/perchatki_varezhki/rukavitsy_pukhovye_zhenskie_u_121032_rozovyy_5020/;розовый;;Верх: 100% полиэстер. Подклад: 100% полиэстер. Утеплитель: 92% гусиный пух, 8% перо;;Аксессуары;Перчатки, варежки
981;Рукавицы пуховые женские U 121032 (серый 5018);one size;900;500;44.44;https://lebuto.ru/upload/iblock/552/tlzgjb7worzn4jv045n6ahvbdjd19l2n/43566c4e_aa70_11ec_811f_000c29cc4602_9820c47d_cb7e_11ec_8121_000c29cc4602.jpeg;https://lebuto.ru/catalog/aksessuary_1/perchatki_varezhki/rukavitsy_pukhovye_zhenskie_u_121032_seryy_5018/;Серый;;Верх: 100% полиэстер. Подклад: 100% полиэстер. Утеплитель: 92% гусиный пух, 8% перо;;Аксессуары;Перчатки, варежки
982;Рукавицы пуховые женские U 121032 (синий 5016);one size;900;900;0;https://lebuto.ru/upload/iblock/b60/gf3ww1a2symez888xqh19uko6it1swkw/e263cdc1_aa6f_11ec_811f_000c29cc4602_b95f3bc9_cb7e_11ec_8121_000c29cc4602.jpeg;https://lebuto.ru/catalog/aksessuary_1/perchatki_varezhki/rukavitsy_pukhovye_zhenskie_u_121032_siniy_5016/;Синий;;Верх: 100% полиэстер. Подклад: 100% полиэстер. Утеплитель: 92% гусиный пух, 8% перо;;Аксессуары;Перчатки, варежки
983;Рукавицы пуховые женские U 121032 (темно-синий 5039);one size;900;500;44.44;https://lebuto.ru/upload/iblock/62b/1vv4xdmdam817nsk9b20p8d8uhzbb39b/357e705b_ac21_11ed_812d_000c29cc4602_1eaab58b_7ed5_11ee_8132_000c29cc4602.jpeg;https://lebuto.ru/catalog/aksessuary_1/perchatki_varezhki/rukavitsy_pukhovye_zhenskie_u_121032_temno_siniy_5039/;темно-синий;;Верх: 100% полиэстер. Подклад: 100% полиэстер. Утеплитель: 92% гусиный пух, 8% перо;;Аксессуары;Перчатки, варежки
984;Рукавицы пуховые женские U 121032 (терракотовый 5017);one size;900;900;0;https://lebuto.ru/upload/iblock/307/190nlxa52ad9dxkibujgk58ydph6uec3/1d1c3f6a_aa70_11ec_811f_000c29cc4602_c7ffa652_cb7e_11ec_8121_000c29cc4602.jpeg;https://lebuto.ru/catalog/aksessuary_1/perchatki_varezhki/rukavitsy_pukhovye_zhenskie_u_121032_terrakotovyy_5017/;терракот;;Верх: 100% полиэстер. Подклад: 100% полиэстер. Утеплитель: 92% гусиный пух, 8% перо;;Аксессуары;Перчатки, варежки
985;Рукавицы пуховые женские U 121032 (черный 5054);one size;900;900;0;https://lebuto.ru/upload/iblock/519/3u5zdyr2oozku6b6fsdrw0iv2fkv3o0n/ef499bff_ac20_11ed_812d_000c29cc4602_a7e8407f_7ed5_11ee_8132_000c29cc4602.jpeg;https://lebuto.ru/catalog/aksessuary_1/perchatki_varezhki/rukavitsy_pukhovye_zhenskie_u_121032_chernyy_5054/;Черный;;Верх: 100% полиэстер. Подклад: 100% полиэстер. Утеплитель: 92% гусиный пух, 8% перо;;Аксессуары;Перчатки, варежки
986;Рукавицы пуховые женские U 121032 (ярко-синий 5060);one size;900;900;0;https://lebuto.ru/upload/iblock/05c/y48q4cbkpai4a2rw7x0t5viuzagbwwff/55ca1394_b646_11ec_811f_000c29cc4602_08c4cc53_cb7f_11ec_8121_000c29cc4602.jpeg;https://lebuto.ru/catalog/aksessuary_1/perchatki_varezhki/rukavitsy_pukhovye_zhenskie_u_121032_yarko_siniy_5060/;;;;;Аксессуары;Перчатки, варежки
987;Сарафан арт. 1101 серая клетка;38::34::30::36::40::32;300;240;29.39;https://lebuto.ru/upload/iblock/01c/2ugitf67kbt7n0xowdoh4espxif4fq5d/93bc29c8_e080_11e3_91fe_000c29cc4602_06b9a101_f6aa_11ec_812a_000c29cc4602.jpeg;https://lebuto.ru/catalog/devochkam_1/shkolnaya_forma_1/sarafan_art_1101_seraya_kletka/;Серый;;10% шерсть, 20% вискоза, 70% полиэстер;;Девочкам;Школьная форма
988;Сарафан арт. 1102 серый;30::32::38::34;300;240;33.33;https://lebuto.ru/upload/iblock/cfa/2822331b_e0c3_11e3_91fe_000c29cc4602_31c3d772_84c7_11e8_9f15_000c29cc4602.jpeg;https://lebuto.ru/catalog/devochkam_1/shkolnaya_forma_1/sarafan_art_1102_seryy/;Серый;;10% шерсть, 20% вискозный шелк, 70% полиэстер;;Девочкам;Школьная форма
989;Сарафан арт. 1102 синий;40::38::34::32::30::36;300;240;52.66;https://lebuto.ru/upload/iblock/550/5509734fb1aa274633af531ceb165862.jpeg;https://lebuto.ru/catalog/devochkam_1/shkolnaya_forma_1/sarafan_art_1102_siniy/;Синий;;10% шерсть, 20% вискозный шелк, 70% полиэстер;;Девочкам;Школьная форма
990;Сарафан детск.TIGA 80048 сер.;13::15::17::9::11;350;199;43.14;https://lebuto.ru/upload/iblock/684/684aa44dd4647ee20d85f7fcea23b57f.jpeg;https://lebuto.ru/catalog/devochkam_1/platya_sarafany/sarafan_detsk_tiga_80048_ser/;Серый;;верх: 100% полиэстер подклад: хлопок 95%, полиэстер 5%;;Девочкам;Платья, сарафаны
991;Сарафан детск.TIGA 80050 сер.;11::13::15::17::9;350;199;43.14;https://lebuto.ru/upload/iblock/5e1/5e1613a245013416127ffddaa0798f4c.jpeg;https://lebuto.ru/catalog/devochkam_1/platya_sarafany/sarafan_detsk_tiga_80050_ser/;Серый;;верх: 100% полиэстер подклад : хлопок 65%, полиэстер 35%;;Девочкам;Платья, сарафаны
992;Свитшот UA WD18162 светло-серый;XL;1550;990;36.13;https://lebuto.ru/upload/iblock/d76/1c5a4715_b0d5_11e8_9f15_000c29cc4602_1bfd7165_2474_11e9_9d72_000c29cc4602.jpeg;https://lebuto.ru/catalog/muzhskaya_odezhda_1/tolstovki/svitshot_under_armour_wd18162_svetlo_seryy/;св.серый;;;;Мужская одежда;Толстовки
993;Синтепух муж A Bg (бежевый клетка);S;1350;990;26.67;https://lebuto.ru/upload/iblock/296/29676b66986dc87efd94e80ad6e2db38.jpeg;https://lebuto.ru/catalog/muzhskaya_odezhda_1/kurtki/kurtki_zimnie/sintepukh_muzh_a_bogner_bezhevyy_kletka/;бежевый;;100% полиэстер, наполнитель холлофайбер;;Мужская одежда;Куртки зимние
994;Синтепух муж A Bg (серый клетка);S;1350;990;26.67;https://lebuto.ru/upload/iblock/371/f1cf0e91_28aa_46bb_980f_398934376d3c_1c91b018_8375_11e5_afe8_000c29cc4602.jpeg;https://lebuto.ru/catalog/muzhskaya_odezhda_1/kurtki/kurtki_zimnie/sintepukh_muzh_a_bogner_seryy_kletka/;Серый;;100% полиэстер, наполнитель холлофайбер;;Мужская одежда;Куртки зимние
995;Синтепух муж A Bg (терракот клетка);S;1350;990;26.67;https://lebuto.ru/upload/iblock/202/2028cfbc0a3c88ff338ec5c93f8086ed.jpeg;https://lebuto.ru/catalog/muzhskaya_odezhda_1/kurtki/kurtki_zimnie/sintepukh_muzh_a_bogner_terrakot_kletka/;терракот;;100% полиэстер, наполнитель холлофайбер;;Мужская одежда;Куртки зимние
996;Синтепух муж СМ-2 A (бежевый клетка);S;1500;990;34;https://lebuto.ru/upload/iblock/fa5/c10c696a_534d_48e5_b4e7_73c3b0c5996a_9a1688d3_99a0_11e5_b9f9_000c29cc4602.jpeg;https://lebuto.ru/catalog/muzhskaya_odezhda_1/kurtki/kurtki_zimnie/sintepukh_muzh_sm_2_a_bezhevyy_kletka/;бежевый;;100% полиэстер, наполнитель холлофайбер;;Мужская одежда;Куртки зимние
997;Синтепух муж. А Богдан (терракот клетка);S;1500;990;34;https://lebuto.ru/upload/iblock/540/246f29b6_a84c_45c5_b61e_6270f91ba987_ad19aad2_8374_11e5_afe8_000c29cc4602.jpeg;https://lebuto.ru/catalog/muzhskaya_odezhda_1/kurtki/kurtki_zimnie/sintepukh_muzh_a_bogdan_terrakot_kletka/;терракот;;100% полиэстер, наполнитель холлофайбер;;Мужская одежда;Куртки зимние
998;Синтепух мужской A ENRIQUE (бежевый клетка);M::S;1500;990;34;https://lebuto.ru/upload/iblock/036/03618db362eee1c53c3cb0c72c20d586.jpeg;https://lebuto.ru/catalog/muzhskaya_odezhda_1/kurtki/kurtki_zimnie/sintepukh_muzhskoy_a_enrique_bezhevyy_kletka_/;бежевый;;100% полиэстер, наполнитель холлофайбер;;Мужская одежда;Куртки зимние
999;Сланцы BW T2032 светло-коричневый;36::37;300;200;13.июль;https://lebuto.ru/upload/iblock/451/90ec6535_3ef0_11e8_9f15_000c29cc4602_e7efe3da_4799_11e8_9f15_000c29cc4602.jpeg;https://lebuto.ru/catalog/aksessuary_1/obuv_1/slantsy_bweo_t2032_svetlo_korichnevyy/;св.коричневый;;пенополиуретан;;Аксессуары;Обувь
1000;Сланцы BW T2032 черный;38;300;280;13.июль;https://lebuto.ru/upload/iblock/f9d/dffc6d94_3eed_11e8_9f15_000c29cc4602_f860813a_4799_11e8_9f15_000c29cc4602.jpeg;https://lebuto.ru/catalog/aksessuary_1/obuv_1/slantsy_bweo_t2032_chernyy/;Черный;;;;Аксессуары;Обувь
1001;Сланцы BW T3086 бирюзовый;39;300;200;13.июль;https://lebuto.ru/upload/iblock/2a9/15c66fbb_3ee2_11e8_9f15_000c29cc4602_b8ffffdf_4798_11e8_9f15_000c29cc4602.jpeg;https://lebuto.ru/catalog/aksessuary_1/obuv_1/slantsy_bweo_t3086_biryuzovyy/;бирюзовый;;;;Аксессуары;Обувь
1002;Сланцы Hav 332994 розово-черный;37/38;300;200;13.33;https://lebuto.ru/upload/iblock/648/bf9e8e9e_4ec6_11e9_badb_000c29cc4602_aa079446_550c_11e9_badb_000c29cc4602.jpeg;https://lebuto.ru/catalog/aksessuary_1/obuv_1/slantsy_havaianas_332994_rozovo_chernyy/;мультиколор;;;;Аксессуары;Обувь
1003;Сланцы Hav 332994 синий;35/36::37/38;300;200;13.33;https://lebuto.ru/upload/iblock/30e/1b484136_4ec7_11e9_badb_000c29cc4602_bfa4947a_550c_11e9_badb_000c29cc4602.jpeg;https://lebuto.ru/catalog/aksessuary_1/obuv_1/slantsy_havaianas_332994_siniy/;Синий;;;;Аксессуары;Обувь
1004;Сланцы RD 1532 розовый;5;400;300;13.61;https://lebuto.ru/upload/iblock/6e2/330dcb00_c4c8_11ea_80e9_000c29cc4602_f58a2220_d705_11ea_80e9_000c29cc4602.jpeg;https://lebuto.ru/catalog/aksessuary_1/obuv_1/slantsy_ripndip_1532_rozovyy/;розовый;;;;Аксессуары;Обувь
1005;Снуд TNF 11593 черный;one size;300;240;;https://lebuto.ru/upload/iblock/0a9/3o11pn5i16aaspxwd32w9ntupigniju0/532a2ea1_90ad_11ed_812d_000c29cc4602_d3da7686_b9e8_11ef_816a_000c29cc4602.jpg;https://lebuto.ru/catalog/aksessuary_1/sharfy/snud_tnf_11593_chernyy/;Черный;;;;Аксессуары;Шарфы
1006;Сорочка школьная (белый) длинный рукав;11::2::4::6::8::10::12::7::9;250;199;20.апр;https://lebuto.ru/upload/iblock/400/rrj7jsffdbs1dqhei2c0knxuzxiasjlh/21c2e393_b7e3_11e3_9ffd_000c29cc46f8_8fe882df_5ecb_11ef_8158_000c29cc4602.jpg;https://lebuto.ru/catalog/malchikam_1/shkolnaya_forma/sorochka_shkolnaya_belyy_dlinnyy_rukav/;белый;;100% хлопок;р. 2 - 116-122 см р. 4/7 - 122 -128 см р. 6/8 - 128-134 см р. 9/10 - 140 см р. 11/12 - 146 см р. 13 - 152 см р. 14 - 158 см р. 39 рост 170 - 173 см по плечам 48 размер;Мальчикам;Школьная форма
1007;Сорочка школьная (голубой) длинный рукав;4::13::2::6::8::10::12::7::9::11::40::41::42;250;199;20.апр;https://lebuto.ru/upload/iblock/a71/osaigkuhzq8ha9dazfktge1h1g0p9m46/90e466d9_b7e2_11e3_9ffd_000c29cc46f8_5fc05d13_5ecb_11ef_8158_000c29cc4602.jpg;https://lebuto.ru/catalog/malchikam_1/shkolnaya_forma/sorochka_shkolnaya_goluboy_dlinnyy_rukav/;голубой;;100% хлопок;р. 2 - 116-122 см р. 4/7 - 122 -128 см р. 6/8 - 128-134 см р. 9/10 - 140 см р. 11/12 - 146 см р. 13 - 152 см р. 14 - 158 см р. 39 рост 170 - 173 см по плечам 48 размер;Мальчикам;Школьная форма
1008;Сорочка школьная (голубой) короткий рукав;10::8::6;300;199;;https://lebuto.ru/upload/iblock/82a/cr6a2bix5l9gplpj6ntekji8ebrt19zy/c5600afe_b7e3_11e3_9ffd_000c29cc46f8_e930db6d_5eca_11ef_8158_000c29cc4602.jpg;https://lebuto.ru/catalog/malchikam_1/shkolnaya_forma/sorochka_shkolnaya_goluboy_korotkiy_rukav/;голубой;;100% хлопок;;Мальчикам;Школьная форма
1009;Сумка ACW G453 черный;one size;1100;880;33.33;https://lebuto.ru/upload/iblock/c1f/5424edb6_3e7a_11ea_80e2_000c29cc4602_f8aaf77a_1cea_11eb_80e9_000c29cc4602.jpeg;https://lebuto.ru/catalog/aksessuary_1/ryukzaki_i_sumki/sumka_acw_g453_chernyy/;Черный;;Полиэстер;;Аксессуары;Рюкзаки и сумки
1010;Сумка FL 2844 зеленый;one size;600;480;28;https://lebuto.ru/upload/iblock/e84/84745751_72b0_11e8_9f15_000c29cc4602_ecb1b0f6_7b6c_11e8_9f15_000c29cc4602.jpeg;https://lebuto.ru/catalog/aksessuary_1/ryukzaki_i_sumki/sumka_fila_2844_zelenyy/;зеленый;;100% полиэстер;;Аксессуары;Рюкзаки и сумки
1011;Сумка FL 2844 красный;one size;600;480;13.33;https://lebuto.ru/upload/iblock/fad/62bd2bd0_72b0_11e8_9f15_000c29cc4602_05f92948_7b6d_11e8_9f15_000c29cc4602.jpeg;https://lebuto.ru/catalog/aksessuary_1/ryukzaki_i_sumki/sumka_fila_2844_krasnyy/;красный;;100% хлопок;;Аксессуары;Рюкзаки и сумки
1012;Термобелье W TC-129 бело-черный;L::XL::3XL;990;790;20.янв;https://lebuto.ru/upload/iblock/99d/09716096_b290_11e9_80da_000c29cc4602_80a55b58_aa25_11ea_80e8_000c29cc4602.jpeg;https://lebuto.ru/catalog/muzhskaya_odezhda_1/termobele/termobele_whs_tc_129_belo_chernyy/;белый;;100% полиэстер;;Мужская одежда;Термобелье
1013;Термобелье W TC-129 черный;M::3XL;990;790;20.янв;https://lebuto.ru/upload/iblock/257/6dc4759e_b290_11e9_80da_000c29cc4602_b195d818_aa25_11ea_80e8_000c29cc4602.jpeg;https://lebuto.ru/catalog/muzhskaya_odezhda_1/termobele/termobele_whs_tc_129_chernyy/;Черный;;100% полиэстер;;Мужская одежда;Термобелье
1014;Термобелье Б/Н 1356831 черный;L::2XL;1900;1500;31.66;https://lebuto.ru/upload/iblock/c89/28gw5wcb6zm17dz5r23wwlwitat89icf/a8f945ef_3310_11ec_8101_000c29cc4602_acd30d86_3977_11ec_8101_000c29cc4602.jpeg;https://lebuto.ru/catalog/muzhskaya_odezhda_1/termobele/termobele_b_n_1356831_chernyy/;Черный;;;;Мужская одежда;Термобелье
1015;Термобелье Б/Н 4018/4070 т.сине-синий/синий шов;S::M::L::XL;990;790;18.78;https://lebuto.ru/upload/iblock/a7a/8bf3fe62_e6aa_11ea_80e9_000c29cc4602_5e87c96c_90fc_11eb_80ed_000c29cc4602.jpeg;https://lebuto.ru/catalog/muzhskaya_odezhda_1/termobele/termobele_b_n_4018_4070_t_sine_siniy_siniy_shov/;Синий;;;;Мужская одежда;Термобелье
1016;Термобелье Б/Н 4018/4070 черно-серый/зеленый шов;S::M::L;990;790;18.78;https://lebuto.ru/upload/iblock/f5a/0de243cc_e6aa_11ea_80e9_000c29cc4602_790d44e6_90fc_11eb_80ed_000c29cc4602.jpeg;https://lebuto.ru/catalog/muzhskaya_odezhda_1/termobele/termobele_b_n_4018_4070_cherno_seryy_zelenyy_shov/;Серый;;;;Мужская одежда;Термобелье
1017;Термобелье Б/Н 4018/4070 черно-серый/серый шов;S::M::L::XL;990;720;18.78;https://lebuto.ru/upload/iblock/3fa/b95ab0cc_e6a9_11ea_80e9_000c29cc4602_a5778ca7_90fc_11eb_80ed_000c29cc4602.jpeg;https://lebuto.ru/catalog/muzhskaya_odezhda_1/termobele/termobele_b_n_4018_4070_cherno_seryy_seryy_shov/;Серый;;;;Мужская одежда;Термобелье
1018;Термобелье брюки X-BIONIC 72144 темно-серый;M;1900;1500;0;https://lebuto.ru/upload/iblock/de5/mn4d76635zqcp8263d1fl0ydix37bp94/56f99ba4_50db_11ec_8101_000c29cc4602_6e6ddd99_5115_11ec_8101_000c29cc4602.jpeg;https://lebuto.ru/catalog/muzhskaya_odezhda_1/termobele/termobele_bryuki_x_bionic_72144_temno_seryy/;темно-серый;;;;Мужская одежда;Термобелье
1019;Термобелье брюки X-BIONIC 72144 черный;M::L;1900;1500;0;https://lebuto.ru/upload/iblock/68d/jbmfjckv8g4e1ewx12l6e7fmd920w7ow/26aed744_50db_11ec_8101_000c29cc4602_a5cfec70_5115_11ec_8101_000c29cc4602.jpeg;https://lebuto.ru/catalog/muzhskaya_odezhda_1/termobele/termobele_bryuki_x_bionic_72144_chernyy/;Черный;;;;Мужская одежда;Термобелье
1020;Термобелье женское HE HESG2281 Black;XS;;;;https://lebuto.ru/upload/iblock/77d/5xeoib9fa0gxssd6t9terovvp2np8l3p/29d3504e_276f_11ed_812b_000c29cc4602_db260b39_b86e_11ef_816a_000c29cc4602.jpg;https://lebuto.ru/catalog/zhenskaya_odezhda_1/termobele_1/termobele_zhenskoe_he_hesg2281_black/;Черный;;;;Женская одежда;Термобелье
1021;Термобелье лонгслив MT 21258 черный;XL;650;520;24;https://lebuto.ru/upload/iblock/f47/a349f5ad_87ac_11eb_80ed_000c29cc4602_96ced69a_8ba7_11eb_80ed_000c29cc4602.jpeg;https://lebuto.ru/catalog/muzhskaya_odezhda_1/termobele/termobele_longsliv_mammut_21258_chernyy/;Черный;;100% полиэстер;;Мужская одежда;Термобелье
1022;Термобелье лонгслив X-BIONIC 72166 темно-серый;M;6490;1500;0;https://lebuto.ru/upload/iblock/747/g16tt8f1euc5iaogrxqe3lg72tf9wnro/b81b8dfc_50da_11ec_8101_000c29cc4602_27b5047b_5116_11ec_8101_000c29cc4602.jpeg;https://lebuto.ru/catalog/muzhskaya_odezhda_1/termobele/termobele_longsliv_x_bionic_72166_temno_seryy/;темно-серый;;;;Мужская одежда;Термобелье
1023;Термобелье лонгслив X-BIONIC 72166 черный;M::L;1900;1500;0;https://lebuto.ru/upload/iblock/22c/02npjye2xb52rc9irss4och5b2uvdynl/88bf4b6c_50da_11ec_8101_000c29cc4602_498b2ad7_5116_11ec_8101_000c29cc4602.jpeg;https://lebuto.ru/catalog/muzhskaya_odezhda_1/termobele/termobele_longsliv_x_bionic_72166_chernyy/;Черный;;;;Мужская одежда;Термобелье
1024;Толстовка FA 09971 белый;M::L::XL::2XL;4870;4870;0;https://lebuto.ru/upload/iblock/f33/uwtkip24ve21tdfevd7trv3vw7jxyh5r/31ddd824_6dfb_11ec_8112_000c29cc4602_77d2a678_6ee7_11ec_8112_000c29cc4602.jpeg;https://lebuto.ru/catalog/muzhskaya_odezhda_1/tolstovki/tolstovka_fa_09971_belyy/;белый;;;;Мужская одежда;Толстовки
1025;Толстовка FA 333109 черный;M;4430;4430;0;https://lebuto.ru/upload/iblock/d38/h2ytzi2g2yhq4lvxyo9swv9nr89mr04c/34cd0434_6dfe_11ec_8112_000c29cc4602_bc557e8f_6ee7_11ec_8112_000c29cc4602.jpeg;https://lebuto.ru/catalog/muzhskaya_odezhda_1/tolstovki/tolstovka_fa_333109_chernyy/;Черный;;;;Мужская одежда;Толстовки
1026;Толстовка FA 711880 черный;S::L;1500;1200;0;https://lebuto.ru/upload/iblock/5dc/49pj10rjjr1wdk18pp0j019bovfdfx3n/8787330b_6dfb_11ec_8112_000c29cc4602_c6498d77_6ee7_11ec_8112_000c29cc4602.jpeg;https://lebuto.ru/catalog/zhenskaya_odezhda_1/tolstovki_1/tolstovka_fa_711880_chernyy/;Черный;;;;Женская одежда;Толстовки
1027;Толстовка № 1 NHL;M::L::XL::XXL::S;950;585;;https://lebuto.ru;https://lebuto.ru/catalog/muzhskaya_odezhda_1/tolstovki/tolstovka_1_nhl/;;;;;Мужская одежда;Толстовки
1028;Толстовка PP 3001 сер.;2XL::XL::L::M::S;500;300;31.82;https://lebuto.ru/upload/iblock/acb/acb52fc94113f00f36f68f9696693de5.jpeg;https://lebuto.ru/catalog/muzhskaya_odezhda_1/tolstovki/tolstovka_philipp_plein_3001_ser/;Серый;;Хлопок 100%;;Мужская одежда;Толстовки
1029;Толстовка ZBZA 03327 серый;M;3550;3550;0;https://lebuto.ru/upload/iblock/336/zhq1so23nvlsxxdz3hs6r46tsxtmlrsc/4ee598cf_b648_11ec_811f_000c29cc4602_f58c4ed5_b717_11ec_811f_000c29cc4602.jpeg;https://lebuto.ru/catalog/zhenskaya_odezhda_1/tolstovki_1/tolstovka_zbza_03327_seryy/;Серый;;;;Женская одежда;Толстовки
1030;Толстовка детская Merlion Drim (желтый);34::36::38;300;240;20;https://lebuto.ru/upload/iblock/ab7/ab7619bb318ca4a028f331fd89a953ac.jpeg;https://lebuto.ru/catalog/malchikam_1/tolstovki_2/tolstovka_detskaya_merlion_drim_zheltyy/;желтый;;Хлопок 70%, Полиэстер 30%;;Мальчикам;Толстовки
1031;Толстовка детская Merlion Drim (салатовый);32::34::36::38::40::42;300;240;20;https://lebuto.ru/upload/iblock/7ee/cbe6858a_e0ab_11e3_91fe_000c29cc4602_0b423a67_f47c_11e4_ae9c_000c29cc4602.jpeg;https://lebuto.ru/catalog/malchikam_1/tolstovki_2/tolstovka_detskaya_merlion_drim_salatovyy/;салатовый;;Хлопок 70%, Полиэстер 30%;;Мальчикам;Толстовки
1032;Толстовка жен Merlion Melina (черный);XS;800;640;26.апр;https://lebuto.ru/upload/iblock/87f/smiimh3i5lgo35st3xqrskfqykb89n2i/fa9751ed_f9f1_4013_a98c_8f94cbc8c6d4_f336ba58_654f_11ec_8110_000c29cc4602.jpeg;https://lebuto.ru/catalog/zhenskaya_odezhda_1/tolstovki_1/tolstovka_zhen_merlion_melina_chernyy/;Черный;;50% полиэстер 50% хлопок;;Женская одежда;Толстовки
1033;Толстовка женская 1001C-0003-11 черный;XS::S::M::L::XL;1500;1100;;https://lebuto.ru/upload/iblock/a7e/chpv9hatgwa9k3p0f82fztfpwsn9pqic/5b10470e_5a77_11ed_812c_000c29cc4602_983c064f_01fd_11ef_8146_000c29cc4602.jpg;https://lebuto.ru/catalog/zhenskaya_odezhda_1/tolstovki_1/tolstovka_zhenskaya_1001c_0003_11_chernyy/;Черный;;70% хлопок 30% полиэстер;Укороченная женская толстовка с капюшоном выполнена из плотного трикотажа с начесом. ;Женская одежда;Толстовки
1034;Толстовка женская 1001C-0003-27 мятный;S::M::L::XL;1500;1100;;https://lebuto.ru/upload/iblock/c71/amqk56tmt1wtrxl5g92q6ue2u8m2ncke/ff4290cc_5a77_11ed_812c_000c29cc4602_4a36c863_01fe_11ef_8146_000c29cc4602.jpg;https://lebuto.ru/catalog/zhenskaya_odezhda_1/tolstovki_1/tolstovka_zhenskaya_1001c_0003_27_myatnyy/;св.зелёный;;70% хлопок 30% полиэстер;Укороченная женская толстовка с капюшоном выполнена из плотного трикотажа с начесом. ;Женская одежда;Толстовки
1035;Толстовка женская 1001C-0003-43 сиреневый;S::L::XL;1500;1100;;https://lebuto.ru/upload/iblock/978/fpggbta1r2mw5pjm7mr67h06yc72fn1r/73abe138_5a79_11ed_812c_000c29cc4602_821931f3_01fd_11ef_8146_000c29cc4602.jpg;https://lebuto.ru/catalog/zhenskaya_odezhda_1/tolstovki_1/tolstovka_zhenskaya_1001c_0003_43_sirenevyy/;сирень;;70% хлопок 30% полиэстер;Укороченная женская толстовка с капюшоном выполненна из плотного трикотажа с начесом. ;Женская одежда;Толстовки
1036;Толстовка женская 1002C-0003-11 черный;XL::XS::S::L;1500;1100;;https://lebuto.ru/upload/iblock/ef5/4uts3hxnsacvtspyolmmot467ngyd7c6/953f0a65_5a7a_11ed_812c_000c29cc4602_ab2a90ff_01fb_11ef_8146_000c29cc4602.jpg;https://lebuto.ru/catalog/zhenskaya_odezhda_1/tolstovki_1/tolstovka_zhenskaya_1002c_0003_11_chernyy/;Черный;;70% хлопок 30% полиэстер;Худи женское выполнено из плотного трикотажа с начесом. Не Съемный капюшон, карман кенгуру.;Женская одежда;Толстовки
1037;Толстовка женская 1002C-0003-27 мятный;S::XS;1500;1100;;https://lebuto.ru/upload/iblock/a4c/77hmrzskb81egmfoegp3qzrqwulby1kn/194efd37_5a82_11ed_812c_000c29cc4602_391711c9_01fa_11ef_8146_000c29cc4602.jpg;https://lebuto.ru/catalog/zhenskaya_odezhda_1/tolstovki_1/tolstovka_zhenskaya_1002c_0003_27_myatnyy/;св.зелёный;;70% хлопок 30% полиэстер;Худи женское выполнено из плотного трикотажа с начесом. Не Съемный капюшон, карман кенгуру.;Женская одежда;Толстовки
1038;Толстовка женская 1002C-0003-29 бежевый;XL::XS::M::L;1500;1100;;https://lebuto.ru/upload/iblock/8ee/6njx2kzhmalheok9d6goqg5robt8n3oy/756e088d_5a82_11ed_812c_000c29cc4602_58867250_01f8_11ef_8146_000c29cc4602.jpg;https://lebuto.ru/catalog/zhenskaya_odezhda_1/tolstovki_1/tolstovka_zhenskaya_1002c_0003_29_bezhevyy/;бежевый;;70% хлопок 30% полиэстер;Худи женское выполнено из плотного трикотажа с начесом. Не Съемный капюшон, карман кенгуру.;Женская одежда;Толстовки
1039;Толстовка женская 1002C-0003-41 розовый;XS::XL::S::M::L;1500;1100;;https://lebuto.ru/upload/iblock/00a/64mxqg09l5k7wq28x65ohyh21boaqbt3/dc883058_5a82_11ed_812c_000c29cc4602_6f0c1d52_01f7_11ef_8146_000c29cc4602.jpg;https://lebuto.ru/catalog/zhenskaya_odezhda_1/tolstovki_1/tolstovka_zhenskaya_1002c_0003_41_rozovyy/;розовый;;70% хлопок 30% полиэстер;Худи женское выполнено из плотного трикотажа с начесом. Не Съемный капюшон, карман кенгуру.;Женская одежда;Толстовки
1040;Толстовка женская 1002C-0003-43 сиреневый;L::XS::S;1500;1100;;https://lebuto.ru/upload/iblock/626/0wjmum0ds5dgoi4dx83oyuc88osekgtb/49ca69d3_5a83_11ed_812c_000c29cc4602_0d68d457_01f8_11ef_8146_000c29cc4602.jpg;https://lebuto.ru/catalog/zhenskaya_odezhda_1/tolstovki_1/tolstovka_zhenskaya_1002c_0003_43_sirenevyy/;сирень;;70% хлопок 30% полиэстер;Худи женское выполнено из плотного трикотажа с начесом. Не Съемный капюшон, карман кенгуру.;Женская одежда;Толстовки
1041;Толстовка женская HE RB13107 Black;2XL::3XL;2860;2860;0;https://lebuto.ru/upload/iblock/01d/dt4hft47euk6z66w61rnjknq5ryk09nr/1d8b6285_6ed1_11ed_812d_000c29cc4602_563a1e42_7a93_11ed_812d_000c29cc4602.jpeg;https://lebuto.ru/catalog/zhenskaya_odezhda_1/tolstovki_1/tolstovka_zhenskaya_high_experience_rb13107_black/;Черный;;;;Женская одежда;Толстовки
1042;Толстовка женская HE RB13107 Lotus color;3XL;2860;2860;0;https://lebuto.ru/upload/iblock/ef5/tubf2x88kqpkxeh1e5yq4gbk2bddnfb1/6ee7c472_6ed1_11ed_812d_000c29cc4602_6626431e_7a93_11ed_812d_000c29cc4602.jpeg;https://lebuto.ru/catalog/zhenskaya_odezhda_1/tolstovki_1/tolstovka_zhenskaya_high_experience_rb13107_lotus_color/;св.розовый;;;;Женская одежда;Толстовки
1043;Толстовка женская HE RB13107 Purple;3XL;2860;2860;0;https://lebuto.ru/upload/iblock/425/q64m6tqwy9bow9o6w9sm86q1nb51q0wn/cd50180e_6ed0_11ed_812d_000c29cc4602_7cf1d45b_7a93_11ed_812d_000c29cc4602.jpeg;https://lebuto.ru/catalog/zhenskaya_odezhda_1/tolstovki_1/tolstovka_zhenskaya_high_experience_rb13107_purple/;сирень;;;;Женская одежда;Толстовки
1044;Толстовка женская HE RB13108 Light green;3XL;3630;3630;0;https://lebuto.ru/upload/iblock/1f2/j6mca5395yab1nzrunku7la5zvk80ds5/78f3de73_63d5_11ed_812c_000c29cc4602_5bfed6fa_6a6b_11ed_812c_000c29cc4602.jpeg;https://lebuto.ru/catalog/zhenskaya_odezhda_1/tolstovki_1/tolstovka_zhenskaya_high_experience_rb13108_light_green/;бирюзовый;;;;Женская одежда;Толстовки
1045;Толстовка женская HE RB13108 Purple/Pink;3XL::S::2XL;1500;1200;0;https://lebuto.ru/upload/iblock/312/m6c083pzax9wn19l4654eivns6apur6m/d48f142c_63d5_11ed_812c_000c29cc4602_725b3b84_6a6b_11ed_812c_000c29cc4602.jpeg;https://lebuto.ru/catalog/zhenskaya_odezhda_1/tolstovki_1/tolstovka_zhenskaya_high_experience_rb13108_purple_pink/;розовый;;;;Женская одежда;Толстовки
1046;Толстовка женская HE SU0274 цвет №1069;S;3680;3680;0;https://lebuto.ru/upload/iblock/827/acn4lae52jxfow3qi0l0p3ejktmyjwx5/ecc3ee97_af2c_11ec_811f_000c29cc4602_d8dda7f8_b040_11ec_811f_000c29cc4602.jpeg;https://lebuto.ru/catalog/zhenskaya_odezhda_1/tolstovki_1/tolstovka_zhenskaya_high_experience_su0274_tsvet_1069/;Черный;;;;Женская одежда;Толстовки
1047;Толстовка муж Инквалите синий;5XL(60);1350;900;33.33;https://lebuto.ru/upload/iblock/76f/0w099d3wf5216z0s1pt7y3lb4yoppsax/959d3b6f_fc63_11e5_894d_000c29cc4602_b0963aaa_fc63_11e5_894d_000c29cc4602.jpeg;https://lebuto.ru/catalog/muzhskaya_odezhda_1/tolstovki/tolstovka_muzh_inkvalite_siniy/;;;100% хлопок;;Мужская одежда;Толстовки
1048;Толстовка муж Инквалите черный;5XL(60);1350;900;33.33;https://lebuto.ru/upload/iblock/b08/tle2fkl8raguhzv9qike0lfv0srb953x/17631127_fc63_11e5_894d_000c29cc4602_397a1150_fc63_11e5_894d_000c29cc4602.jpeg;https://lebuto.ru/catalog/muzhskaya_odezhda_1/tolstovki/tolstovka_muzh_inkvalite_chernyy/;;;100% полиэстер;;Мужская одежда;Толстовки
1049;Толстовка мужская 6014C-0003-11 черный;2XL::M::L::XL;1600;1200;;https://lebuto.ru/upload/iblock/8eb/d1qsd7ru0ka0grwt6smnrbpz2l4yjs5j/0b844846_5a86_11ed_812c_000c29cc4602_8d3b9d01_0202_11ef_8146_000c29cc4602.jpg;https://lebuto.ru/catalog/muzhskaya_odezhda_1/tolstovki/tolstovka_muzhskaya_6014c_0003_11_chernyy/;Черный;;70% хлопок 30% полиэстер;Толстовка с капюшоном выполнена из плотного трикотажа с начесом. Карман кенгуру.;Мужская одежда;Толстовки
1050;Толстовка мужская 6014C-0003-13 темно-серый;M::3XL;1600;1200;;https://lebuto.ru/upload/iblock/a65/wjh4m4k8fl5v00p3olgsw4syl5gnj2m5/9041b76b_5a86_11ed_812c_000c29cc4602_289618a1_0203_11ef_8146_000c29cc4602.jpg;https://lebuto.ru/catalog/muzhskaya_odezhda_1/tolstovki/tolstovka_muzhskaya_6014c_0003_13_temno_seryy/;темно-серый;;70% хлопок 30% полиэстер;Толстовка с капюшоном выполнена из плотного трикотажа с начесом. Карман кенгуру.;Мужская одежда;Толстовки
1051;Толстовка мужская 6014C-0003-14 темно-синий;M::3XL;1600;1200;;https://lebuto.ru/upload/iblock/318/d5006z3fbbbs7502kpg2dszbkeufcnxr/129c2863_5a87_11ed_812c_000c29cc4602_1aac1294_0204_11ef_8146_000c29cc4602.jpg;https://lebuto.ru/catalog/muzhskaya_odezhda_1/tolstovki/tolstovka_muzhskaya_6014c_0003_14_temno_siniy/;темно-синий;;70% хлопок 30% полиэстер;Толстовка с капюшоном выполнена из плотного трикотажа с начесом. Карман кенгуру.;Мужская одежда;Толстовки
1052;Толстовка мужская Merlion Drim салатовый;44;400;200;50;https://lebuto.ru/upload/iblock/6e6/6e6d99a223a6e41a4a89e2ed4e1f3acc.jpeg;https://lebuto.ru/catalog/muzhskaya_odezhda_1/tolstovki/tolstovka_muzhskaya_merlion_drim_salatovyy/;салатовый;;;;Мужская одежда;Толстовки
1053;Толстовка спортивная A Camil (черно/салатовый);M;1150;850;26.сент;https://lebuto.ru/upload/iblock/ced/c90eb06f_b95f_11e3_9cd2_000c29cc46f8_0c17ec7a_3744_11e4_ad65_000c29cc4602.jpeg;https://lebuto.ru/catalog/muzhskaya_odezhda_1/tolstovki/tolstovka_sportivnaya_a_camil_cherno_salatovyy/;Черный;;100% хлопок;;Мужская одежда;Толстовки
1054;Туника Tangohao 58299 оранжевый;one size;200;160;31.75;https://lebuto.ru/upload/iblock/844/b7f67620_b75b_11ea_80e9_000c29cc4602_9ea22779_d56a_11ea_80e9_000c29cc4602.jpeg;https://lebuto.ru/catalog/zhenskaya_odezhda_1/platya_kostyumy_povsednevnye_tuniki/tunika_tangohao_58299_oranzhevyy/;оранжевый;;100% полиэстер;;Женская одежда;Платья, костюмы повседневные, туники
1055;Футболка JALEEMAN 03761 белый;XL::2XL::3XL::4XL::5XL;350;280;38.02;https://lebuto.ru/upload/iblock/dec/lxsr3ykwkrtonpnz01ykgpgifewg2jia/275661c7_d772_11ed_812d_000c29cc4602_696ab926_d9da_11ed_812d_000c29cc4602.jpeg;https://lebuto.ru/catalog/muzhskaya_odezhda_1/mayki_tenniski_futbolki/futbolka_jaleeman_03761_belyy/;белый;;;;Мужская одежда;Майки, тенниски, футболки
1056;Футболка JALEEMAN 03761 голубой;2XL::3XL::4XL;350;280;38.02;https://lebuto.ru/upload/iblock/e58/ubdh7n3wtsk4rxx6lgt6qqxmyldlcnl2/54a4fe0e_d771_11ed_812d_000c29cc4602_6f61c24c_d9da_11ed_812d_000c29cc4602.jpeg;https://lebuto.ru/catalog/muzhskaya_odezhda_1/mayki_tenniski_futbolki/futbolka_jaleeman_03761_goluboy/;голубой;;;;Мужская одежда;Майки, тенниски, футболки
1057;Футболка JALEEMAN 03761 красный;XL::2XL::3XL::4XL::5XL;350;280;38.02;https://lebuto.ru/upload/iblock/dc4/r9w17karwg4jxnixfv1lamwxjh7iaolw/c13a9462_d771_11ed_812d_000c29cc4602_f6f2986c_d9dd_11ed_812d_000c29cc4602.jpeg;https://lebuto.ru/catalog/muzhskaya_odezhda_1/mayki_tenniski_futbolki/futbolka_jaleeman_03761_krasnyy/;красный;;;;Мужская одежда;Майки, тенниски, футболки
1058;Футболка JALEEMAN 03761 светло-серый;5XL;350;280;38.02;https://lebuto.ru/upload/iblock/11b/rwjmm2y8nssg3c3f7nla2bwi9lrdztlt/9e0cd23e_d773_11ed_812d_000c29cc4602_05684925_d9de_11ed_812d_000c29cc4602.jpeg;https://lebuto.ru/catalog/muzhskaya_odezhda_1/mayki_tenniski_futbolki/futbolka_jaleeman_03761_svetlo_seryy/;св.серый;;;;Мужская одежда;Майки, тенниски, футболки
1059;Футболка JALEEMAN 03761 синий;2XL::3XL::5XL;350;280;38.02;https://lebuto.ru/upload/iblock/4af/pvmrnwkbyapubpzke87bfz3lr5d6nhcj/e8603b3c_d770_11ed_812d_000c29cc4602_ddadbf78_da01_11ed_812d_000c29cc4602.jpeg;https://lebuto.ru/catalog/muzhskaya_odezhda_1/mayki_tenniski_futbolki/futbolka_jaleeman_03761_siniy/;Синий;;;;Мужская одежда;Майки, тенниски, футболки
1060;Футболка JALEEMAN 03761 темно-синий;3XL::5XL;350;280;38.02;https://lebuto.ru/upload/iblock/83a/cc3ek0gyjxabjkki75vg529fkchnqttq/f7c84524_d772_11ed_812d_000c29cc4602_e60be653_da01_11ed_812d_000c29cc4602.jpeg;https://lebuto.ru/catalog/muzhskaya_odezhda_1/mayki_tenniski_futbolki/futbolka_jaleeman_03761_temno_siniy/;темно-синий;;;;Мужская одежда;Майки, тенниски, футболки
1061;Футболка JALEEMAN 03761 хаки;2XL;350;280;38.02;https://lebuto.ru/upload/iblock/3f5/iokbl7ust9bduvl023bt5zsp2wc10uxu/8fe97a26_d772_11ed_812d_000c29cc4602_edca4833_da01_11ed_812d_000c29cc4602.jpeg;https://lebuto.ru/catalog/muzhskaya_odezhda_1/mayki_tenniski_futbolki/futbolka_jaleeman_03761_khaki/;хаки;;;;Мужская одежда;Майки, тенниски, футболки
1062;Футболка JALEEMAN 50411 бежевый;XL::2XL::3XL::4XL::5XL;350;280;38.02;https://lebuto.ru/upload/iblock/ff4/nrfs40ngb4xcrgjwee8bf9v6lsuw9s46/a7896e7d_d766_11ed_812d_000c29cc4602_fd0a5029_da01_11ed_812d_000c29cc4602.jpeg;https://lebuto.ru/catalog/muzhskaya_odezhda_1/mayki_tenniski_futbolki/futbolka_jaleeman_50411_bezhevyy/;бежевый;;;;Мужская одежда;Майки, тенниски, футболки
1063;Футболка JALEEMAN 50411 белый;XL::2XL::3XL::4XL::5XL;350;280;38.02;https://lebuto.ru/upload/iblock/327/iq24azh2e24o1ynmdlr4rhgxga292yq9/14535047_d763_11ed_812d_000c29cc4602_092f2a6f_da02_11ed_812d_000c29cc4602.jpeg;https://lebuto.ru/catalog/muzhskaya_odezhda_1/mayki_tenniski_futbolki/futbolka_jaleeman_50411_belyy/;белый;;;;Мужская одежда;Майки, тенниски, футболки
1064;Футболка JALEEMAN 50411 бледно-розовый;XL::2XL::3XL::4XL;600;480;38.02;https://lebuto.ru/upload/iblock/84d/zgxe2udrh8xvmgf9g4tqdd7eoiu1jljm/f0a5e0cc_d764_11ed_812d_000c29cc4602_374f3ef8_da02_11ed_812d_000c29cc4602.jpeg;https://lebuto.ru/catalog/muzhskaya_odezhda_1/mayki_tenniski_futbolki/futbolka_jaleeman_50411_bledno_rozovyy/;св.розовый;;;;Мужская одежда;Майки, тенниски, футболки
1065;Футболка JALEEMAN 50411 желтый;XL::3XL::4XL::5XL;350;280;38.02;https://lebuto.ru/upload/iblock/052/g7j79sf62emn6l259gidil4locwpxoif/cb58a98d_d763_11ed_812d_000c29cc4602_14cd4c16_da02_11ed_812d_000c29cc4602.jpeg;https://lebuto.ru/catalog/muzhskaya_odezhda_1/mayki_tenniski_futbolki/futbolka_jaleeman_50411_zheltyy/;желтый;;;;Мужская одежда;Майки, тенниски, футболки
1066;Футболка JALEEMAN 50411 красный;2XL::3XL::4XL::5XL;350;280;38.02;https://lebuto.ru/upload/iblock/780/u60w19kueglgfwexttm3o0938bieq4mf/79346be0_d765_11ed_812d_000c29cc4602_e3a7c0b7_dad3_11ed_812d_000c29cc4602.jpeg;https://lebuto.ru/catalog/muzhskaya_odezhda_1/mayki_tenniski_futbolki/futbolka_jaleeman_50411_krasnyy/;красный;;;;Мужская одежда;Майки, тенниски, футболки
1067;Футболка JALEEMAN 50411 серый;3XL::4XL;350;280;38.02;https://lebuto.ru/upload/iblock/2c0/8sm7gxdf1ouz1kc3ncarmdjoaa5it31w/31bf8de2_d767_11ed_812d_000c29cc4602_f36dfb9f_dad3_11ed_812d_000c29cc4602.jpeg;https://lebuto.ru/catalog/muzhskaya_odezhda_1/mayki_tenniski_futbolki/futbolka_jaleeman_50411_seryy/;Серый;;;;Мужская одежда;Майки, тенниски, футболки
1068;Футболка JALEEMAN 50411 темно-синий;3XL::4XL::5XL;350;280;38.02;https://lebuto.ru/upload/iblock/127/3r5awd6w8me0patu7s375pvqdqoxyama/18ac4cfb_d766_11ed_812d_000c29cc4602_b6997a15_dad4_11ed_812d_000c29cc4602.jpeg;https://lebuto.ru/catalog/muzhskaya_odezhda_1/mayki_tenniski_futbolki/futbolka_jaleeman_50411_temno_siniy/;темно-синий;;;;Мужская одежда;Майки, тенниски, футболки
1069;Футболка JALEEMAN 65922 белый;XL::2XL::3XL::5XL;350;280;38.48;https://lebuto.ru/upload/iblock/af3/daubjzxscakcu0av7csiozrw0ceoqma7/e1b737de_d76b_11ed_812d_000c29cc4602_c0fe4eba_dad4_11ed_812d_000c29cc4602.jpeg;https://lebuto.ru/catalog/muzhskaya_odezhda_1/mayki_tenniski_futbolki/futbolka_jaleeman_65922_belyy/;белый;;;;Мужская одежда;Майки, тенниски, футболки
1070;Футболка JALEEMAN 65922 бледно-розовый;5XL;350;280;38.48;https://lebuto.ru/upload/iblock/102/275se3fzos235na1298iszvm5pe9rr7g/7e9b0c32_d76f_11ed_812d_000c29cc4602_caf1c093_dad4_11ed_812d_000c29cc4602.jpeg;https://lebuto.ru/catalog/muzhskaya_odezhda_1/mayki_tenniski_futbolki/futbolka_jaleeman_65922_bledno_rozovyy/;св.розовый;;;;Мужская одежда;Майки, тенниски, футболки
1071;Футболка JALEEMAN 65922 желтый;5XL;350;280;38.48;https://lebuto.ru/upload/iblock/2f7/e0e1y23fwh6eqk7mq9s49580fixr1h7x/9217b03d_d76a_11ed_812d_000c29cc4602_d79c4789_dad4_11ed_812d_000c29cc4602.jpeg;https://lebuto.ru/catalog/muzhskaya_odezhda_1/mayki_tenniski_futbolki/futbolka_jaleeman_65922_zheltyy/;желтый;;;;Мужская одежда;Майки, тенниски, футболки
1072;Футболка JALEEMAN 65922 красный;XL::3XL;350;280;38.48;https://lebuto.ru/upload/iblock/867/gbwwxrlauvyskjxludv5s7my61i8xp84/5d24a3c6_d76c_11ed_812d_000c29cc4602_e2b72b41_dad4_11ed_812d_000c29cc4602.jpeg;https://lebuto.ru/catalog/muzhskaya_odezhda_1/mayki_tenniski_futbolki/futbolka_jaleeman_65922_krasnyy/;красный;;;;Мужская одежда;Майки, тенниски, футболки
1073;Футболка JALEEMAN 65922 св.зеленый;4XL::5XL;350;280;38.48;https://lebuto.ru/upload/iblock/c4b/esjvv7udwd08eedfa601y37cmkx9q08u/0dc36309_d76a_11ed_812d_000c29cc4602_f642a520_dad4_11ed_812d_000c29cc4602.jpeg;https://lebuto.ru/catalog/muzhskaya_odezhda_1/mayki_tenniski_futbolki/futbolka_jaleeman_65922_sv_zelenyy/;св.зелёный;;;;Мужская одежда;Майки, тенниски, футболки
1074;Футболка JALEEMAN 65922 серый;2XL;350;280;38.48;https://lebuto.ru/upload/iblock/f89/0crgj897zzibkq2l7b4316wdfxjrdsb4/c78d465f_d76c_11ed_812d_000c29cc4602_19892f8e_dad5_11ed_812d_000c29cc4602.jpeg;https://lebuto.ru/catalog/muzhskaya_odezhda_1/mayki_tenniski_futbolki/futbolka_jaleeman_65922_seryy/;Серый;;;;Мужская одежда;Майки, тенниски, футболки
1075;Футболка JALEEMAN 65922 темно-зеленый;4XL::5XL;350;280;38.48;https://lebuto.ru/upload/iblock/346/42gnt8db0doynjepo6h633f9elmm6upn/c4064a2b_d768_11ed_812d_000c29cc4602_2f543f6d_dad5_11ed_812d_000c29cc4602.jpeg;https://lebuto.ru/catalog/muzhskaya_odezhda_1/mayki_tenniski_futbolki/futbolka_jaleeman_65922_temno_zelenyy/;т.зеленый;;;;Мужская одежда;Майки, тенниски, футболки
1076;Футболка JALEEMAN 65922 хаки;3XL::4XL;350;280;38.48;https://lebuto.ru/upload/iblock/6c4/lkirz01zwchq7d8c9gt1vh9f9v77qxhj/4eb78e92_d769_11ed_812d_000c29cc4602_3e41b8e1_dad5_11ed_812d_000c29cc4602.jpeg;https://lebuto.ru/catalog/muzhskaya_odezhda_1/mayki_tenniski_futbolki/futbolka_jaleeman_65922_khaki/;хаки;;;;Мужская одежда;Майки, тенниски, футболки
1077;Футболка JALEEMAN 65922 черный;2XL;350;280;38.48;https://lebuto.ru/upload/iblock/6ed/7kf7sy7m80l32ldnbghvf50436fxen8z/7a1d48d0_d76d_11ed_812d_000c29cc4602_51d06d03_dad5_11ed_812d_000c29cc4602.jpeg;https://lebuto.ru/catalog/muzhskaya_odezhda_1/mayki_tenniski_futbolki/futbolka_jaleeman_65922_chernyy/;Черный;;;;Мужская одежда;Майки, тенниски, футболки
1078;Футболка Sugar 3317 св.розовый;one size;300;240;35.71;https://lebuto.ru/upload/iblock/948/tkgxh72vwzep6rwpxba3alr2l0b9ilhe/8fa74dc2_d811_11ed_812d_000c29cc4602_14be5f0f_d9da_11ed_812d_000c29cc4602.jpeg;https://lebuto.ru/catalog/zhenskaya_odezhda_1/mayki_topy_futbolki/futbolka_sugar_3317_sv_rozovyy/;св.розовый;;;;Женская одежда;Майки, топы, футболки
1079;Футболка Sugar 41255 голубой;one size;300;240;35.71;https://lebuto.ru/upload/iblock/661/ivhczvy2kxek18d1v104d9kt2fgrx22e/c5c5abe0_d80e_11ed_812d_000c29cc4602_8c9199ee_d9c6_11ed_812d_000c29cc4602.jpeg;https://lebuto.ru/catalog/zhenskaya_odezhda_1/mayki_topy_futbolki/futbolka_sugar_41255_goluboy/;голубой;;;;Женская одежда;Майки, топы, футболки
1080;Футболка Sugar 41255 св.зеленый;one size;300;240;35.71;https://lebuto.ru/upload/iblock/5ce/wy120ny6w3lam5men1g60ipa42qgd0ao/1da1f50a_d80f_11ed_812d_000c29cc4602_ab2532de_d9c6_11ed_812d_000c29cc4602.jpeg;https://lebuto.ru/catalog/zhenskaya_odezhda_1/mayki_topy_futbolki/futbolka_sugar_41255_sv_zelenyy/;св.зелёный;;;;Женская одежда;Майки, топы, футболки
1081;Футболка Sugar 55933 зеленый;one size;300;240;35.71;https://lebuto.ru/upload/iblock/3aa/ii7uen03w3kplar486vl4ng4jcb9x4a1/e109cc87_d813_11ed_812d_000c29cc4602_c8f080de_d9c6_11ed_812d_000c29cc4602.jpeg;https://lebuto.ru/catalog/zhenskaya_odezhda_1/mayki_topy_futbolki/futbolka_sugar_55933_zelenyy/;зеленый;;;;Женская одежда;Майки, топы, футболки
1082;Футболка Sugar 55933 св.зеленый;one size;300;240;35.71;https://lebuto.ru/upload/iblock/8e8/cd05lnw9o37ddh3td1jmttquhc6r0ohd/99c2c00b_d813_11ed_812d_000c29cc4602_d65daf62_d9d9_11ed_812d_000c29cc4602.jpeg;https://lebuto.ru/catalog/zhenskaya_odezhda_1/mayki_topy_futbolki/futbolka_sugar_55933_sv_zelenyy/;св.зелёный;;;;Женская одежда;Майки, топы, футболки
1083;Футболка Sugar 55933 св.розовый;one size;300;240;35.71;https://lebuto.ru/upload/iblock/4a3/di7d9dllwhfuy9hv6onmmqza8ccd1q5o/64ea4c51_d813_11ed_812d_000c29cc4602_e383588d_d9c6_11ed_812d_000c29cc4602.jpeg;https://lebuto.ru/catalog/zhenskaya_odezhda_1/mayki_topy_futbolki/futbolka_sugar_55933_sv_rozovyy/;св.розовый;;;;Женская одежда;Майки, топы, футболки
1084;Футболка Sugar 8501 св.бежевый;one size;300;240;35.71;https://lebuto.ru/upload/iblock/5ac/jdaujnvt2bug1hwmbmj38zlrr210lo1y/e023e2fd_d809_11ed_812d_000c29cc4602_f144102b_d9d9_11ed_812d_000c29cc4602.jpeg;https://lebuto.ru/catalog/zhenskaya_odezhda_1/mayki_topy_futbolki/futbolka_sugar_8501_sv_bezhevyy/;бежевый;;;;Женская одежда;Майки, топы, футболки
1085;Футболка арт. 4001 желтый;2XL::3XL;300;200;33.33;https://lebuto.ru/upload/iblock/7d8/8d998753_dff1_11e3_91fe_000c29cc4602_505fe6b2_daa7_11e5_894d_000c29cc4602.jpeg;https://lebuto.ru/catalog/malchikam_1/futbolki_mayki/futbolka_art_4001_zheltyy/;желтый;; 90% хлопок  10% лайкра;Трикотажная футболка с круглым вырезом , коротким рукавом соответствие размеров: XS (34) S (36) M (38) L (40) XL (42) - таблица размеров на сайте   2XL-44р-р рост 164/166  3XL-46р-р рост 166/168  4XL-48р-р рост 168/170;Мальчикам;Футболки, майки
1086;Футболка Б/Н 200418 голубой;3XL::4XL::5XL;200;160;20;https://lebuto.ru/upload/iblock/851/058c2f38_8ac3_11eb_80ed_000c29cc4602_b35f8ac8_a8c4_11eb_80ed_000c29cc4602.jpeg;https://lebuto.ru/catalog/zhenskaya_odezhda_1/mayki_topy_futbolki/futbolka_b_n_200418_goluboy/;голубой;;70% полиэстер 30% хлопок;;Женская одежда;Майки, топы, футболки
1087;Футболка Б/Н 200418 зеленый;3XL::4XL;200;160;20;https://lebuto.ru/upload/iblock/869/ffeb5874_8ac3_11eb_80ed_000c29cc4602_be8f536f_a8c4_11eb_80ed_000c29cc4602.jpeg;https://lebuto.ru/catalog/zhenskaya_odezhda_1/mayki_topy_futbolki/futbolka_b_n_200418_zelenyy/;зеленый;;70% полиэстер 30% хлопок;;Женская одежда;Майки, топы, футболки
1088;Футболка Б/Н 200418 розовый;S::L::XL::2XL::3XL::5XL;200;160;20;https://lebuto.ru/upload/iblock/e34/5bcdd599_8ac3_11eb_80ed_000c29cc4602_c9ea234c_a8c4_11eb_80ed_000c29cc4602.jpeg;https://lebuto.ru/catalog/zhenskaya_odezhda_1/mayki_topy_futbolki/futbolka_b_n_200418_rozovyy/;розовый;91;70% полиэстер 30% хлопок;;Женская одежда;Майки, топы, футболки
1089;Футболка-поло L 888 бордовый;10;900;700;38.2;https://lebuto.ru/upload/iblock/8e7/dfbb141f_8309_11eb_80ed_000c29cc4602_54e2f95c_96ba_11eb_80ed_000c29cc4602.jpeg;https://lebuto.ru/catalog/muzhskaya_odezhda_1/mayki_tenniski_futbolki/futbolka_polo_lacoste_888_bordovyy/;бордовый;;100% хлопок;;Мужская одежда;Майки, тенниски, футболки
1090;Футболка-поло L 888 желтый;7::8::9;900;700;38.18;https://lebuto.ru/upload/iblock/3db/507ac07b_ba98_11ea_80e9_000c29cc4602_69e4ddde_726b_11eb_80eb_000c29cc4602.jpeg;https://lebuto.ru/catalog/muzhskaya_odezhda_1/mayki_tenniski_futbolki/futbolka_polo_lacoste_888_zheltyy/;желтый;;хлопок;;Мужская одежда;Майки, тенниски, футболки
1091;Футболка-поло L 888 малиновый;5::6::7::8::9::10::11::12;900;700;37.55;https://lebuto.ru/upload/iblock/b67/8a91ea89_e7c2_11e8_abe6_000c29cc4602_ad8efb06_34d7_11e9_98f6_000c29cc4602.jpeg;https://lebuto.ru/catalog/muzhskaya_odezhda_1/mayki_tenniski_futbolki/futbolka_polo_lacoste_888_malinovyy/;красный;;;;Мужская одежда;Майки, тенниски, футболки
1092;Футболка-поло L 888 св.серый;11::12;900;700;38.18;https://lebuto.ru/upload/iblock/0c1/91f4c4bc_e612_11e7_9fe4_000c29cc4602_ded24ae6_2738_11e8_b359_000c29cc4602.jpeg;https://lebuto.ru/catalog/muzhskaya_odezhda_1/mayki_tenniski_futbolki/futbolka_polo_lacoste_888_sv_seryy/;св.серый;;;;Мужская одежда;Майки, тенниски, футболки
1093;Футболка-поло L 888 т.синий;11::12;900;700;20.41;https://lebuto.ru/upload/iblock/96d/169cd740_e613_11e7_9fe4_000c29cc4602_f5c8ecba_2738_11e8_b359_000c29cc4602.jpeg;https://lebuto.ru/catalog/muzhskaya_odezhda_1/mayki_tenniski_futbolki/futbolka_polo_lacoste_888_t_siniy/;темно-синий;;;;Мужская одежда;Майки, тенниски, футболки
1094;Футболка-поло L 888 фиолетовый;10::11::12::6::7::8::9::5;900;700;33.9;https://lebuto.ru/upload/iblock/6d5/50a6ea6c_e60b_11e7_9fe4_000c29cc4602_0ceb0c01_2739_11e8_b359_000c29cc4602.jpeg;https://lebuto.ru/catalog/muzhskaya_odezhda_1/mayki_tenniski_futbolki/futbolka_polo_lacoste_888_fioletovyy/;фиолетовый;;;;Мужская одежда;Майки, тенниски, футболки
1095;Шапка Ct 76330 черный;one size;250;200;20;https://lebuto.ru/upload/iblock/cc9/95tzc3m1rrt9x44nqt7v890j4gn6mxmu/ee30abbd_3316_11ec_8101_000c29cc4602_a0c8c8b6_3870_11ec_8101_000c29cc4602.jpeg;https://lebuto.ru/catalog/aksessuary_1/shapki_kepki_bandany/shapki/shapka_ct_76330_chernyy/;Черный;;;;Аксессуары;Шапки
1096;Шапка EA19924 черный;one size;250;200;20;https://lebuto.ru/upload/iblock/8c5/9e18d4dd_db62_11e9_80dd_000c29cc4602_50fa312e_1b1f_11ea_80e0_000c29cc4602.jpeg;https://lebuto.ru/catalog/aksessuary_1/shapki_kepki_bandany/shapki/shapka_ea19924_chernyy/;Черный;;20% шерсть. 80% акрил;;Аксессуары;Шапки
1097;Шапка H&J 50568 коричневый;one size;250;200;20;https://lebuto.ru/upload/iblock/631/rhcjo7t4h85h3ve4yc5cw89ia3obti7u/c03be0db_572f_11ec_8102_000c29cc4602_fea9c8ec_58ac_11ec_8102_000c29cc4602.jpeg;https://lebuto.ru/catalog/aksessuary_1/shapki_kepki_bandany/shapki/shapka_h_j_50568_korichnevyy/;коричневый;;;;Аксессуары;Шапки
1098;Шапка JSHI 356012 сиреневый;one size;250;200;20;https://lebuto.ru/upload/iblock/3ac/brahp5d3ml9iuwn4hnybfuyouq2w9ocg/d343ca87_5731_11ec_8102_000c29cc4602_a4229cb4_58ad_11ec_8102_000c29cc4602.jpeg;https://lebuto.ru/catalog/aksessuary_1/shapki_kepki_bandany/shapki/shapka_jshi_356012_sirenevyy/;сирень;;;;Аксессуары;Шапки
1099;Шапка LA 62109 коралловый;one size;250;200;20;https://lebuto.ru/upload/iblock/558/feafed1c_3ab0_11eb_80eb_000c29cc4602_e84a83d0_606f_11eb_80eb_000c29cc4602.jpeg;https://lebuto.ru/catalog/aksessuary_1/shapki_kepki_bandany/shapki/shapka_la_62109_korallovyy/;коралловый;;100% акрил;;Аксессуары;Шапки
1100;Шапка LA 62109 серый;one size;250;200;20;https://lebuto.ru/upload/iblock/1eb/7886adea_3ab1_11eb_80eb_000c29cc4602_b3785150_606f_11eb_80eb_000c29cc4602.jpeg;https://lebuto.ru/catalog/aksessuary_1/shapki_kepki_bandany/shapki/shapka_la_62109_seryy/;Серый;;100% акрил;;Аксессуары;Шапки
1101;Шапка LA 77021 коралловый;one size;250;200;20;https://lebuto.ru/upload/iblock/4b2/2774ea67_5ad3_11eb_80eb_000c29cc4602_eb8a7e33_5ae2_11eb_80eb_000c29cc4602.jpeg;https://lebuto.ru/catalog/aksessuary_1/shapki_kepki_bandany/shapki/shapka_la_77021_korallovyy/;коралловый;;100% акрил;;Аксессуары;Шапки
1102;Шапка LA 77021 черный;one size;250;200;20;https://lebuto.ru/upload/iblock/5f5/cf8eb6bb_5ad2_11eb_80eb_000c29cc4602_09c3e743_5ae3_11eb_80eb_000c29cc4602.jpeg;https://lebuto.ru/catalog/aksessuary_1/shapki_kepki_bandany/shapki/shapka_la_77021_chernyy/;Черный;;100% акрил;;Аксессуары;Шапки
1103;Шапка MT 1090 св.серый;one size;250;200;20;https://lebuto.ru/upload/iblock/fac/be2f63a8_f98d_11ea_80e9_000c29cc4602_c91d1ac2_1cd4_11eb_80e9_000c29cc4602.jpeg;https://lebuto.ru/catalog/aksessuary_1/shapki_kepki_bandany/shapki/shapka_mammut_1090_sv_seryy/;св.серый;;100% акрил, подклад: флис;;Аксессуары;Шапки
1104;Шапка MT 1090 синий;one size;250;200;20;https://lebuto.ru/upload/iblock/eda/50084664_f98e_11ea_80e9_000c29cc4602_de53dd9d_1cd4_11eb_80e9_000c29cc4602.jpeg;https://lebuto.ru/catalog/aksessuary_1/shapki_kepki_bandany/shapki/shapka_mammut_1090_siniy/;Синий;;100% акрил, подклад: флис;;Аксессуары;Шапки
1105;Шапка N.E. 88145 баклажан;one size;250;200;20;https://lebuto.ru/upload/iblock/f61/j9w8dn2egiap38qc0qkzwsd04tuj414a/113f4bd7_5737_11ec_8102_000c29cc4602_c4a4506e_58ad_11ec_8102_000c29cc4602.jpeg;https://lebuto.ru/catalog/aksessuary_1/shapki_kepki_bandany/shapki/shapka_n_e_88145_baklazhan/;бордовый;;;;Аксессуары;Шапки
1106;Шапка N.E. 88145 св.серый;one size;250;200;20;https://lebuto.ru/upload/iblock/0c1/zhq9yb858dhfhyzbhau2je2srhd2t6vb/6ee29165_5736_11ec_8102_000c29cc4602_da1f2218_58ad_11ec_8102_000c29cc4602.jpeg;https://lebuto.ru/catalog/aksessuary_1/shapki_kepki_bandany/shapki/shapka_n_e_88145_sv_seryy/;св.серый;;;;Аксессуары;Шапки
1107;Шапка N.I.T. 29567 розовый;one size;200;160;20;https://lebuto.ru/upload/iblock/de7/v7qa1kix286nvzewah7k8y3344nbemhb/3cd6c02d_5e4e_11ec_810f_000c29cc4602_85f75a79_5f51_11ec_810f_000c29cc4602.jpeg;https://lebuto.ru/catalog/aksessuary_1/shapki_kepki_bandany/shapki/shapka_n_i_t_29567_rozovyy/;розовый;;;;Аксессуары;Шапки
1108;Шапка N.I.T. 29567 черный;one size;250;200;20;https://lebuto.ru/upload/iblock/fe9/myqq94oq7mk9snuvtd43vjz4v23kqx5p/750b1f76_5e4c_11ec_810f_000c29cc4602_e5ecaa46_5f51_11ec_810f_000c29cc4602.jpeg;https://lebuto.ru/catalog/aksessuary_1/shapki_kepki_bandany/shapki/shapka_n_i_t_29567_chernyy/;Черный;;;;Аксессуары;Шапки
1109;Шапка P 26041 голубой;one size;250;200;20;https://lebuto.ru/upload/iblock/816/nc2l3bvne17r948jzcumtczdwq3or16k/b208a593_6f96_11ed_812d_000c29cc4602_a3b0c819_7327_11ed_812d_000c29cc4602.jpeg;https://lebuto.ru/catalog/aksessuary_1/shapki_kepki_bandany/shapki/shapka_p_26041_goluboy/;голубой;;;;Аксессуары;Шапки
1110;Шапка P 26041 коралловый;one size;250;200;20;https://lebuto.ru/upload/iblock/8b6/ywuhvi7exrfip36wozf5dlrz5dlaxyen/310c2662_6f98_11ed_812d_000c29cc4602_780eb7c5_ac48_11ed_812d_000c29cc4602.jpeg;https://lebuto.ru/catalog/aksessuary_1/shapki_kepki_bandany/shapki/shapka_p_26041_korallovyy/;коралловый;;акрил;;Аксессуары;Шапки
1111;Шапка P 26041 малиновый;one size;250;200;20;https://lebuto.ru/upload/iblock/781/eb2rxqmc7v80gxfvr4dtppoa6xlgt8wl/2ed67a6d_6f97_11ed_812d_000c29cc4602_36e4430f_ac48_11ed_812d_000c29cc4602.jpeg;https://lebuto.ru/catalog/aksessuary_1/shapki_kepki_bandany/shapki/shapka_p_26041_malinovyy/;розовый;;акрил;;Аксессуары;Шапки
1112;Шапка P 26041 оранжевый;one size;250;200;20;https://lebuto.ru/upload/iblock/6b6/t90i92n14putdyp0golqu602o21uwkux/6d89886f_6f97_11ed_812d_000c29cc4602_f6d899cd_ac48_11ed_812d_000c29cc4602.jpeg;https://lebuto.ru/catalog/aksessuary_1/shapki_kepki_bandany/shapki/shapka_p_26041_oranzhevyy/;оранжевый;;акрил;;Аксессуары;Шапки
1113;Шапка P.S. 11507 серый;one size;250;200;20;https://lebuto.ru/upload/iblock/40b/adzcexlyvxdpmz3yswtjdctbg329m7a6/c73eef97_3550_11ec_8101_000c29cc4602_3213dfca_58ca_11ec_8102_000c29cc4602.jpeg;https://lebuto.ru/catalog/aksessuary_1/shapki_kepki_bandany/shapki/shapka_p_s_11507_seryy/;Серый;;;;Аксессуары;Шапки
1114;Шапка QUEEN 010055 черный;one size;200;160;20;https://lebuto.ru/upload/iblock/24a/5a1355ad_f990_11ea_80e9_000c29cc4602_dfbebd8c_0de8_11eb_80e9_000c29cc4602.jpeg;https://lebuto.ru/catalog/aksessuary_1/shapki_kepki_bandany/shapki/shapka_queen_010055_chernyy/;Черный;;100% акрил;;Аксессуары;Шапки
1115;Шапка R.J. 22655 зеленый;one size;200;160;20;https://lebuto.ru/upload/iblock/de4/9r1k7cfa13jlcimi6g62ujtk4hlj6oma/008de64f_572c_11ec_8102_000c29cc4602_1dba5193_58af_11ec_8102_000c29cc4602.jpeg;https://lebuto.ru/catalog/aksessuary_1/shapki_kepki_bandany/shapki/shapka_r_j_22655_zelenyy/;зеленый;;;;Аксессуары;Шапки
1116;Шапка R.J. 22655 св.розовый;one size;200;160;20;https://lebuto.ru/upload/iblock/df9/a4i2yst90x3v6b3ffaiszvpfvb1wp75c/e06fd7d3_572b_11ec_8102_000c29cc4602_c011cb9f_58b2_11ec_8102_000c29cc4602.jpeg;https://lebuto.ru/catalog/aksessuary_1/shapki_kepki_bandany/shapki/shapka_r_j_22655_sv_rozovyy/;св.розовый;;;;Аксессуары;Шапки
1117;Шапка R.J. 22655 черный;one size;200;160;20;https://lebuto.ru/upload/iblock/2cc/6cjv0m23v9l3sa7cp4xq3f91cnln2pal/37ff63cd_572b_11ec_8102_000c29cc4602_ce1e0a86_58b2_11ec_8102_000c29cc4602.jpeg;https://lebuto.ru/catalog/aksessuary_1/shapki_kepki_bandany/shapki/shapka_r_j_22655_chernyy/;Черный;;;;Аксессуары;Шапки
1118;Шапка RD 02388 лимон;one size;200;160;20;https://lebuto.ru/upload/iblock/65f/6772f18d_021a_11eb_80e9_000c29cc4602_0f541f68_1cda_11eb_80e9_000c29cc4602.jpeg;https://lebuto.ru/catalog/aksessuary_1/shapki_kepki_bandany/shapki/shapka_ripdip_02388_limon/;желтый;;100% акрил;;Аксессуары;Шапки
1119;Шапка RD 02388 черный;one size;200;160;20;https://lebuto.ru/upload/iblock/577/7fbf167c_021a_11eb_80e9_000c29cc4602_4111da75_1cda_11eb_80e9_000c29cc4602.jpeg;https://lebuto.ru/catalog/aksessuary_1/shapki_kepki_bandany/shapki/shapka_ripdip_02388_chernyy/;Черный;;100% акрил;;Аксессуары;Шапки
1120;Шапка S.T. 09123 синий;one size;200;160;20;https://lebuto.ru/upload/iblock/fb8/6zza8oecwnltdjkhskpf9hrel3si2fya/0c502256_572e_11ec_8102_000c29cc4602_f6c5e4e6_58b2_11ec_8102_000c29cc4602.jpeg;https://lebuto.ru/catalog/aksessuary_1/shapki_kepki_bandany/shapki/shapka_s_t_09123_siniy/;Синий;;;;Аксессуары;Шапки
1121;Шапка S.T. 09123 черный;one size;250;200;20;https://lebuto.ru/upload/iblock/b97/1k8firvcb1w7oo3embhpajii2sk5w2eu/127f30a0_572d_11ec_8102_000c29cc4602_11e49539_58b3_11ec_8102_000c29cc4602.jpeg;https://lebuto.ru/catalog/aksessuary_1/shapki_kepki_bandany/shapki/shapka_s_t_09123_chernyy/;Черный;;;;Аксессуары;Шапки
1122;Шапка SI 37856 сиреневый;one size;250;200;20;https://lebuto.ru/upload/iblock/d84/e89a199a_e82e_11ea_80e9_000c29cc4602_f802863e_1ccb_11eb_80e9_000c29cc4602.jpeg;https://lebuto.ru/catalog/aksessuary_1/shapki_kepki_bandany/shapki/shapka_stone_island_37856_sirenevyy/;сирень;;100% акрил;;Аксессуары;Шапки
1123;Шапка Sn13 11108 зеленый;one size;250;200;20;https://lebuto.ru/upload/iblock/74e/4fyketcd877bqzu2t4mba8lh3gg8vuhv/9efbdabf_5738_11ec_8102_000c29cc4602_1d3ddf39_58b3_11ec_8102_000c29cc4602.jpeg;https://lebuto.ru/catalog/aksessuary_1/shapki_kepki_bandany/shapki/shapka_sn13_11108_zelenyy/;зеленый;;;;Аксессуары;Шапки
1124;Шапка Sn13 11108 св.розовый;one size;250;200;20;https://lebuto.ru/upload/iblock/1e2/i20eppn25mn9mcdtjxsab4d4o8bc0ewl/cbccfc53_5738_11ec_8102_000c29cc4602_27044d30_58b3_11ec_8102_000c29cc4602.jpeg;https://lebuto.ru/catalog/aksessuary_1/shapki_kepki_bandany/shapki/shapka_sn13_11108_sv_rozovyy/;св.розовый;;;;Аксессуары;Шапки
1125;Шапка Sn13 11108 черный;one size;250;200;20;https://lebuto.ru/upload/iblock/180/l3wtn6wyteh3xk8ieeffffzbzilyxqps/e99b951f_5738_11ec_8102_000c29cc4602_32446951_58b3_11ec_8102_000c29cc4602.jpeg;https://lebuto.ru/catalog/aksessuary_1/shapki_kepki_bandany/shapki/shapka_sn13_11108_chernyy/;Черный;;;;Аксессуары;Шапки
1126;Шапка Sn13 11109 св.коричневый;one size;250;200;20;https://lebuto.ru/upload/iblock/a06/j71x6wvf6iurhek761bm6s4q9yywivmt/14f21996_573a_11ec_8102_000c29cc4602_76eb4548_58b3_11ec_8102_000c29cc4602.jpeg;https://lebuto.ru/catalog/aksessuary_1/shapki_kepki_bandany/shapki/shapka_sn13_11109_sv_korichnevyy/;св.коричневый;;;;Аксессуары;Шапки
1127;Шапка TNF 23451 коралловый;one size;250;200;20;https://lebuto.ru/upload/iblock/3fb/1vpa7g78j2jutofoaqp67374f20ffe34/be5d84bd_6f9a_11ed_812d_000c29cc4602_415e0d48_7328_11ed_812d_000c29cc4602.jpeg;https://lebuto.ru/catalog/aksessuary_1/shapki_kepki_bandany/shapki/shapka_tnf_23451_korallovyy/;коралловый;;;;Аксессуары;Шапки
1128;Шапка TNF NE3BK71A темно-серый;one size;250;200;;https://lebuto.ru/upload/iblock/648/4tuef1fq5ch34dn383s576hlfcefe0xz/a4b7c24b_90b5_11ed_812d_000c29cc4602_4232f5e7_b461_11ef_8168_000c29cc4602.jpg;https://lebuto.ru/catalog/aksessuary_1/shapki_kepki_bandany/shapki/shapka_tnf_ne3bk71a_temno_seryy/;темно-серый;;;;Аксессуары;Шапки
1129;Шапка TNF NE3BK71A черный;one size;250;200;;https://lebuto.ru/upload/iblock/8d3/5fgwj6ptx0o0eqqhxf2znh6qapof36e2/137884e8_90b5_11ed_812d_000c29cc4602_5f4110a2_b462_11ef_8168_000c29cc4602.jpg;https://lebuto.ru/catalog/aksessuary_1/shapki_kepki_bandany/shapki/shapka_tnf_ne3bk71a_chernyy/;Черный;;;;Аксессуары;Шапки
1130;Шапка UGG 26545 бежевый;one size;250;200;20;https://lebuto.ru/upload/iblock/d99/wmr1ceu0r03k7kjbaeej2b53i9efunr8/6a433b34_66d9_11ec_8111_000c29cc4602_6987c63a_6bf8_11ec_8112_000c29cc4602.jpeg;https://lebuto.ru/catalog/aksessuary_1/shapki_kepki_bandany/shapki/shapka_ugg_26545_bezhevyy/;бежевый;;;;Аксессуары;Шапки
1131;Шапка UGG 26545 светло-коричневый;one size;250;200;20;https://lebuto.ru/upload/iblock/041/yqy8o282bo3f098bgzqzene9rw4qmrbk/cd8fff8c_66d9_11ec_8111_000c29cc4602_78a66351_6bf8_11ec_8112_000c29cc4602.jpeg;https://lebuto.ru/catalog/aksessuary_1/shapki_kepki_bandany/shapki/shapka_ugg_26545_svetlo_korichnevyy/;св.коричневый;;;;Аксессуары;Шапки
1132;Шапка UGG 26545 серый;one size;250;200;20;https://lebuto.ru/upload/iblock/8ff/auuygswfbek0b4pv3a19n0fiujqta0zg/301ecd90_66d9_11ec_8111_000c29cc4602_7f65534b_6bf8_11ec_8112_000c29cc4602.jpeg;https://lebuto.ru/catalog/aksessuary_1/shapki_kepki_bandany/shapki/shapka_ugg_26545_seryy/;Серый;;;;Аксессуары;Шапки
1133;Шапка UGG 26545 темно-коричневый;one size;250;200;20;https://lebuto.ru/upload/iblock/837/boluxxtz9l9ppx4cdclwfxeol0p0t72l/1d361d51_66da_11ec_8111_000c29cc4602_85e87143_6bf8_11ec_8112_000c29cc4602.jpeg;https://lebuto.ru/catalog/aksessuary_1/shapki_kepki_bandany/shapki/shapka_ugg_26545_temno_korichnevyy/;т.шоколад;;;;Аксессуары;Шапки
1134;Шапка UGG 26545 черный;one size;250;200;20;https://lebuto.ru/upload/iblock/e77/07cwysgqs442hs14epvyoepal3s75i85/e9d0a53f_66d8_11ec_8111_000c29cc4602_8ccd11d7_6bf8_11ec_8112_000c29cc4602.jpeg;https://lebuto.ru/catalog/aksessuary_1/shapki_kepki_bandany/shapki/shapka_ugg_26545_chernyy/;Черный;;;;Аксессуары;Шапки
1135;Шапка Y.C. 88431 темно-серый;one size;200;160;20;https://lebuto.ru/upload/iblock/e6c/1615ea2f_e82b_11ea_80e9_000c29cc4602_94321814_1ce0_11eb_80e9_000c29cc4602.jpeg;https://lebuto.ru/catalog/aksessuary_1/shapki_kepki_bandany/shapki/shapka_y_c_88431_temno_seryy/;т.серый;;100% акрил;;Аксессуары;Шапки
1136;Шапка Y.C. 88431 черный;one size;200;160;20;https://lebuto.ru/upload/iblock/d33/2f46de5c_0219_11eb_80e9_000c29cc4602_62f7e6f2_1ce0_11eb_80e9_000c29cc4602.jpeg;https://lebuto.ru/catalog/aksessuary_1/shapki_kepki_bandany/shapki/shapka_y_c_88431_chernyy/;Черный;;100% акрил;;Аксессуары;Шапки
1137;Шапка Б/Н 00157 темно-синий;one size;250;200;20;https://lebuto.ru/upload/iblock/804/9ogya1l7gv33ovtwn0wfjkbi3t4iqplw/9b4d5c80_2a3f_11ec_8100_000c29cc4602_f19afc74_7c3d_11ec_8115_000c29cc4602.jpeg;https://lebuto.ru/catalog/aksessuary_1/shapki_kepki_bandany/shapki/shapka_b_n_00157_temno_siniy/;темно-синий;;;;Аксессуары;Шапки
1138;Шапка Б/Н 037891 серый;one size;250;200;20;https://lebuto.ru/upload/iblock/8af/0p61wzwsdklodf5kdqpuu6t21zjto5fd/6a80dc86_356f_11ec_8101_000c29cc4602_10e62a9b_3874_11ec_8101_000c29cc4602.jpeg;https://lebuto.ru/catalog/aksessuary_1/shapki_kepki_bandany/shapki/shapka_b_n_037891_seryy/;Серый;;;;Аксессуары;Шапки
1139;Шапка Б/Н 037891 черный;one size;250;200;20;https://lebuto.ru/upload/iblock/2bd/c214vjps5prjeshsgp52jexkwyvjtpw0/8c9b85c0_356f_11ec_8101_000c29cc4602_96799048_3873_11ec_8101_000c29cc4602.jpeg;https://lebuto.ru/catalog/aksessuary_1/shapki_kepki_bandany/shapki/shapka_b_n_037891_chernyy/;Черный;;;;Аксессуары;Шапки
1140;Шапка Б/Н 04296 оранжевый;one size;200;160;20;https://lebuto.ru/upload/iblock/0cb/96bc2601_f98a_11ea_80e9_000c29cc4602_ff2ae6e4_1cda_11eb_80e9_000c29cc4602.jpeg;https://lebuto.ru/catalog/aksessuary_1/shapki_kepki_bandany/shapki/shapka_b_n_04296_oranzhevyy/;оранжевый;;100% акрил;;Аксессуары;Шапки
1141;Шапка Б/Н 04296 темно-синий;one size;200;160;20;https://lebuto.ru/upload/iblock/5ad/56de0816_f98a_11ea_80e9_000c29cc4602_9d26cee7_1cdb_11eb_80e9_000c29cc4602.jpeg;https://lebuto.ru/catalog/aksessuary_1/shapki_kepki_bandany/shapki/shapka_b_n_04296_temno_siniy/;темно-синий;;100% акрил;;Аксессуары;Шапки
1142;Шапка Б/Н 10143 св.серый;one size;250;200;20;https://lebuto.ru/upload/iblock/40e/d65a553a_3ab7_11eb_80eb_000c29cc4602_fb847578_6072_11eb_80eb_000c29cc4602.jpeg;https://lebuto.ru/catalog/aksessuary_1/shapki_kepki_bandany/shapki/shapka_b_n_10143_sv_seryy/;св.серый;;50% шерсть 50% акрил;;Аксессуары;Шапки
1143;Шапка Б/Н 10143 темно-зеленый;one size;250;200;20;https://lebuto.ru/upload/iblock/74e/a1f47a4d_3ab7_11eb_80eb_000c29cc4602_eb1d9c9c_6072_11eb_80eb_000c29cc4602.jpeg;https://lebuto.ru/catalog/aksessuary_1/shapki_kepki_bandany/shapki/shapka_b_n_10143_temno_zelenyy/;т.зеленый;;50% шерсть 50% акрил;;Аксессуары;Шапки
1144;Шапка Б/Н 10143 темно-синий;one size;250;200;20;https://lebuto.ru/upload/iblock/cb1/f5c40b36_3ab6_11eb_80eb_000c29cc4602_bc20dfc8_6072_11eb_80eb_000c29cc4602.jpeg;https://lebuto.ru/catalog/aksessuary_1/shapki_kepki_bandany/shapki/shapka_b_n_10143_temno_siniy/;темно-синий;;50% шерсть 50% акрил;;Аксессуары;Шапки
1145;Шапка Б/Н 10143 черный;one size;250;200;20;https://lebuto.ru/upload/iblock/c76/2c756481_3ab7_11eb_80eb_000c29cc4602_a8cf10fa_6072_11eb_80eb_000c29cc4602.jpeg;https://lebuto.ru/catalog/aksessuary_1/shapki_kepki_bandany/shapki/shapka_b_n_10143_chernyy/;Черный;;50% шерсть 50% акрил;;Аксессуары;Шапки
1146;Шапка Б/Н 107482-15;one size;250;200;13.33;https://lebuto.ru/upload/iblock/755/7uio0fb2ju7tbksk81shbonkbvr8q9qz/dcc0ec48_356e_11ec_8101_000c29cc4602_257e04e7_388d_11ec_8101_000c29cc4602.jpeg;https://lebuto.ru/catalog/aksessuary_1/shapki_kepki_bandany/shapki/shapka_b_n_107482_15/;цветная;;;;Аксессуары;Шапки
1147;Шапка Б/Н 107482-17;one size;250;200;20;https://lebuto.ru/upload/iblock/423/qtj05rynflpu9c9gdbu0hdeb0qs400o7/0d0f0cf5_356f_11ec_8101_000c29cc4602_2ec779cb_388d_11ec_8101_000c29cc4602.jpeg;https://lebuto.ru/catalog/aksessuary_1/shapki_kepki_bandany/shapki/shapka_b_n_107482_17/;цветная;;;;Аксессуары;Шапки
1148;Шапка Б/Н 11539 оранжевый;one size;200;160;20;https://lebuto.ru/upload/iblock/7b9/42f25962_e832_11ea_80e9_000c29cc4602_f9ba8cfd_1cdd_11eb_80e9_000c29cc4602.jpeg;https://lebuto.ru/catalog/aksessuary_1/shapki_kepki_bandany/shapki/shapka_b_n_11539_oranzhevyy/;оранжевый;;100% акрил;;Аксессуары;Шапки
1149;Шапка Б/Н 11539 св.зеленый;one size;200;160;20;https://lebuto.ru/upload/iblock/92a/2d8a24f8_e832_11ea_80e9_000c29cc4602_a54ab282_0df5_11eb_80e9_000c29cc4602.jpeg;https://lebuto.ru/catalog/aksessuary_1/shapki_kepki_bandany/shapki/shapka_b_n_11539_sv_zelenyy/;св.зелёный;;100% акрил;;Аксессуары;Шапки
1150;Шапка Б/Н 11539 темно-зеленый;one size;200;160;20;https://lebuto.ru/upload/iblock/fa8/13ddf669_e832_11ea_80e9_000c29cc4602_0a85804c_1cde_11eb_80e9_000c29cc4602.jpeg;https://lebuto.ru/catalog/aksessuary_1/shapki_kepki_bandany/shapki/shapka_b_n_11539_temno_zelenyy/;т.зеленый;;100% акрил;;Аксессуары;Шапки
1151;Шапка Б/Н 11539 темно-серый;one size;200;160;20;https://lebuto.ru/upload/iblock/5ed/f9ca5159_e831_11ea_80e9_000c29cc4602_2324cf67_1cde_11eb_80e9_000c29cc4602.jpeg;https://lebuto.ru/catalog/aksessuary_1/shapki_kepki_bandany/shapki/shapka_b_n_11539_temno_seryy/;т.серый;;100% акрил;;Аксессуары;Шапки
1152;Шапка Б/Н 11539 черный;one size;200;160;20;https://lebuto.ru/upload/iblock/f6a/be850f3e_0219_11eb_80e9_000c29cc4602_589feeb0_1cde_11eb_80e9_000c29cc4602.jpeg;https://lebuto.ru/catalog/aksessuary_1/shapki_kepki_bandany/shapki/shapka_b_n_11539_chernyy/;Черный;;100% акрил;;Аксессуары;Шапки
1153;Шапка Б/Н 42578 серый;one size;250;200;13.33;https://lebuto.ru/upload/iblock/d63/e10ac502_e833_11ea_80e9_000c29cc4602_9b97e10b_1cdd_11eb_80e9_000c29cc4602.jpeg;https://lebuto.ru/catalog/aksessuary_1/shapki_kepki_bandany/shapki/shapka_b_n_42578_seryy/;Серый;;100% акрил;;Аксессуары;Шапки
1154;Шапка Б/Н 42578 темно-синий;one size;250;200;13.33;https://lebuto.ru/upload/iblock/dde/fa528b64_e833_11ea_80e9_000c29cc4602_028a6a43_0df8_11eb_80e9_000c29cc4602.jpeg;https://lebuto.ru/catalog/aksessuary_1/shapki_kepki_bandany/shapki/shapka_b_n_42578_temno_siniy/;темно-синий;;100% акрил;;Аксессуары;Шапки
1155;Шапка Б/Н 42578 черный;one size;250;200;13.33;https://lebuto.ru/upload/iblock/4c0/cbb7516a_e833_11ea_80e9_000c29cc4602_c6c81d75_1cdd_11eb_80e9_000c29cc4602.jpeg;https://lebuto.ru/catalog/aksessuary_1/shapki_kepki_bandany/shapki/shapka_b_n_42578_chernyy/;Черный;;100% акрил;;Аксессуары;Шапки
1156;Шапка Б/Н 51127 оранжевый;one size;250;200;34;https://lebuto.ru/upload/iblock/e76/a0d0f69a_efd9_11e9_80dd_000c29cc4602_84246aa8_1cbd_11ea_80e0_000c29cc4602.jpeg;https://lebuto.ru/catalog/aksessuary_1/shapki_kepki_bandany/shapki/shapka_b_n_51127_oranzhevyy/;оранжевый;;;;Аксессуары;Шапки
1157;Шапка Б/Н 51487 коралловый;one size;250;200;20;https://lebuto.ru/upload/iblock/b85/u6ne5u7pi1uq5cjj4848lrk7uk4v3xl2/3b487dec_5733_11ec_8102_000c29cc4602_fa8f2b48_58b3_11ec_8102_000c29cc4602.jpeg;https://lebuto.ru/catalog/aksessuary_1/shapki_kepki_bandany/shapki/shapka_b_n_51487_korallovyy/;коралловый;;;;Аксессуары;Шапки
1158;Шапка Б/Н 51487 розовый;one size;250;200;20;https://lebuto.ru/upload/iblock/03b/njla2uxc8j5jkdripkqvb7onhimtxnx3/94a63c86_5733_11ec_8102_000c29cc4602_24c74815_58b4_11ec_8102_000c29cc4602.jpeg;https://lebuto.ru/catalog/aksessuary_1/shapki_kepki_bandany/shapki/shapka_b_n_51487_rozovyy/;розовый;;;;Аксессуары;Шапки
1159;Шапка Б/Н 55123 коричневый/енот;one size;250;200;20;https://lebuto.ru/upload/iblock/053/ead109a5_db5d_11e9_80dd_000c29cc4602_0b1f7845_0f64_11ea_80e0_000c29cc4602.jpeg;https://lebuto.ru/catalog/aksessuary_1/shapki_kepki_bandany/shapki/shapka_b_n_55123_korichnevyy_enot/;коричневый;;100% акрил;;Аксессуары;Шапки
1160;Шапка Б/Н 55123 св.серый/енот;one size;250;200;20;https://lebuto.ru/upload/iblock/1f4/1b3b16cc_db5e_11e9_80dd_000c29cc4602_69435c55_0f64_11ea_80e0_000c29cc4602.jpeg;https://lebuto.ru/catalog/aksessuary_1/shapki_kepki_bandany/shapki/shapka_b_n_55123_sv_seryy_enot/;св.серый;;100% акрил;;Аксессуары;Шапки
1161;Шапка Б/Н 55123 темно-синий/енот;one size;250;200;20;https://lebuto.ru/upload/iblock/47f/ab50fea7_2612_11ea_80e1_000c29cc4602_60655848_35e3_11ea_80e2_000c29cc4602.jpeg;https://lebuto.ru/catalog/aksessuary_1/shapki_kepki_bandany/shapki/shapka_b_n_55123_temno_siniy_enot/;темно-синий;;100% акрил;;Аксессуары;Шапки
1162;Шапка Б/Н 55123 черный/енот;one size;250;200;20;https://lebuto.ru/upload/iblock/a06/b02da639_db5d_11e9_80dd_000c29cc4602_79d93594_0f64_11ea_80e0_000c29cc4602.jpeg;https://lebuto.ru/catalog/aksessuary_1/shapki_kepki_bandany/shapki/shapka_b_n_55123_chernyy_enot/;Черный;;100% акрил;;Аксессуары;Шапки
1163;Шапка Б/Н 62288 енот кремовый;one size;250;200;20;https://lebuto.ru/upload/iblock/06c/nbow40w5r8d9570xgbyp6algetk7mtkq/bc59f909_2a3d_11ec_8100_000c29cc4602_a74be519_58fc_11ec_8102_000c29cc4602.jpeg;https://lebuto.ru/catalog/aksessuary_1/shapki_kepki_bandany/shapki/shapka_b_n_62288_enot_kremovyy/;св.розовый;;;;Аксессуары;Шапки
1164;Шапка Б/Н 62288 енот розовый;one size;250;200;20;https://lebuto.ru/upload/iblock/ccc/bmp1rh4tfuvmqto2hd2wr0fsx12iniuu/c1eeb647_2a3e_11ec_8100_000c29cc4602_b373572e_58fc_11ec_8102_000c29cc4602.jpeg;https://lebuto.ru/catalog/aksessuary_1/shapki_kepki_bandany/shapki/shapka_b_n_62288_enot_rozovyy/;розовый;;;;Аксессуары;Шапки
1165;Шапка Б/Н 62288 енот темно-синий;one size;250;200;20;https://lebuto.ru/upload/iblock/5de/azq6mc5pycuaa0ne3r2o3kscrrlggzj5/4017f626_2a3e_11ec_8100_000c29cc4602_d7b41d4d_58fc_11ec_8102_000c29cc4602.jpeg;https://lebuto.ru/catalog/aksessuary_1/shapki_kepki_bandany/shapki/shapka_b_n_62288_enot_temno_siniy/;темно-синий;;;;Аксессуары;Шапки
1166;Шапка Б/Н 65119 енот фиолетовый;one size;250;200;20;https://lebuto.ru/upload/iblock/508/9998cae6_f565_11e9_80de_000c29cc4602_0b243a1d_1cb5_11ea_80e0_000c29cc4602.jpeg;https://lebuto.ru/catalog/aksessuary_1/shapki_kepki_bandany/shapki/shapka_b_n_65119_enot_fioletovyy/;фиолетовый;;Полиэстер;;Аксессуары;Шапки
1167;Шапка Б/Н 65377 бело-голубой;one size;250;200;20;https://lebuto.ru/upload/iblock/cc7/1900cf72_0218_11eb_80e9_000c29cc4602_f8c94080_28ab_11eb_80e9_000c29cc4602.jpeg;https://lebuto.ru/catalog/aksessuary_1/shapki_kepki_bandany/shapki/shapka_b_n_65377_belo_goluboy/;голубой;;акрил;;Аксессуары;Шапки
1168;Шапка Б/Н 65377 бело-зеленый;one size;250;200;20;https://lebuto.ru/upload/iblock/e3b/a8c036b4_e830_11ea_80e9_000c29cc4602_079cc918_28ac_11eb_80e9_000c29cc4602.jpeg;https://lebuto.ru/catalog/aksessuary_1/shapki_kepki_bandany/shapki/shapka_b_n_65377_belo_zelenyy/;белый;;акрил;;Аксессуары;Шапки
1169;Шапка Б/Н 77705 оранжевый;one size;200;160;20;https://lebuto.ru/upload/iblock/56c/a85dab5d_e836_11ea_80e9_000c29cc4602_88f00ae8_1cde_11eb_80e9_000c29cc4602.jpeg;https://lebuto.ru/catalog/aksessuary_1/shapki_kepki_bandany/shapki/shapka_b_n_77705_oranzhevyy/;оранжевый;;100% акрил;;Аксессуары;Шапки
1170;Шапка Б/Н 77833 темно-синий;one size;250;200;16.67;https://lebuto.ru/upload/iblock/bd6/cvnwqbicbxdmmflpcjx0ik8f1rm5w1co/0eb55a7e_90ae_11ed_812d_000c29cc4602_9818f049_ace5_11ed_812d_000c29cc4602.jpeg;https://lebuto.ru/catalog/aksessuary_1/shapki_kepki_bandany/shapki/shapka_b_n_77833_temno_siniy/;темно-синий;;акрил;;Аксессуары;Шапки
1171;Шапка Б/Н 77833 черный;one size;350;280;;https://lebuto.ru/upload/iblock/0ee/kkwsh7wgrym8jy6xmvuoxh0bvpyhk70u/36c4c371_90ae_11ed_812d_000c29cc4602_dd800bc8_b462_11ef_8168_000c29cc4602.jpg;https://lebuto.ru/catalog/aksessuary_1/shapki_kepki_bandany/shapki/shapka_b_n_77833_chernyy/;Черный;;;;Аксессуары;Шапки
1172;Шапка Б/Н 89921 бело-зеленый;one size;200;160;20;https://lebuto.ru/upload/iblock/6bf/57d4ff50_e82c_11ea_80e9_000c29cc4602_89b53824_0df1_11eb_80e9_000c29cc4602.jpeg;https://lebuto.ru/catalog/aksessuary_1/shapki_kepki_bandany/shapki/shapka_b_n_89921_belo_zelenyy/;белый;;100% акрил;;Аксессуары;Шапки
1173;Шапка Б/Н 99662 бежевый;one size;250;200;-120;https://lebuto.ru/upload/iblock/380/651e414a_e832_11ea_80e9_000c29cc4602_ea703e06_1cd8_11eb_80e9_000c29cc4602.jpeg;https://lebuto.ru/catalog/aksessuary_1/shapki_kepki_bandany/shapki/shapka_b_n_99662_bezhevyy/;бежевый;;100% акрил;;Аксессуары;Шапки
1174;Шапка Б/Н 99662 серый;one size;250;200;13.33;https://lebuto.ru/upload/iblock/a69/aadf6c11_e832_11ea_80e9_000c29cc4602_2dd8a1e3_1cd9_11eb_80e9_000c29cc4602.jpeg;https://lebuto.ru/catalog/aksessuary_1/shapki_kepki_bandany/shapki/shapka_b_n_99662_seryy/;Серый;;100% акрил;;Аксессуары;Шапки
1175;Шапка Б/Н 99662 черный;one size;250;200;13.33;https://lebuto.ru/upload/iblock/698/7fbbb214_e832_11ea_80e9_000c29cc4602_92c2056d_1cd9_11eb_80e9_000c29cc4602.jpeg;https://lebuto.ru/catalog/aksessuary_1/shapki_kepki_bandany/shapki/shapka_b_n_99662_chernyy/;Черный;;100% акрил;;Аксессуары;Шапки
1176;Шапка Б/Н помпон 116336 бежевый;one size;250;200;20;https://lebuto.ru/upload/iblock/efa/b56b8c80_f147_11e8_a9d7_000c29cc4602_e4448057_285a_11e9_9d72_000c29cc4602.jpeg;https://lebuto.ru/catalog/aksessuary_1/shapki_kepki_bandany/shapki/shapka_b_n_pompon_116336_bezhevyy/;бежевый;;100% акрил;;Аксессуары;Шапки
1177;Шапка Б/Н помпон 116336 темно-синий;one size;250;200;33.9;https://lebuto.ru/upload/iblock/cb4/ce30da9a_f147_11e8_a9d7_000c29cc4602_54ce69ae_2aa0_11e9_9d72_000c29cc4602.jpeg;https://lebuto.ru/catalog/aksessuary_1/shapki_kepki_bandany/shapki/shapka_b_n_pompon_116336_temno_siniy/;темно-синий;;100% акрил;;Аксессуары;Шапки
1178;Шапка Б/Н помпон на кнопке 991004 темно-синий;one size;250;200;20;https://lebuto.ru/upload/iblock/bd8/3ac0e55a_f14b_11e8_a9d7_000c29cc4602_d33b1c18_2855_11e9_9d72_000c29cc4602.jpeg;https://lebuto.ru/catalog/aksessuary_1/shapki_kepki_bandany/shapki/shapka_b_n_pompon_na_knopke_991004_temno_siniy/;темно-синий;;100% акрил;;Аксессуары;Шапки
1179;Шапка-ушанка C 118663 зеленый;one size;250;200;20;https://lebuto.ru/upload/iblock/6e4/16905cbb_2619_11ea_80e1_000c29cc4602_7ce4d283_328f_11ea_80e2_000c29cc4602.jpeg;https://lebuto.ru/catalog/aksessuary_1/shapki_kepki_bandany/shapki/shapka_ushanka_columbia_118663_zelenyy/;зеленый;;Полиэстер;;Аксессуары;Шапки
1180;Шапка-ушанка пуховая Merlion 4144 карамель;50-52::52-54;250;200;20;https://lebuto.ru/upload/iblock/6b2/atotkilj6d66orlb5wy54cotcaz13osc/1aea37c4_5ef0_11ec_810f_000c29cc4602_2036db86_6550_11ec_8110_000c29cc4602.jpeg;https://lebuto.ru/catalog/aksessuary_1/shapki_kepki_bandany/shapki/shapka_ushanka_pukhovaya_merlion_4144_karamel/;;;;;Аксессуары;Шапки
1181;Шапка-ушанка пуховая Merlion 4144 оливковый;50-52;250;200;20;https://lebuto.ru/upload/iblock/e18/yqloe4cg72u9vz2ca65mduvs00bhxzmk/38be273c_5ef0_11ec_810f_000c29cc4602_36076fe8_6550_11ec_8110_000c29cc4602.jpeg;https://lebuto.ru/catalog/aksessuary_1/shapki_kepki_bandany/shapki/shapka_ushanka_pukhovaya_merlion_4144_olivkovyy/;;;;;Аксессуары;Шапки
1182;Шапка-ушанка пуховая Merlion 4144 светло-золотой;50-52::52-54;250;200;20;https://lebuto.ru/upload/iblock/42f/q9he4mmiebxtm5biz1811ksfdki38kyv/c3225737_5ef1_11ec_810f_000c29cc4602_49264724_6550_11ec_8110_000c29cc4602.jpeg;https://lebuto.ru/catalog/aksessuary_1/shapki_kepki_bandany/shapki/shapka_ushanka_pukhovaya_merlion_4144_svetlo_zolotoy/;;;;;Аксессуары;Шапки
1183;Шапка-ушанка пуховая Merlion 4144 темно-золотой;50-52::52-54;250;200;20;https://lebuto.ru/upload/iblock/757/eatmsi8udb6mobjd2o8p556om098fdmh/51595741_5ef0_11ec_810f_000c29cc4602_9d867c47_6550_11ec_8110_000c29cc4602.jpeg;https://lebuto.ru/catalog/aksessuary_1/shapki_kepki_bandany/shapki/shapka_ushanka_pukhovaya_merlion_4144_temno_zolotoy/;;;;;Аксессуары;Шапки
1184;Шапка-ушанка пуховая Merlion F4114 голубой;57(M)::58(L);250;200;20;https://lebuto.ru/upload/iblock/c89/9crv7d4ta9r1hkz46rf4pj08mpktjv10/5b087d73_5ca4_11ec_8109_000c29cc4602_16e0902f_6551_11ec_8110_000c29cc4602.jpeg;https://lebuto.ru/catalog/aksessuary_1/shapki_kepki_bandany/shapki/shapka_ushanka_pukhovaya_merlion_f4114_goluboy/;голубой;;;;Аксессуары;Шапки
1185;Шапка-ушанка пуховая Merlion F4114 карамель;56(S)::57(M)::58(L);250;200;20;https://lebuto.ru/upload/iblock/2c6/tynnscljdv3us1pxs7oe1c6rsv5av60e/715ad32e_5ef2_11ec_810f_000c29cc4602_274ac4da_6551_11ec_8110_000c29cc4602.jpeg;https://lebuto.ru/catalog/aksessuary_1/shapki_kepki_bandany/shapki/shapka_ushanka_pukhovaya_merlion_f4114_karamel/;;;;;Аксессуары;Шапки
1186;Шапочка для плавания SDO 299945 цветные;one size;100;80;15.22;https://lebuto.ru/upload/iblock/bf3/601d5da5_3c92_11e8_9f15_000c29cc4602_eaadde10_1caa_11ea_80e0_000c29cc4602.jpeg;https://lebuto.ru/catalog/aksessuary_1/shapki_kepki_bandany/shapochka_dlya_plavaniya_speedo_299945_tsvetnye/;цветная;;;;Аксессуары;Шапки, кепки, банданы
1187;Шарф A.S. 45619-3;one size;700;500;33.77;https://lebuto.ru/upload/iblock/a90/31fa8dbe_26ce_11ea_80e1_000c29cc4602_87154975_288c_11ea_80e2_000c29cc4602.jpeg;https://lebuto.ru/catalog/aksessuary_1/sharfy/sharf_a_s_45619_3/;цветная;;80% шерсть, 20% нейлон;;Аксессуары;Шарфы
1188;Шарф A.S. 77398-013;one size;650;500;0;https://lebuto.ru/upload/iblock/807/viiz8a1gxio1lqe388irn16cjegksdte/dd893a60_6de4_11ec_8112_000c29cc4602_19fb9d80_6e54_11ec_8112_000c29cc4602.jpeg;https://lebuto.ru/catalog/aksessuary_1/sharfy/sharf_a_s_77398_013/;цветная;;;;Аксессуары;Шарфы
1189;Шарф C.S. 209909-16;one size;900;700;0;https://lebuto.ru/upload/iblock/b8b/kh4ctjoxh448my9wtje156kiy1veci8f/bcd8ce86_6de5_11ec_8112_000c29cc4602_881a9f37_6e54_11ec_8112_000c29cc4602.jpeg;https://lebuto.ru/catalog/aksessuary_1/sharfy/sharf_c_s_209909_16/;цветная;;;;Аксессуары;Шарфы
1190;Шарф U 023409 оранжевый;one size;700;500;0;https://lebuto.ru/upload/iblock/7c5/qzgpf2jimj7xpglmopu3iz8modduwhyu/39bffcf3_6de2_11ec_8112_000c29cc4602_beeaf39a_6e54_11ec_8112_000c29cc4602.jpeg;https://lebuto.ru/catalog/aksessuary_1/sharfy/sharf_u_023409_oranzhevyy/;оранжевый;;;;Аксессуары;Шарфы
1191;Шарф U 023409 серый;one size;700;500;0;https://lebuto.ru/upload/iblock/eed/99gn3niw7vwq1vcah4y1fquu9t6uey42/cbc79619_6de1_11ec_8112_000c29cc4602_484de149_6e55_11ec_8112_000c29cc4602.jpeg;https://lebuto.ru/catalog/aksessuary_1/sharfy/sharf_u_023409_seryy/;Серый;;;;Аксессуары;Шарфы
1192;Шарф U 11790 св.серый;one size;500;400;13.72;https://lebuto.ru/upload/iblock/20a/ea43642e_3387_11eb_80e9_000c29cc4602_1c2826e5_53c5_11eb_80eb_000c29cc4602.jpeg;https://lebuto.ru/catalog/aksessuary_1/sharfy/sharf_ugg_11790_sv_seryy/;св.серый;;70% акрил 30% шерсть;;Аксессуары;Шарфы
1193;Шарф кашемировый Cre 77107 бежевый;one size;500;400;33.77;https://lebuto.ru/upload/iblock/6f6/fqhe9w0gp9p9i55ue2mjkfyn9fp62nni/000d5fd5_f3b2_11e8_a9d7_000c29cc4602_b5826e0a_58fb_11ec_8102_000c29cc4602.jpeg;https://lebuto.ru/catalog/aksessuary_1/sharfy/sharf_kashemirovyy_cre_77107_bezhevyy/;бежевый;;;;Аксессуары;Шарфы
1194;Шарф кашемировый Cre 77107 коричневый;one size;400;300;33.77;https://lebuto.ru/upload/iblock/b4e/9f92f9ea_f3b2_11e8_a9d7_000c29cc4602_99c810ba_a0b6_11ea_80e8_000c29cc4602.jpeg;https://lebuto.ru/catalog/aksessuary_1/sharfy/sharf_kashemirovyy_cashmere_77107_korichnevyy/;коричневый;;кашемир;;Аксессуары;Шарфы
1195;Шарф кашемировый Cre 77107 розовый;one size;500;400;33.77;https://lebuto.ru/upload/iblock/e52/6vtaoefcjikoe5coz9bmwx06g4vjo0uu/ec150eb4_f3b2_11e8_a9d7_000c29cc4602_a01a3a04_58fb_11ec_8102_000c29cc4602.jpeg;https://lebuto.ru/catalog/aksessuary_1/sharfy/sharf_kashemirovyy_cre_77107_rozovyy/;розовый;;;;Аксессуары;Шарфы
1196;Школьный рюкзак Тачки-2 черный;one size;240;240;дек.78;https://lebuto.ru/upload/iblock/53e/c5600af0_b7e3_11e3_9ffd_000c29cc46f8_b1cda06f_06d0_11ea_80df_000c29cc4602.jpeg;https://lebuto.ru/catalog/aksessuary_1/ryukzaki_i_sumki/shkolnyy_ryukzak_tachki_2_chernyy/;Черный;;100% полиэстер;;Аксессуары;Рюкзаки и сумки
1197;Шлем CAN арт.VS610 WOOD PATTERN;XS;800;640;34.02;https://lebuto.ru/upload/iblock/47f/bc4759bf_b7e2_11e3_9ffd_000c29cc46f8_77dff0b2_e64b_11e8_abe6_000c29cc4602.jpeg;https://lebuto.ru/catalog/aksessuary_1/shlemy_podshlemniki/shlemy_1/shlem_can_art_vs610_wood_pattern/;коричневый;;100% поликарбонат;;Аксессуары;Шлемы
1198;Шлем CAN арт.VS611 MATT BLACK.;XXS;800;640;13.февр;https://lebuto.ru/upload/iblock/e5e/bcbe2dcf_b7e6_11e3_9ffd_000c29cc46f8_555a68df_e64d_11e8_abe6_000c29cc4602.jpeg;https://lebuto.ru/catalog/aksessuary_1/shlemy_podshlemniki/shlemy_1/shlem_can_art_vs611_matt_black/;Черный;;100% поликарбонат;;Аксессуары;Шлемы
1199;Шлем CAN арт.VS611 PINK.;XXS;800;640;13.февр;https://lebuto.ru/upload/iblock/1cd/722b8202_b7e2_11e3_9ffd_000c29cc46f8_6335849f_e64d_11e8_abe6_000c29cc4602.jpeg;https://lebuto.ru/catalog/aksessuary_1/shlemy_podshlemniki/shlemy_1/shlem_can_art_vs611_pink/;розовый;;100% поликарбонат;;Аксессуары;Шлемы
1200;Шлем CAN арт.VS611 WOOD PATTERN.;L;800;640;13.февр;https://lebuto.ru/upload/iblock/5de/2e01e951_b7e3_11e3_9ffd_000c29cc46f8_70d62e94_e64d_11e8_abe6_000c29cc4602.jpeg;https://lebuto.ru/catalog/aksessuary_1/shlemy_podshlemniki/shlemy_1/shlem_can_art_vs611_wood_pattern/;коричневый;;100% поликарбонат;;Аксессуары;Шлемы
1201;Шлем CAN арт.VS620 RED.;XXS;800;640;13.февр;https://lebuto.ru/upload/iblock/30c/a381f811_b7e2_11e3_9ffd_000c29cc46f8_96006db4_e64d_11e8_abe6_000c29cc4602.jpeg;https://lebuto.ru/catalog/aksessuary_1/shlemy_podshlemniki/shlemy_1/shlem_can_art_vs620_red/;красный;;100% поликарбонат;;Аксессуары;Шлемы
1202;Шлем CAN арт.VS620 SILVER.;XS;1100;880;13.февр;https://lebuto.ru/upload/iblock/e6f/97455d05_b7e2_11e3_9ffd_000c29cc46f8_c49b0ae5_e64d_11e8_abe6_000c29cc4602.jpeg;https://lebuto.ru/catalog/aksessuary_1/shlemy_podshlemniki/shlemy_1/shlem_can_art_vs620_silver/;Серый;;100% поликарбонат;;Аксессуары;Шлемы
1203;Шлем-маска Б/Н 11622 т.серый меланж;one size;250;200;33.9;https://lebuto.ru/upload/iblock/1a1/39f61339_5add_11eb_80eb_000c29cc4602_eb1f9f40_5aec_11eb_80eb_000c29cc4602.jpeg;https://lebuto.ru/catalog/aksessuary_1/maski_gornolyzhnye/shlem_maska_b_n_11622_t_seryy_melanzh/;темно-серый;;100% полиэстер;;Аксессуары;Маски горнолыжные
1204;Шлем-маска Б/Н 11622 черный;one size;250;200;33.9;https://lebuto.ru/upload/iblock/7a2/0b8e6d46_5add_11eb_80eb_000c29cc4602_0033e5c7_5aed_11eb_80eb_000c29cc4602.jpeg;https://lebuto.ru/catalog/aksessuary_1/maski_gornolyzhnye/shlem_maska_b_n_11622_chernyy/;Черный;;100% полиэстер;;Аксессуары;Маски горнолыжные
1205;Шлем-маска Б/Н 53227 черный;one size;250;200;34.27;https://lebuto.ru/upload/iblock/d8a/263c87ec_5ae3_11eb_80eb_000c29cc4602_6cc38eeb_5aed_11eb_80eb_000c29cc4602.jpeg;https://lebuto.ru/catalog/aksessuary_1/maski_gornolyzhnye/shlem_maska_b_n_53227_chernyy/;Черный;;100% полиэстер;;Аксессуары;Маски горнолыжные
1206;Шорты A 26523 темно-синий;XL::2XL::4XL;500;400;;https://lebuto.ru/upload/iblock/bd1/hz6isyzk7axwopzciwyfxln0bhkrotve/455e6afe_1afe_11ee_8130_000c29cc4602_3a267636_ec1c_11ee_8142_000c29cc4602.jpg;https://lebuto.ru/catalog/muzhskaya_odezhda_1/shorty/shorty_a_26523_temno_siniy/;темно-синий;;100% полиэстер;Шорты выполнены из тонкого легкого быстросохнущего текстиля. Пояс на резинке регулируется шнурком. Два кармана по бокам на молниях.;Мужская одежда;Шорты
1207;Шорты A 26523 черный;XL::2XL::3XL::4XL::5XL;500;400;;https://lebuto.ru/upload/iblock/b8d/7sudr8wy0gb3eix7k7u7ljnawn9zzjdm/9eef9cb6_1afd_11ee_8130_000c29cc4602_a64694ad_ec1c_11ee_8142_000c29cc4602.jpg;https://lebuto.ru/catalog/muzhskaya_odezhda_1/shorty/shorty_a_26523_chernyy/;Черный;;100% полиэстер;Шорты выполнены из тонкого легкого быстросохнущего текстиля. Пояс на резинке регулируется шнурком. Два кармана по бокам на молниях.;Мужская одежда;Шорты
1208;Шорты A 6958 бежевый;XL::L::2XL::3XL;600;480;;https://lebuto.ru/upload/iblock/057/ljk62fdmv7xh8wmg31t7qjptyquyfvqm/641ca665_1afb_11ee_8130_000c29cc4602_ab333cb2_ec19_11ee_8142_000c29cc4602.jpg;https://lebuto.ru/catalog/muzhskaya_odezhda_1/shorty/shorty_a_6958_bezhevyy/;бежевый;;97,7% полиэстер 2,3% спандекс;Шорты из плотного текстиля. Пояс на резинке регулируется шнурком. 3 кармана.;Мужская одежда;Шорты
1209;Шорты A 6958 св.зеленый;XL::L::2XL::3XL;600;480;;https://lebuto.ru/upload/iblock/49f/ssn2wx6szez39tn5k0xxvn9ycb41dgbt/bb02ca12_1afb_11ee_8130_000c29cc4602_41c0913d_ec1a_11ee_8142_000c29cc4602.jpg;https://lebuto.ru/catalog/muzhskaya_odezhda_1/shorty/shorty_a_6958_sv_zelenyy/;св.зелёный;;97,7% полиэстер 2,3% спандекс;Шорты из плотного текстиля. Пояс на резинке регулируется шнурком. 3 кармана.;Мужская одежда;Шорты
1210;Шорты A 6958 черный;XL::L::2XL::3XL;600;480;;https://lebuto.ru/upload/iblock/7d7/63y0fzuvnpd2oy9a2lt9s7b5bm90f504/077359a8_1afb_11ee_8130_000c29cc4602_71db60f1_ec1a_11ee_8142_000c29cc4602.jpg;https://lebuto.ru/catalog/muzhskaya_odezhda_1/shorty/shorty_a_6958_chernyy/;Черный;;97,7% полиэстер 2,3% спандекс;Шорты из плотного текстиля. Пояс на резинке регулируется шнурком. 3 кармана.;Мужская одежда;Шорты
1211;Шорты ABERKOMIN 0896 Color:11;29;450;360;43.48;https://lebuto.ru/upload/iblock/c01/84b6d4cf_137d_11e7_8ba8_000c29cc4602_55b45b49_5a40_11e7_8967_000c29cc4602.jpeg;https://lebuto.ru/catalog/muzhskaya_odezhda_1/shorty/shorty_aberkomin_0896_color_11/;мультиколор;;100% полиэстер;;Мужская одежда;Шорты
1212;Шорты O&L ZL21555 бежевый;XL::2XL::3XL::4XL::5XL;700;560;;https://lebuto.ru/upload/iblock/b4f/3i9ormrmq312e23j2izngwf3wzxh16nd/5921f61a_1b03_11ee_8130_000c29cc4602_c2d85799_ec17_11ee_8142_000c29cc4602.jpg;https://lebuto.ru/catalog/muzhskaya_odezhda_1/shorty/shorty_o_l_zl21555_bezhevyy/;бежевый;;100% хлопок;Шорты выполнены из плотного текстиля.пояс на резинке регулируется шнурком. Два боковых кармана на молнии, задний карман на пуговице.;Мужская одежда;Шорты
1213;Шорты O&L ZL21555 синий;XL::2XL::3XL::4XL::5XL;700;560;;https://lebuto.ru/upload/iblock/a6d/9evgz4exsuonvx2wl3anytxtc6jb7l3v/cddd49a8_1b02_11ee_8130_000c29cc4602_860001d1_ec18_11ee_8142_000c29cc4602.jpg;https://lebuto.ru/catalog/muzhskaya_odezhda_1/shorty/shorty_o_l_zl21555_siniy/;Синий;;100% хлопок;Шорты выполнены из плотного текстиля.пояс на резинке регулируется шнурком. Два боковых кармана на молнии, задний карман на пуговице.;Мужская одежда;Шорты
1214;Шорты O&L ZL21555 темно-синий;2XL::3XL::4XL;700;560;;https://lebuto.ru/upload/iblock/80f/gtagwjocx5o9ai7xbulf9dvzw89gfilp/206e0def_1b03_11ee_8130_000c29cc4602_ca6d2f20_ec18_11ee_8142_000c29cc4602.jpg;https://lebuto.ru/catalog/muzhskaya_odezhda_1/shorty/shorty_o_l_zl21555_temno_siniy/;темно-синий;;100% хлопок;Шорты выполнены из плотного текстиля.пояс на резинке регулируется шнурком. Два боковых кармана на молнии, задний карман на пуговице.;Мужская одежда;Шорты
1215;Шорты San Marco L6102 Blue;28;650;520;34.62;https://lebuto.ru/upload/iblock/c6b/47f2e717_ba8b_11ea_80e9_000c29cc4602_728efc5a_f897_11ea_80e9_000c29cc4602.jpeg;https://lebuto.ru/catalog/muzhskaya_odezhda_1/shorty/shorty_san_marco_l6102_blue/;темно-синий;;;;Мужская одежда;Шорты
1216;Шорты San Marco L6181 Gray;29;650;520;34.62;https://lebuto.ru/upload/iblock/63d/a774dece_ba8a_11ea_80e9_000c29cc4602_9d0e3e49_f736_11ea_80e9_000c29cc4602.jpeg;https://lebuto.ru/catalog/muzhskaya_odezhda_1/shorty/shorty_san_marco_l6181_gray/;Серый;;;;Мужская одежда;Шорты
1217;Шорты TNF 5184 темно-серый;L::XL::2XL::3XL::4XL;900;720;;https://lebuto.ru/upload/iblock/33f/wqfeiwe0pnnmimfjk8hjjs3ykfbx7rpo/556d7b6c_1b00_11ee_8130_000c29cc4602_659283e0_ec15_11ee_8142_000c29cc4602.jpg;https://lebuto.ru/catalog/muzhskaya_odezhda_1/shorty/shorty_tnf_5184_temno_seryy/;темно-серый;;97% хлопок 3% спандекс;Мужские шорты из плотного хлопка . Пояс на резинке, объем регулируется шнурком. Застежка на пуговицу и молнию. 5 карманов( три на кнопках, два без застежки).;Мужская одежда;Шорты
1218;Шорты TNF 5184 темно-синий;L;900;720;;https://lebuto.ru/upload/iblock/efc/i6kstba2jgvnq6nrmjcwls4t962wi2ws/df3905fb_1aff_11ee_8130_000c29cc4602_5b17613c_ec16_11ee_8142_000c29cc4602.jpg;https://lebuto.ru/catalog/muzhskaya_odezhda_1/shorty/shorty_tnf_5184_temno_siniy/;темно-синий;;97% хлопок 3% спандекс;Мужские шорты из плотного хлопка . Пояс на резинке, объем регулируется шнурком. Застежка на пуговицу и молнию. 5 карманов( три на кнопках, два без застежки).;Мужская одежда;Шорты
1219;Шорты TNF 5184 хаки;L::2XL::3XL::4XL;900;720;;https://lebuto.ru/upload/iblock/519/o99z6v4893taiolpfc96z3nfmrexrihr/08bd74e0_1b01_11ee_8130_000c29cc4602_a54c705f_ec16_11ee_8142_000c29cc4602.jpg;https://lebuto.ru/catalog/muzhskaya_odezhda_1/shorty/shorty_tnf_5184_khaki/;хаки;;97% хлопок 3% спандекс;Мужские шорты из плотного хлопка . Пояс на резинке, объем регулируется шнурком. Застежка на пуговицу и молнию. 5 карманов( три на кнопках, два без застежки).;Мужская одежда;Шорты
1220;Шорты TNF 5184 черный;XL::L::2XL::3XL::4XL;900;720;;https://lebuto.ru/upload/iblock/077/maryvj3awllm8y05eizkad8job71uku3/0f328f93_1b00_11ee_8130_000c29cc4602_ff7ef80a_ec16_11ee_8142_000c29cc4602.jpg;https://lebuto.ru/catalog/muzhskaya_odezhda_1/shorty/shorty_tnf_5184_chernyy/;Черный;;97% хлопок 3% полиэстер;Мужские шорты из плотного хлопка . Пояс на резинке, объем регулируется шнурком. Застежка на пуговицу и молнию. 5 карманов( три на кнопках, два без застежки).;Мужская одежда;Шорты
1221;Шорты джинсовые G.Star 201# синий;29;490;390;30.43;https://lebuto.ru/upload/iblock/e2e/e0e02d63_1380_11e7_8ba8_000c29cc4602_8c747bce_5a41_11e7_8967_000c29cc4602.jpeg;https://lebuto.ru/catalog/muzhskaya_odezhda_1/shorty/shorty_dzhinsovye_g_star_201_siniy/;Синий;;100% хлопок;;Мужская одежда;Шорты
1222;Шорты Т (синий);L;350;280;21.43;https://lebuto.ru/upload/iblock/898/722b8207_b7e2_11e3_9ffd_000c29cc46f8_9b21843b_0829_11e6_894d_000c29cc4602.jpeg;https://lebuto.ru/catalog/muzhskaya_odezhda_1/shorty/shorty_t_siniy/;Синий;;;;Мужская одежда;Шорты
1223;Шорты Т (синий) без шнурка;L;350;280;18.71;https://lebuto.ru/upload/iblock/c45/c45f421d663fec6be428b3a8881b4254.jpeg;https://lebuto.ru/catalog/muzhskaya_odezhda_1/shorty/shorty_t_siniy_bez_shnurka/;Синий;;;;Мужская одежда;Шорты
1224;Эспандер-лента Sport 11643 желтый;one size;100;80;13.33;https://lebuto.ru/upload/iblock/e60/acd55b63_59cf_11e9_badb_000c29cc4602_798593b5_5aa3_11e9_badb_000c29cc4602.jpeg;https://lebuto.ru/catalog/aksessuary_1/espander_lenta/espander_lenta_sport_11643_zheltyy/;желтый;;;;Аксессуары;Эспандер-лента
1225;Эспандер-лента Sport 11643 розовый;one size;100;80;33.9;https://lebuto.ru/upload/iblock/b4b/8fb8d7e4_59cf_11e9_badb_000c29cc4602_a9c5f7d3_5aa3_11e9_badb_000c29cc4602.jpeg;https://lebuto.ru/catalog/aksessuary_1/espander_lenta/espander_lenta_sport_11643_rozovyy/;розовый;;;;Аксессуары;Эспандер-лента
1226;Эспандер-лента Super Dancer 662338 черно-розовый;one size;100;80;13.33;https://lebuto.ru/upload/iblock/5fc/15f4136c_59d0_11e9_badb_000c29cc4602_148c165b_5a9a_11e9_badb_000c29cc4602.jpeg;https://lebuto.ru/catalog/aksessuary_1/espander_lenta/espander_lenta_super_dancer_662338_cherno_rozovyy/;розовый;;;;Аксессуары;Эспандер-лента
1227;Эспандер-лента Super Dancer 662338 черно-синий;one size;100;80;13.33;https://lebuto.ru/upload/iblock/b5e/eb7e0223_59cf_11e9_badb_000c29cc4602_fcbb378f_5a9a_11e9_badb_000c29cc4602.jpeg;https://lebuto.ru/catalog/aksessuary_1/espander_lenta/espander_lenta_super_dancer_662338_cherno_siniy/;Синий;;;;Аксессуары;Эспандер-лента
1228;Юбка Starivy 01366 хаки;S::M;400;320;31.58;https://lebuto.ru/upload/iblock/b36/f63f4ec1_f481_11e9_80de_000c29cc4602_ca2e9215_4bbc_11ea_80e2_000c29cc4602.jpeg;https://lebuto.ru/catalog/zhenskaya_odezhda_1/yubki/yubka_starivy_01366_khaki/;хаки;;Полиэстер;;Женская одежда;Юбки
1229;Юбка YIFASHION 663 черный экокожа;L;500;400;31.82;https://lebuto.ru/upload/iblock/153/390bb588_1538_11e8_b359_000c29cc4602_c3a06b34_5f56_11e9_a6d6_000c29cc4602.jpeg;https://lebuto.ru/catalog/zhenskaya_odezhda_1/yubki/yubka_yifashion_663_chernyy_ekokozha/;Черный;;;;Женская одежда;Юбки
1230;Юбка арт. 1005 синий клетка;36::42::30::32::46::50::48::34::38::40::44;200;150;23.авг;https://lebuto.ru/upload/iblock/e24/07c6821b_e0c3_11e3_91fe_000c29cc4602_e56a6941_88c2_11e8_9f15_000c29cc4602.jpeg;https://lebuto.ru/catalog/devochkam_1/shkolnaya_forma_1/yubka_art_1005_siniy_kletka/;мультиколор;;10% шерсть, 20% вискозный шелк, 70% полиэстер;;Девочкам;Школьная форма
1231;Юбка арт. 1009 серый;42::38::34::36::40::48;400;300;23.авг;https://lebuto.ru/upload/iblock/b44/j1wqnzvvivpipja3cmh9eabqjtc1d2xd/8825e95c_e0c3_11e3_91fe_000c29cc4602_5bb89beb_a1e2_11ed_812d_000c29cc4602.jpeg;https://lebuto.ru/catalog/devochkam_1/shkolnaya_forma_1/yubka_art_1009_seryy/;Серый;;10% шерсть, 20% вискозный шелк, 70% полиэстер;;Девочкам;Школьная форма
1232;Юбка арт. 1009 синий;32::36::34::42;650;500;23.авг;https://lebuto.ru/upload/iblock/41d/41d27e586fda4bba60f7ce051225fa89.jpeg;https://lebuto.ru/catalog/devochkam_1/shkolnaya_forma_1/yubka_art_1009_siniy/;Синий;;10% шерсть, 20% вискозный шелк, 70% полиэстер;;Девочкам;Школьная форма
1233;Юбка арт. 1009 черный;40::44::42::38;650;500;23.авг;https://lebuto.ru/upload/iblock/a6c/a6c7d8ff6a4e2ca8867e6382256b69fe.jpeg;https://lebuto.ru/catalog/devochkam_1/shkolnaya_forma_1/yubka_art_1009_chernyy/;Черный;;10% шерсть, 20% вискозный шелк, 70% полиэстер;;Девочкам;Школьная форма
1234;Юбка арт. 1016 серый;46::48::36::34::42::32::38::40;650;500;23.авг;https://lebuto.ru/upload/iblock/3a4/e064bd23_e0b1_11e3_91fe_000c29cc4602_4f1bf3f6_88c2_11e8_9f15_000c29cc4602.jpeg;https://lebuto.ru/catalog/devochkam_1/shkolnaya_forma_1/yubka_art_1016_seryy/;Серый;;10% шерсть, 20% вискозный шелк, 70% полиэстер;;Девочкам;Школьная форма
1235;Юбка арт. 1016 синий;36::34::38::44::48::46::32::40;650;500;23.авг;https://lebuto.ru/upload/iblock/ac5/63dccf0d_e600_11e3_91fe_000c29cc4602_52d6a922_9b4f_11eb_80ed_000c29cc4602.jpeg;https://lebuto.ru/catalog/devochkam_1/shkolnaya_forma_1/yubka_art_1016_siniy/;Синий;;10% шерсть, 20% вискозный шелк, 70% полиэстер;;Девочкам;Школьная форма
1236;Юбка арт. 1016 черный;42::32::46;650;500;23.авг;https://lebuto.ru/upload/iblock/fc9/13bfa3f7_e6df_11e3_91fe_000c29cc4602_4143b1e4_4bbe_11ea_80e2_000c29cc4602.jpeg;https://lebuto.ru/catalog/devochkam_1/shkolnaya_forma_1/yubka_art_1016_chernyy/;Черный;;Шерсть 10%, вискоза 20%, полиэстер 70%;;Девочкам;Школьная форма
1237;Юбка арт. 1030 серый;38::42::44::40::46::34::36::48;650;500;23.авг;https://lebuto.ru/upload/iblock/aec/4e8e53c1_e0b0_11e3_91fe_000c29cc4602_f726925f_4bbe_11ea_80e2_000c29cc4602.jpeg;https://lebuto.ru/catalog/devochkam_1/shkolnaya_forma_1/yubka_art_1030_seryy/;Серый;;10% Шерсть, 20% вискоза, 70% полиэстер ;;Девочкам;Школьная форма
1238;Юбка арт. 1030 синий;48::46::42::40::34;650;500;23.авг;https://lebuto.ru/upload/iblock/7a4/b5f7e189_e605_11e3_91fe_000c29cc4602_a3dfc674_4bbd_11ea_80e2_000c29cc4602.jpeg;https://lebuto.ru/catalog/devochkam_1/shkolnaya_forma_1/yubka_art_1030_siniy/;Синий;;Шерсть 10%, вискоза 20%, полиэстер 70%;;Девочкам;Школьная форма
1239;Юбка арт. 1030 черный;34::44::36::42::38;650;500;23.авг;https://lebuto.ru/upload/iblock/ced/8bec1c32_e6d6_11e3_91fe_000c29cc4602_c39bffbc_4bbe_11ea_80e2_000c29cc4602.jpeg;https://lebuto.ru/catalog/devochkam_1/shkolnaya_forma_1/yubka_art_1030_chernyy/;Черный;;10% Шерсть, 20% вискоза, 70% полиэстер ;;Девочкам;Школьная форма
1240;Юбка Б/Н 101 серый;one size;1010;878;13.июль;https://lebuto.ru/upload/iblock/32a/3a705f87_8846_11ea_80e5_000c29cc4602_2c6d23bc_9fe5_11ea_80e8_000c29cc4602.jpeg;https://lebuto.ru/catalog/zhenskaya_odezhda_1/yubki/yubka_b_n_101_seryy/;Серый;;;;Женская одежда;Юбки
1241;Юбка Б/Н 101 черный;one size;1010;878;13.июль;https://lebuto.ru/upload/iblock/41d/22e5dfab_8846_11ea_80e5_000c29cc4602_34552e60_9fe5_11ea_80e8_000c29cc4602.jpeg;https://lebuto.ru/catalog/zhenskaya_odezhda_1/yubki/yubka_b_n_101_chernyy/;Черный;;;;Женская одежда;Юбки
1242;Юбка Б/Н 55221 св.серый;one size;900;780;13.33;https://lebuto.ru/upload/iblock/b76/5b4f13dc_eb34_11e9_80dd_000c29cc4602_9143450a_4bbc_11ea_80e2_000c29cc4602.jpeg;https://lebuto.ru/catalog/zhenskaya_odezhda_1/yubki/yubka_b_n_55221_sv_seryy/;св.серый;;Акрил;;Женская одежда;Юбки
1243;Юбка детск.TIGA 80298 сер/роз.;15::11::13::7::9;200;150;20.апр;https://lebuto.ru/upload/iblock/df2/df22a6dfeac8fee40e45403394639932.jpeg;https://lebuto.ru/catalog/devochkam_1/yubki_1/yubka_detsk_tiga_80298_ser_roz/;Серый;;Хлопок 95%, Спандекс 5%;;Девочкам;Юбки
1244;Юбка детск.TIGA GS9823 сер.;11::13::7::9;200;150;20.апр;https://lebuto.ru/upload/iblock/8f1/8f16f5892219ea1f113573051d1fc8c2.jpeg;https://lebuto.ru/catalog/devochkam_1/yubki_1/yubka_detsk_tiga_gs9823_ser/;Серый;;Хлопок 65%, Полиэстер 35%;;Девочкам;Юбки
1245;Юбка детск.TIGA GS9826 сер.;11::13::15::7::9;200;150;20.апр;https://lebuto.ru/upload/iblock/2e4/2e4a1fb51c732c393b606c0e282fc91e.jpeg;https://lebuto.ru/catalog/devochkam_1/yubki_1/yubka_detsk_tiga_gs9826_ser/;Серый;;Хлопок 65%, Полиэстер 35%;;Девочкам;Юбки
1246;Юбка детск.TIGA GS9828 сер.;11::13::15::7::9;200;150;20.апр;https://lebuto.ru/upload/iblock/a27/a27cc18bf55e441fefeda6f1ce546be1.jpeg;https://lebuto.ru/catalog/devochkam_1/yubki_1/yubka_detsk_tiga_gs9828_ser/;Серый;;Хлопок 65%, Полиэстер 35%;;Девочкам;Юбки
1247;Юбка джинсовая удлинен. Candy 802 голубой;M;400;320;13.15;https://lebuto.ru/upload/iblock/9f7/45f31385_70a2_11e9_80d3_000c29cc4602_fcb5bf08_761e_11e9_80d3_000c29cc4602.jpeg;https://lebuto.ru/catalog/zhenskaya_odezhda_1/yubki/yubka_dzhinsovaya_udlinen_candy_802_goluboy/;голубой;;;;Женская одежда;Юбки
1248;Юбка джинсовая удлинен. Candy 802-1 голубой;S::M::L;400;320;13.15;https://lebuto.ru/upload/iblock/e26/a567e678_70a2_11e9_80d3_000c29cc4602_08d763e9_761f_11e9_80d3_000c29cc4602.jpeg;https://lebuto.ru/catalog/zhenskaya_odezhda_1/yubki/yubka_dzhinsovaya_udlinen_candy_802_1_goluboy/;голубой;;;;Женская одежда;Юбки